row_number	crash_date	crash_report_id	crash_time	collision_type	count_pedestrian	count_bicycle	scooter	wheel_chair	number_of_vehicles	street_or_highway	nearest_intersection	report_date	type_of_roadway	road_surface_condition	light_condition	weather_condition	manner_of_impact	hit_and_run	traffic_control	person_count	injury_count	most_serious_injury	number_of_lanes	lat_raw	lon_raw	has_st_number	is_intersection_null	address_sent_to_geocoder	is_address_blank	lon_api_first_try	lat_api_first_try	type	loctype	address_returned_by_geocoder	address_returned_by_autocomplete	place_ids_autocompleted	lat_api_second_try	lon_api_second_try	lat_api_best	lon_api_best	api_coord_conf	distance_btwn_coords_meters	best_coordinate_set
255	2022-06-22	877418	12:49:00	Pedestrian	1	NA	FALSE	FALSE	1	81 WASHINGTON ST	CLEMENCE ST	2022-06-22	Two-Way , Not Divided	Dry	Daylight	Clear	Not a Collision Between Two Motor Vehicles in Transport	Yes, M/V and Driver Left Scene	Pavement Markings	1	1	Complains Of Pain	NA	41.82346	-71.4142	TRUE	FALSE	81 Washington Street, Providence, RI, USA	FALSE	-71.4141969	41.8236656	street_address	rooftop	81 washington st, providence, ri 02903, usa	NA	NA	NA	NA	41.8236656	-71.4141969	High	22.888732000505577	NA
256	2022-06-20	877362	16:42:00	Bicycle	NA	1	FALSE	FALSE	1	NORTH MAIN ST	EVERGREEN ST	2022-06-20	Two-Way , Not Divided	Dry	Daylight	Clear	Not a Collision Between Two Motor Vehicles in Transport	No	Pavement Markings	2	1	Non-Incapacitating	NA	41.84488	-71.40615	FALSE	FALSE	North Main Street and Evergreen Street, Providence, RI, USA	FALSE	-71.4027343	41.8448794	route	geometric_center	evergreen st, providence, ri, usa	North Main Street & Evergreen Street, Providence, RI, USA	EjlOb3J0aCBNYWluIFN0cmVldCAmIEV2ZXJncmVlbiBTdHJlZXQsIFByb3ZpZGVuY2UsIFJJLCBVU0EiZiJkChQKEgm7-2KA3UTkiRGGpVWSwcnYIBIUChIJu_tigN1E5IkRhqVVksHJ2CAaFAoSCfn6QT3eROSJEV_Xrb4NXCM_GhQKEglJ0az43ETkiRHnr0rNpn5bmyIKDfEG8RgVh0lw1Q	41.8449137	-71.4061433	41.8449137	-71.4061433	Med	3.7923888501314287	NA
257	2022-06-20	877364	18:01:00	Bicycle	NA	1	TRUE	FALSE	1	HOPE ST	WILLIAMS ST	2022-06-20	Two-Way, Divided, Unprotected (painted>4feet) Medium	Dry	Daylight	Clear	Not a Collision Between Two Motor Vehicles in Transport	No	Stop Signs	3	1	Complains Of Pain	NA	41.82254	-71.39682	FALSE	FALSE	Hope Street and Williams Street, Providence, RI, USA	FALSE	-71.39680059999999	41.8225892	intersection	geometric_center	hope st & williams st, providence, ri 02906, usa	NA	NA	NA	NA	41.8225892	-71.39680059999999	Med High	5.70847490761755	NA
258	2022-06-14	877136	08:43:00	Pedestrian	1	NA	FALSE	FALSE	1	CHALKSTONE AVENUE	ACADEMY AVENUE	2022-06-14	Two-Way , Not Divided	Dry	Daylight	Clear	Not a Collision Between Two Motor Vehicles in Transport	No	Traffic Control Signal	2	0	No Injury	NA	41.82422	-71.43364	FALSE	FALSE	Chalkstone Avenue and Academy Avenue, Providence, RI, USA	FALSE	-71.44452489999999	41.8324538	intersection	geometric_center	academy ave & chalkstone ave, providence, ri 02908, usa	NA	NA	NA	NA	41.8324538	-71.44452489999999	Med High	1286.60112737044	Geocoded
259	2022-06-14	877137	11:30:00	Pedestrian	1	NA	FALSE	FALSE	1	PLAIN ST	BLACKSTONE ST	2022-06-14	Unknown	Dry	Daylight	Clear	Not a Collision Between Two Motor Vehicles in Transport	No	No Controls	3	1	Non-Incapacitating	NA	41.80942	-71.41091	FALSE	FALSE	Plain Street and Blackstone Street, Providence, RI, USA	FALSE	-71.4109722	41.80957720000001	intersection	geometric_center	plain st & blackstone st, providence, ri 02905, usa	NA	NA	NA	NA	41.80957720000001	-71.4109722	Med High	18.244599035115392	NA
260	2022-06-14	877144	15:34:00	Pedestrian	1	NA	FALSE	FALSE	1	HANNAH ST	ATWELLS AVE	2022-06-14	Unknown	Dry	Daylight	Clear	Other	Yes, M/V and Driver Left Scene	No Controls	1	1	Complains Of Pain	NA	41.82506	-71.44863	FALSE	FALSE	Hannah Street and Atwells Ave, Providence, RI, USA	FALSE	-71.4486537	41.8250697	intersection	geometric_center	hannah st & atwells ave, providence, ri 02909, usa	NA	NA	NA	NA	41.8250697	-71.4486537	Med High	2.243015345925632	NA
261	2022-06-13	877114	19:35:00	Bicycle	NA	1	FALSE	FALSE	1	NORTH AVE	BLACKSTONE BLVD	2022-06-13	One-Way Trafficway	Dry	Daylight	Clear	Not a Collision Between Two Motor Vehicles in Transport	No	No Controls	4	1	Non-Incapacitating	NA	41.85415	-71.39026	FALSE	FALSE	North Ave and Blackstone Blvd, Providence, RI, USA	FALSE	-71.3902317	41.8541661	intersection	geometric_center	north ave & blackstone blvd, providence, ri 02906, usa	NA	NA	NA	NA	41.8541661	-71.3902317	Med High	2.952674285320075	NA
262	2022-06-12	877060	09:48:00	Pedestrian	1	NA	FALSE	FALSE	1	981 BROAD ST	SUMTER ST	2022-06-12	Two-Way , Not Divided	Dry	Daylight	Clear	Not a Collision Between Two Motor Vehicles in Transport	No	No Controls	2	1	Complains Of Pain	NA	41.79776	-71.41414	TRUE	FALSE	981 Broad Street, Providence, RI, USA	FALSE	-71.4144826	41.7978325	premise	rooftop	981 broad st, providence, ri 02905, usa	NA	NA	NA	NA	41.7978325	-71.4144826	High	29.55525897275452	NA
263	2022-06-12	877069	16:32:00	Bicycle	NA	1	FALSE	FALSE	1	MURRAY ST	SIBYL ST	2022-06-12	Two-Way , Not Divided	Dry	Daylight	Clear	Not a Collision Between Two Motor Vehicles in Transport	No	No Controls	2	1	Complains Of Pain	NA	41.80873	-71.45947	FALSE	FALSE	Murray Street and Sibyl Street, Providence, RI, USA	FALSE	-71.459465	41.808735	intersection	geometric_center	murray st & sibyl st, providence, ri 02909, usa	NA	NA	NA	NA	41.808735	-71.459465	Med High	0.6942051164607067	NA
264	2022-06-11	877034	12:55:00	Bicycle	NA	1	FALSE	FALSE	1	POINT ST	PRAIRIE AVE	2022-06-11	One-Way Trafficway	Dry	Daylight	Clear	Not a Collision Between Two Motor Vehicles in Transport	Yes, M/V and Driver Left Scene	No Controls	1	1	Complains Of Pain	NA	41.81457	-71.41507	FALSE	FALSE	Point Street and Prairie Ave, Providence, RI, USA	FALSE	-71.415311	41.8145184	intersection	geometric_center	point st & prairie ave, providence, ri 02903, usa	NA	NA	NA	NA	41.8145184	-71.415311	Med High	20.803799555404925	NA
265	2022-06-10	876982	06:38:00	Pedestrian	1	NA	FALSE	FALSE	1	Broad	Oxford	2022-06-10	Two-Way , Not Divided	Dry	Dawn	Clear	Not a Collision Between Two Motor Vehicles in Transport	No	No Controls	3	0	No Injury	NA	NA	NA	FALSE	FALSE	Broad and Oxford, Providence, RI, USA	FALSE	-71.4098094	41.8023702	route	geometric_center	oxford st, providence, ri 02905, usa	Broad Street & Oxford Street, Providence, RI, USA	EjFCcm9hZCBTdHJlZXQgJiBPeGZvcmQgU3RyZWV0LCBQcm92aWRlbmNlLCBSSSwgVVNBImYiZAoUChIJh-FuDohP5IkRI2IsCmv-T0ESFAoSCYfhbg6IT-SJESNiLApr_k9BGhQKEgmD3n3VjE_kiREsosqTmEsIoxoUChIJGaMJqWFF5IkRUr1E8WrWZNciCg0WPuoYFfqPbtU	41.8004502	-71.417447	41.8004502	-71.417447	Med	NA	NA
266	2022-06-10	876998	15:38:00	Bicycle	NA	1	FALSE	FALSE	1	Smith and Canal St	SMITH ST	2022-06-10	Two-Way , Not Divided	Dry	Daylight	Clear	Angle (Front - to - Side) Opposite Direction	No	No Controls	2	1	Non-Incapacitating	NA	41.83108	-71.4113	FALSE	FALSE	Smith And Canal Street and Smith Street, Providence, RI, USA	FALSE	-71.4433053	41.8418141	route	geometric_center	smith st, providence, ri, usa	Canal Street & Smith Street, Providence, RI, USA	EjBDYW5hbCBTdHJlZXQgJiBTbWl0aCBTdHJlZXQsIFByb3ZpZGVuY2UsIFJJLCBVU0EiZiJkChQKEgmNIDqdGUXkiRF9HyMoQizAgRIUChIJjSA6nRlF5IkRfR8jKEIswIEaFAoSCcvUmNAZReSJEftrQiUQSQCyGhQKEgm1rnBMS0TkiREhtaMwuIyrhCIKDcn37hgV7n5v1Q	41.8314185	-71.41132979999999	41.8314185	-71.41132979999999	Med	37.76263031953314	NA
267	2022-06-09	876943	12:37:00	Pedestrian	1	NA	TRUE	FALSE	1	BROAD ST	VERNDALE ST	2022-06-09	Two-Way , Not Divided	Dry	Daylight	Clear	Not a Collision Between Two Motor Vehicles in Transport	No	No Controls	4	1	Complains Of Pain	NA	41.79158	-71.40644	FALSE	FALSE	Broad Street and Verndale Street, Providence, RI, USA	FALSE	-71.4094732	41.7897944	route	geometric_center	verndale ave, providence, ri 02905, usa	NA	NA	NA	NA	41.7897944	-71.4094732	Med	320.76201749837276	Raw
268	2022-06-09	876950	14:04:00	Pedestrian	1	NA	FALSE	FALSE	1	387 CHARLES ST	SILVER SPRING ST	2022-06-09	Two-Way , Not Divided	Dry	Daylight	Clear	Not a Collision Between Two Motor Vehicles in Transport	No	No Controls	2	1	Complains Of Pain	NA	41.84371	-71.41835	TRUE	FALSE	387 Charles Street, Providence, RI, USA	FALSE	-71.417562	41.843616	street_address	rooftop	387 charles st, providence, ri 02904, usa	NA	NA	NA	NA	41.843616	-71.417562	High	66.18088308445493	NA
269	2022-06-09	876994	18:14:00	Other	NA	1	TRUE	FALSE	1	CAMP ST	DOYLE AVE	2022-06-10	Two-Way , Not Divided	Dry	Daylight	Clear	Unknown	No	Stop Signs	2	1	Complains Of Pain	NA	41.83879	-71.4042	FALSE	FALSE	Camp Street and Doyle Ave, Providence, RI, USA	FALSE	-71.4041847	41.838804	intersection	geometric_center	camp st & doyle ave, providence, ri 02906, usa	NA	NA	NA	NA	41.838804	-71.4041847	Med High	2.009723335035419	NA
270	2022-06-08	876918	18:56:00	Bicycle	NA	1	FALSE	FALSE	1	286 INDIANA AVE	VIRGINIA AVE	2022-06-08	Two-Way , Not Divided	Dry	Dark - Lighted	Clear	Not a Collision Between Two Motor Vehicles in Transport	No	No Controls	3	1	Complains Of Pain	NA	41.7896	-71.401	TRUE	FALSE	286 Indiana Ave, Providence, RI, USA	FALSE	-71.4016714	41.7893266	premise	rooftop	286 indiana ave, providence, ri 02905, usa	NA	NA	NA	NA	41.7893266	-71.4016714	High	63.49533276208721	NA
271	2022-06-08	876924	18:26:00	Bicycle	NA	1	FALSE	FALSE	1	NEBRASKA ST	EDDY ST	2022-06-08	Two-Way , Not Divided	Dry	Dusk	Clear	Not a Collision Between Two Motor Vehicles in Transport	No	No Controls	2	0	No Injury	NA	41.79829	-71.40538	FALSE	FALSE	Nebraska Street and Eddy Street, Providence, RI, USA	FALSE	-71.40536999999999	41.7982916	intersection	geometric_center	eddy st & nebraska st, providence, ri 02905, usa	NA	NA	NA	NA	41.7982916	-71.40536999999999	Med High	0.8487803580678536	NA
272	2022-06-07	876875	07:50:00	Bicycle	NA	1	FALSE	FALSE	1	CRANSTON ST	LINWOOD AVE	2022-06-07	Two-Way , Not Divided	Dry	Daylight	Clear	Not a Collision Between Two Motor Vehicles in Transport	No	Traffic Control Signal	4	1	Complains Of Pain	NA	41.80701	-71.43571	FALSE	FALSE	Cranston Street and Linwood Ave, Providence, RI, USA	FALSE	-71.4356998	41.8070369	intersection	geometric_center	cranston st & linwood ave, providence, ri 02909, usa	NA	NA	NA	NA	41.8070369	-71.4356998	Med High	3.1118047836356544	NA
273	2022-06-06	876868	14:58:00	Other	NA	NA	TRUE	FALSE	2	GREENWICH ST	ELMWOOD AVENUE	2022-06-06	Two-Way , Not Divided	Dry	Daylight	Clear	Angle (Front - to - Side) Opposite Direction	Yes, M/V and Driver Left Scene	Traffic Control Signal	1	0	No Injury	NA	41.80237	-71.42608	FALSE	FALSE	Greenwich Street and Elmwood Avenue, Providence, RI, USA	FALSE	-71.42607319999999	41.8023814	intersection	geometric_center	greenwich st & elmwood ave, providence, ri 02907, usa	NA	NA	NA	NA	41.8023814	-71.42607319999999	Med High	1.3888428480300639	NA
274	2022-06-03	875762	09:09:00	Pedestrian	1	NA	FALSE	FALSE	1	736 BRANCH AVENUE	NA	2022-06-03	Two-Way , Not Divided	Dry	Daylight	Cloudy	Other	No	No Controls	7	1	Complains Of Pain	NA	41.83582	-71.41572	TRUE	TRUE	736 Branch Avenue, Providence, RI, USA	FALSE	-71.4285913	41.85327059999999	premise	rooftop	736 branch ave, providence, ri 02904, usa	NA	NA	NA	NA	41.85327059999999	-71.4285913	High	2216.5277701800483	Geocoded
275	2022-06-02	875741	16:32:00	Pedestrian	1	NA	FALSE	FALSE	1	BROAD ST	THURBERS AVE	2022-06-02	Two-Way , Not Divided	Dry	Daylight	Clear	Not a Collision Between Two Motor Vehicles in Transport	No	Traffic Control Signal	3	1	Complains Of Pain	NA	41.79811	-71.41457	FALSE	FALSE	Broad Street and Thurbers Ave, Providence, RI, USA	FALSE	-71.4072534	41.7996465	route	geometric_center	thurbers ave, providence, ri 02905, usa	Broad Street & Thurbers Ave, Providence, RI, USA	EjBCcm9hZCBTdHJlZXQgJiBUaHVyYmVycyBBdmUsIFByb3ZpZGVuY2UsIFJJLCBVU0EiZiJkChQKEgnVbsoGiU_kiRFIi3UXtPpeWRIUChIJ1W7KBolP5IkRSIt1F7T6XlkaFAoSCYPefdWMT-SJESyiypOYSwijGhQKEgkroyggYEXkiRGzStN47BclxSIKDUjm6RgVr_xu1Q	41.7982024	-71.4146641	41.7982024	-71.4146641	Med	12.914484150988812	NA
276	2022-05-31	875655	09:18:00	Bicycle	NA	1	FALSE	FALSE	1	DOUGLAS AVE/RIVER AVE	DOUGLAS AVE	2022-05-31	Two-Way , Not Divided	Dry	Daylight	Clear	Rear End(Front-to-Rear)	No	No Controls	2	1	Complains Of Pain	NA	41.85275	-71.43714	FALSE	FALSE	Douglas Ave/River Ave and Douglas Ave, Providence, RI, USA	FALSE	-71.438829	41.85386	establishment	geometric_center	douglas ns seamans, providence, ri, usa	River Ave & Douglas Ave, Providence, RI, USA	EixSaXZlciBBdmUgJiBEb3VnbGFzIEF2ZSwgUHJvdmlkZW5jZSwgUkksIFVTQSJmImQKFAoSCY3uUApaROSJEWnaLVhdVdhQEhQKEgmN7lAKWkTkiRFp2i1YXVXYUBoUChIJj3GC66pF5IkR9y-1EWW4axsaFAoSCQf0aAlQROSJES7TmsGM2dutIgoNrznyGBVdjmvV	41.8527663	-71.4371491	41.8527663	-71.4371491	Med	1.9651424497266603	NA
277	2022-05-27	875552	14:55:00	Bicycle	NA	1	TRUE	FALSE	1	BENEFIT ST	ANGELL ST	2022-05-27	Two-Way , Not Divided	Dry	Daylight	Clear	Not a Collision Between Two Motor Vehicles in Transport	No	Traffic Control Signal	3	1	Non-Incapacitating	NA	41.82751	-71.40765	FALSE	FALSE	Benefit Street and Angell Street, Providence, RI, USA	FALSE	-71.40765809999999	41.827518	intersection	geometric_center	benefit st & angell st, providence, ri 02903, usa	NA	NA	NA	NA	41.827518	-71.40765809999999	Med High	1.1155880780994005	NA
278	2022-05-26	875531	20:45:00	Bicycle	NA	1	FALSE	FALSE	1	PUBLIC ST	BROAD ST	2022-05-26	Two-Way, Divided, Unprotected (painted>4feet) Medium	Dry	Dark - Lighted	Clear	Angle (Front - to - Side) Same Direction	Yes, Driver Left Scene	Traffic Control Signal	1	1	Complains Of Pain	NA	41.80441	-71.41937	FALSE	FALSE	Public Street and Broad Street, Providence, RI, USA	FALSE	-71.41935959999999	41.804449	intersection	geometric_center	public st & broad st, providence, ri 02907, usa	NA	NA	NA	NA	41.804449	-71.41935959999999	Med High	4.426402177424916	NA
279	2022-05-25	875494	17:43:00	Bicycle	1	NA	FALSE	FALSE	1	BROADWAY	VINTON ST	2022-05-25	Two-Way , Not Divided	Dry	Daylight	Clear	Not a Collision Between Two Motor Vehicles in Transport	Yes, M/V and Driver Left Scene	Pavement Markings	1	1	Complains Of Pain	NA	41.82009	-71.4281	FALSE	FALSE	Broadway and Vinton Street, Providence, RI, USA	FALSE	-71.4285663	41.8207514	route	geometric_center	vinton st, providence, ri, usa	Broadway & Vinton Street, Providence, RI, USA	Ei1Ccm9hZHdheSAmIFZpbnRvbiBTdHJlZXQsIFByb3ZpZGVuY2UsIFJJLCBVU0EiZiJkChQKEglF5rYLdUXkiRHipmasZ-JhnRIUChIJRea2C3VF5IkR4qZmrGfiYZ0aFAoSCaW15YZ1ReSJERrCM7HXpG-zGhQKEgnN2QdAdUXkiRHzHzv0hMO0lyIKDVg97RgVUexs1Q	41.820092	-71.4281903	41.820092	-71.4281903	Med	7.494594365271328	NA
280	2022-05-22	875423	20:43:00	Other	NA	1	FALSE	FALSE	1	VALLEY ST	HEMLOCK ST	2022-05-22	Two-Way , Not Divided	Dry	Dark - Lighted	Clear	Not a Collision Between Two Motor Vehicles in Transport	Yes, M/V and Driver Left Scene	No Controls	1	1	Non-Incapacitating	NA	41.82994	-71.43162	FALSE	FALSE	Valley Street and Hemlock Street, Providence, RI, USA	FALSE	-71.4304933	41.8304583	intersection	geometric_center	valley st & hemlock st, providence, ri 02908, usa	NA	NA	NA	NA	41.8304583	-71.4304933	Med High	109.83170721522845	Raw
281	2022-05-21	875346	06:30:00	Pedestrian	1	NA	FALSE	FALSE	1	CHAD BROWN ST	RUGGLES ST	2022-05-21	Two-Way , Not Divided	Wet	Daylight	Clear	Not a Collision Between Two Motor Vehicles in Transport	Yes, Driver Left Scene	No Controls	4	1	Incapacitating	NA	41.83874	-71.42738	FALSE	FALSE	Chad Brown Street and Ruggles Street, Providence, RI, USA	FALSE	-71.42805109999999	41.8386096	intersection	geometric_center	chad brown st & ruggles st, providence, ri 02908, usa	NA	NA	NA	NA	41.8386096	-71.42805109999999	Med High	57.52009122714883	NA
282	2022-05-20	875325	20:18:00	Bicycle	NA	1	FALSE	FALSE	1	DEAN ST	FEDERAL ST	2022-05-20	Two-Way , Not Divided	Dry	Dark - Lighted	Cloudy	Sideswipe, Same Direction	No	Stop Signs	5	0	No Injury	NA	41.82228	-71.42327	FALSE	FALSE	Dean Street and Federal Street, Providence, RI, USA	FALSE	-71.42327159999999	41.8222988	intersection	geometric_center	dean st & federal st, providence, ri 02903, usa	NA	NA	NA	NA	41.8222988	-71.42327159999999	Med High	2.0970112943705495	NA
283	2022-05-18	875244	16:55:00	Pedestrian	1	NA	FALSE	FALSE	1	BELLEVUE AVE	CRANSTON ST	2022-05-18	Two-Way , Not Divided	Dry	Daylight	Clear	Not a Collision Between Two Motor Vehicles in Transport	Yes, M/V and Driver Left Scene	Stop Signs	2	1	Complains Of Pain	NA	41.80886	-71.43392	FALSE	FALSE	Bellevue Ave and Cranston Street, Providence, RI, USA	FALSE	-71.43405899999999	41.8089239	intersection	geometric_center	cranston st & bellevue ave, providence, ri 02907, usa	NA	NA	NA	NA	41.8089239	-71.43405899999999	Med High	13.550639427744303	NA
284	2022-05-16	875172	14:53:00	Other	NA	NA	TRUE	FALSE	1	CRANSTON ST	BENEDICT ST	2022-05-16	Two-Way , Not Divided	Dry	Daylight	Clear	Not a Collision Between Two Motor Vehicles in Transport	No	No Controls	2	0	No Injury	NA	41.80537	-71.43736	FALSE	FALSE	Cranston Street and Benedict Street, Providence, RI, USA	FALSE	-71.43728569999999	41.805444	intersection	geometric_center	cranston st & benedict st, providence, ri 02907, usa	NA	NA	NA	NA	41.805444	-71.43728569999999	Med High	10.289323122382127	NA
285	2022-05-14	875098	12:27:00	Pedestrian	1	NA	FALSE	FALSE	1	ELMWOOD AVE	ADELAIDE AVE	2022-05-14	Two-Way , Not Divided	Dry	Daylight	Clear	Not a Collision Between Two Motor Vehicles in Transport	No	No Controls	3	1	Non-Incapacitating	NA	41.79564	-71.42486	FALSE	FALSE	Elmwood Ave and Adelaide Ave, Providence, RI, USA	FALSE	-71.42499500000001	41.79588700000001	intersection	geometric_center	adelaide ave & elmwood ave, providence, ri 02907, usa	NA	NA	NA	NA	41.79588700000001	-71.42499500000001	Med High	29.690934544261037	NA
286	2022-05-13	875057	15:17:00	Bicycle	NA	1	FALSE	FALSE	1	294 ADMIRAL ST	NEWCOMB ST	2022-05-13	Two-Way , Not Divided	Dry	Daylight	Clear	Not a Collision Between Two Motor Vehicles in Transport	No	No Controls	2	1	Complains Of Pain	NA	41.84541	-71.42622	TRUE	FALSE	294 Admiral Street, Providence, RI, USA	FALSE	-71.4259246	41.8451967	premise	rooftop	294 admiral st, providence, ri 02908, usa	NA	NA	NA	NA	41.8451967	-71.4259246	High	34.115810184515716	NA
287	2022-05-12	874956	11:49:00	Pedestrian	1	NA	FALSE	FALSE	1	BRANCH AVE	OLMSTEAD WAY	2022-05-12	Unknown	Dry	Daylight	Clear	Not a Collision Between Two Motor Vehicles in Transport	Yes, M/V and Driver Left Scene	No Controls	1	1	Complains Of Pain	NA	41.85383	-71.42946	FALSE	FALSE	Branch Ave and Olmstead Way, Providence, RI, USA	FALSE	-71.4300706	41.8540109	intersection	geometric_center	branch ave & olmsted way, providence, ri 02904, usa	NA	NA	NA	NA	41.8540109	-71.4300706	Med High	54.4865280703657	NA
288	2022-05-12	875000	17:18:00	Bicycle	NA	1	FALSE	FALSE	1	IRVING AVE	BLACKSTONE BLVD	2022-05-12	One-Way Trafficway	Dry	Daylight	Clear	Not a Collision Between Two Motor Vehicles in Transport	No	No Controls	2	1	Complains Of Pain	NA	41.83422	-71.38371	FALSE	FALSE	Irving Ave and Blackstone Blvd, Providence, RI, USA	FALSE	-71.3837393	41.8342209	intersection	geometric_center	irving ave & blackstone blvd, providence, ri 02906, usa	NA	NA	NA	NA	41.8342209	-71.3837393	Med High	2.4322554762932476	NA
289	2022-05-12	875046	20:00:00	Pedestrian	1	NA	FALSE	FALSE	1	ALDRICH ST	BROAD ST	2022-05-13	Two-Way , Not Divided	Dry	Dark - Lighted	Clear	Other	Yes, M/V and Driver Left Scene	No Controls	1	1	Complains Of Pain	NA	41.79368	-71.40884	FALSE	FALSE	Aldrich Street and Broad Street, Providence, RI, USA	FALSE	-71.4089741	41.793628	intersection	geometric_center	aldrich st & broad st, providence, ri 02905, usa	NA	NA	NA	NA	41.793628	-71.4089741	Med High	12.544894965154914	NA
290	2022-05-10	874900	08:56:00	Pedestrian	1	NA	FALSE	FALSE	1	WESTMINSTER ST	COLLEGE ST	2022-05-10	One-Way Trafficway	Dry	Daylight	Clear	Other	No	Traffic Control Signal	2	1	Complains Of Pain	NA	41.82528	-71.409	FALSE	FALSE	Westminster Street and College Street, Providence, RI, USA	FALSE	-71.4088081	41.8253077	intersection	geometric_center	westminster st & college st, providence, ri 02903, usa	NA	NA	NA	NA	41.8253077	-71.4088081	Med High	16.21462834568714	NA
291	2022-05-09	874883	17:33:00	Bicycle	NA	1	FALSE	FALSE	1	BROADWAY	RINGGOLD ST	2022-05-09	Two-Way , Not Divided	Dry	Daylight	Clear	Not a Collision Between Two Motor Vehicles in Transport	No	Pavement Markings	2	1	Complains Of Pain	NA	41.82121	-71.42335	FALSE	FALSE	Broadway and Ringgold Street, Providence, RI, USA	FALSE	-71.4233535	41.8212225	route	geometric_center	ringgold st, providence, ri 02903, usa	Broadway & Ringgold Street, Providence, RI, USA	Ei9Ccm9hZHdheSAmIFJpbmdnb2xkIFN0cmVldCwgUHJvdmlkZW5jZSwgUkksIFVTQSJmImQKFAoSCQHFIVJzReSJEZc0Z-2f-JoPEhQKEgkBxSFSc0XkiRGXNGftn_iaDxoUChIJpbXlhnVF5IkRGsIzsdekb7MaFAoSCa1x6FFzReSJEfxS86mAer7HIgoNgWntGBVBqW3V	41.8212225	-71.42335349999999	41.8212225	-71.42335349999999	Med	1.4214642002668922	NA
292	2022-05-08	874859	20:33:00	Bicycle	NA	1	FALSE	FALSE	1	LONGFELLOW ST	ELMWOOD AVE	2022-05-08	Two-Way, Divided, Positive Median Barrier	Dry	Dark - Lighted	Cloudy	Angle (Front - to - Side) Opposite Direction	No	Stop Signs	2	1	Complains Of Pain	NA	41.79078	-71.42225	FALSE	FALSE	Longfellow Street and Elmwood Ave, Providence, RI, USA	FALSE	-71.4221645	41.7908152	intersection	geometric_center	longfellow st & elmwood ave, providence, ri 02907, usa	NA	NA	NA	NA	41.7908152	-71.4221645	Med High	8.106294688980544	NA
293	2022-05-08	874862	23:56:00	Pedestrian	1	NA	FALSE	FALSE	1	BROAD STREET	THURBERS AVE	2022-05-09	Two-Way , Not Divided	Dry	Dark - Lighted	Clear	Not a Collision Between Two Motor Vehicles in Transport	No	No Controls	6	1	Complains Of Pain	NA	41.79806	-71.4145	FALSE	FALSE	Broad Street and Thurbers Ave, Providence, RI, USA	FALSE	-71.4072534	41.7996465	route	geometric_center	thurbers ave, providence, ri 02905, usa	Broad Street & Thurbers Ave, Providence, RI, USA	EjBCcm9hZCBTdHJlZXQgJiBUaHVyYmVycyBBdmUsIFByb3ZpZGVuY2UsIFJJLCBVU0EiZiJkChQKEgnVbsoGiU_kiRFIi3UXtPpeWRIUChIJ1W7KBolP5IkRSIt1F7T6XlkaFAoSCYPefdWMT-SJESyiypOYSwijGhQKEgkroyggYEXkiRGzStN47BclxSIKDUjm6RgVr_xu1Q	41.7982024	-71.4146641	41.7982024	-71.4146641	Med	20.898407609635516	NA
294	2022-05-02	874644	07:48:00	Pedestrian	1	NA	FALSE	FALSE	1	354 MANTON AVE	OWEN ST	2022-05-02	Two-Way , Not Divided	Dry	Daylight	Clear	Not a Collision Between Two Motor Vehicles in Transport	No	No Controls	5	1	Complains Of Pain	NA	41.82398	-71.45197	TRUE	FALSE	354 Manton Ave, Providence, RI, USA	FALSE	-71.4519884	41.8238204	street_address	rooftop	354 manton ave, providence, ri 02909, usa	NA	NA	NA	NA	41.8238204	-71.4519884	High	17.83203747520118	NA
295	2022-05-01	874626	19:09:00	Bicycle	NA	1	FALSE	FALSE	1	NELSON ST	Smith St	2022-05-01	Two-Way, Divided, Unprotected (painted>4feet) Medium	Dry	Dusk	Clear	Not a Collision Between Two Motor Vehicles in Transport	Yes, M/V and Driver Left Scene	Stop Signs	1	1	Complains Of Pain	NA	41.8423	-71.44422	FALSE	FALSE	Nelson Street and Smith Street, Providence, RI, USA	FALSE	-71.4442116	41.8422004	intersection	geometric_center	smith st & nelson st, providence, ri 02908, usa	NA	NA	NA	NA	41.8422004	-71.4442116	Med High	11.109284129283177	NA
296	2022-05-01	874633	21:59:00	Pedestrian	2	NA	FALSE	FALSE	1	Manton Ave	SISSON ST	2022-05-01	Two-Way , Not Divided	Dry	Dark - Lighted	Clear	Not a Collision Between Two Motor Vehicles in Transport	Yes, M/V and Driver Left Scene	No Controls	3	2	Complains Of Pain	NA	41.82548	-71.45539	FALSE	FALSE	Manton Ave and Sisson Street, Providence, RI, USA	FALSE	-71.4553928	41.8254879	intersection	geometric_center	manton ave & sisson st, providence, ri 02909, usa	NA	NA	NA	NA	41.8254879	-71.4553928	Med High	0.9095796496625378	NA
297	2022-04-30	873588	16:49:00	Pedestrian	1	NA	FALSE	FALSE	1	UNION AVE EXIT	SERVICE RD NO. 1	2022-04-30	One-Way Trafficway	Dry	Daylight	Clear	Not a Collision Between Two Motor Vehicles in Transport	Yes, M/V and Driver Left Scene	Traffic Control Signal	4	1	Fatal	NA	41.80904	-71.44017	FALSE	FALSE	Union Ave Exit and Service Rd No. 1, Providence, RI, USA	FALSE	-71.3907409	41.7942452	premise	rooftop	1 service rd, providence, ri 02905, usa	NA	NA	NA	NA	41.7942452	-71.3907409	Med High	4420.108351959404	Raw