row_number	crash_date	crash_report_id	crash_time	collision_type	count_pedestrian	count_bicycle	scooter	wheel_chair	number_of_vehicles	street_or_highway	nearest_intersection	report_date	type_of_roadway	road_surface_condition	light_condition	weather_condition	manner_of_impact	hit_and_run	traffic_control	person_count	injury_count	most_serious_injury	number_of_lanes	lat_raw	lon_raw	has_st_number	is_intersection_null	address_sent_to_geocoder	is_address_blank	lon_api_first_try	lat_api_first_try	type	loctype	address_returned_by_geocoder	address_returned_by_autocomplete	place_ids_autocompleted	lat_api_second_try	lon_api_second_try	lat_api_best	lon_api_best	api_coord_conf	distance_btwn_coords_meters	best_coordinate_set
555	2021-03-22	848292	16:02:00	Pedestrian	1	NA	FALSE	FALSE	1	CANAL ST	SMITH ST	2021-03-22	One-Way Trafficway	Dry	Daylight	Clear	Not a Collision Between Two Motor Vehicles in Transport	No	No Controls	2	0	No Injury	NA	41.83185	-71.41131	FALSE	FALSE	Canal Street and Smith Street, Providence, RI, USA	FALSE	-71.4433053	41.8418141	route	geometric_center	smith st, providence, ri, usa	Canal Street & Smith Street, Providence, RI, USA	EjBDYW5hbCBTdHJlZXQgJiBTbWl0aCBTdHJlZXQsIFByb3ZpZGVuY2UsIFJJLCBVU0EiZiJkChQKEgmNIDqdGUXkiRF9HyMoQizAgRIUChIJjSA6nRlF5IkRfR8jKEIswIEaFAoSCcvUmNAZReSJEftrQiUQSQCyGhQKEgm1rnBMS0TkiREhtaMwuIyrhCIKDcn37hgV7n5v1Q	41.8314185	-71.41132979999999	41.8314185	-71.41132979999999	Med	48.062427681930394	NA
556	2021-03-21	848228	15:20:00	Bicycle	NA	1	FALSE	FALSE	1	BAKER ST	OCONNOR ST	2021-03-21	Two-Way , Not Divided	Dry	Daylight	Clear	Not a Collision Between Two Motor Vehicles in Transport	Yes, M/V and Driver Left Scene	No Controls	1	1	Non-Incapacitating	NA	41.79266	-71.40576	FALSE	FALSE	Baker Street and Oconnor Street, Providence, RI, USA	FALSE	-71.4057614	41.7926749	route	geometric_center	o'connor st, providence, ri 02905, usa	Baker Street & O'Connor Street, Providence, RI, USA	EjNCYWtlciBTdHJlZXQgJiBPJ0Nvbm5vciBTdHJlZXQsIFByb3ZpZGVuY2UsIFJJLCBVU0EiZiJkChQKEgl_UBIu80_kiREUDYavxK4kdRIUChIJf1ASLvNP5IkRFA2Gr8SuJHUaFAoSCWX9wJvzT-SJEWzQ9IzRdsO8GhQKEgkrOvgz80_kiRG9r20vJPZWLyIKDV0O6RgVclhw1Q	41.7926749	-71.4057614	41.7926749	-71.4057614	Med	1.6627252761282147	NA
557	2021-03-19	848085	16:49:00	Pedestrian	1	NA	FALSE	FALSE	1	165 Windmill St	Smart ST	2021-03-19	Two-Way , Not Divided	Dry	Daylight	Clear	Not a Collision Between Two Motor Vehicles in Transport	No	Stop Signs	3	1	Non-Incapacitating	NA	41.85799	-71.41766	TRUE	FALSE	165 Windmill Street, Providence, RI, USA	FALSE	-71.417436	41.8582162	premise	rooftop	165 windmill st, providence, ri 02904, usa	NA	NA	NA	NA	41.8582162	-71.417436	High	31.28858037855485	NA
558	2021-03-12	845577	15:10:00	Pedestrian	1	NA	FALSE	FALSE	1	257 THAYER ST	EUCLID AVE	2021-03-12	One-Way Trafficway	Dry	Daylight	Clear	Not a Collision Between Two Motor Vehicles in Transport	No	No Controls	2	0	No Injury	1	41.82868	-71.40073	TRUE	FALSE	257 Thayer Street, Providence, RI, USA	FALSE	-71.4001111	41.8288489	premise	rooftop	257 thayer st, providence, ri 02906, usa	NA	NA	NA	NA	41.8288489	-71.4001111	High	54.671707126835095	NA
559	2021-03-08	845231	12:28:00	Pedestrian	2	NA	FALSE	FALSE	1	MANTON AVE	ALEPPO ST	2021-03-08	Two-Way , Not Divided	Dry	Daylight	Clear	Not a Collision Between Two Motor Vehicles in Transport	Yes, M/V and Driver Left Scene	No Controls	2	1	Incapacitating	NA	41.81932	-71.4462	FALSE	FALSE	Manton Ave and Aleppo Street, Providence, RI, USA	FALSE	-71.4462075	41.8193627	intersection	geometric_center	aleppo st & manton ave, providence, ri 02909, usa	NA	NA	NA	NA	41.8193627	-71.4462075	Med High	4.793892404496537	NA
560	2021-03-06	845096	17:56:00	Pedestrian	1	NA	FALSE	FALSE	1	BROAD ST	CAHIR ST	2021-03-06	Two-Way , Not Divided	Dry	Dark - Lighted	Clear	Not a Collision Between Two Motor Vehicles in Transport	Yes, M/V and Driver Left Scene	Traffic Control Signal	1	1	Non-Incapacitating	NA	41.81692	-71.41795	FALSE	FALSE	Broad Street and Cahir Street, Providence, RI, USA	FALSE	-71.4189877	41.8178471	route	geometric_center	cahir st, providence, ri 02903, usa	Broad Street & Cahir Street, Providence, RI, USA	EjBCcm9hZCBTdHJlZXQgJiBDYWhpciBTdHJlZXQsIFByb3ZpZGVuY2UsIFJJLCBVU0EiZiJkChQKEglxchb1bUXkiRHx6X_pfAz-ChIUChIJcXIW9W1F5IkR8el_6XwM_goaFAoSCYPefdWMT-SJESyiypOYSwijGhQKEgmx_OtuckXkiRFRWF6nVg1mziIKDXPC7BgVlX5u1Q	41.8169459	-71.41789229999999	41.8169459	-71.41789229999999	Med	5.588231094641271	NA
561	2021-03-04	844829	08:25:00	Pedestrian	1	NA	FALSE	FALSE	1	BRANCH AVE	TOURO ST	2021-03-04	Two-Way , Not Divided	Dry	Daylight	Clear	Not a Collision Between Two Motor Vehicles in Transport	No	No Controls	3	1	Complains Of Pain	NA	41.84999	-71.41935	FALSE	FALSE	Branch Ave and Touro Street, Providence, RI, USA	FALSE	-71.4190307	41.8498648	intersection	geometric_center	touro st & branch ave, providence, ri 02904, usa	NA	NA	NA	NA	41.8498648	-71.4190307	Med High	29.920984547483986	NA
562	2021-03-04	844862	16:02:00	Pedestrian	1	NA	FALSE	FALSE	1	Waldo Street	CRANSTON ST	2021-03-04	Two-Way , Not Divided	Dry	Daylight	Clear	Other	No	No Controls	6	1	Complains Of Pain	NA	41.80635	-71.43632	FALSE	FALSE	Waldo Street and Cranston Street, Providence, RI, USA	FALSE	-71.4363086	41.8063492	intersection	geometric_center	cranston st & waldo st, providence, ri 02909, usa	NA	NA	NA	NA	41.8063492	-71.4363086	Med High	0.9501295488116359	NA
563	2021-03-04	844867	16:58:00	Pedestrian	1	NA	FALSE	FALSE	1	ANGELL ST	WAYLAND AVE	2021-03-04	Two-Way , Not Divided	Dry	Daylight	Clear	Head-On (Front - to - Front)	Yes, M/V and Driver Left Scene	Traffic Control Signal	1	1	Complains Of Pain	NA	41.83015	-71.38792	FALSE	FALSE	Angell Street and Wayland Ave, Providence, RI, USA	FALSE	-71.38795379999999	41.8300494	intersection	geometric_center	wayland ave & angell st, providence, ri 02906, usa	NA	NA	NA	NA	41.8300494	-71.38795379999999	Med High	11.54435011314683	NA
564	2021-03-03	844784	15:23:00	Pedestrian	1	NA	FALSE	FALSE	1	BLACKSTONE ST	CULVER ST	2021-03-03	Two-Way , Not Divided	Dry	Daylight	Clear	Not a Collision Between Two Motor Vehicles in Transport	No	Stop Signs	2	1	Complains Of Pain	NA	41.80993	-71.4085	FALSE	FALSE	Blackstone Street and Culver Street, Providence, RI, USA	FALSE	-71.4084982	41.8099346	intersection	geometric_center	blackstone st & culver st, providence, ri 02905, usa	NA	NA	NA	NA	41.8099346	-71.4084982	Med High	0.5334053363951438	NA
565	2021-03-02	844644	06:32:00	Pedestrian	1	NA	FALSE	FALSE	1	West River St	CHARLES ST	2021-03-02	Two-Way , Not Divided	Dry	Daylight	Clear	Not a Collision Between Two Motor Vehicles in Transport	No	No Controls	3	1	Complains Of Pain	NA	41.8399	-71.41617	FALSE	FALSE	West River Street and Charles Street, Providence, RI, USA	FALSE	-71.4164329	41.8396195	intersection	geometric_center	charles st & w river st, providence, ri 02904, usa	NA	NA	NA	NA	41.8396195	-71.4164329	Med High	38.084113254192545	NA
566	2021-03-01	844595	18:44:00	Pedestrian	1	NA	FALSE	FALSE	1	SMITH ST	NELSON ST	2021-03-01	Two-Way , Not Divided	Dry	Dark - Lighted	Clear	Not a Collision Between Two Motor Vehicles in Transport	No	Pavement Markings	4	1	Non-Incapacitating	NA	41.84214	-71.44412	FALSE	FALSE	Smith Street and Nelson Street, Providence, RI, USA	FALSE	-71.4442116	41.8422004	intersection	geometric_center	smith st & nelson st, providence, ri 02908, usa	NA	NA	NA	NA	41.8422004	-71.4442116	Med High	10.144709455114102	NA
567	2021-02-27	844466	12:44:00	Pedestrian	1	NA	FALSE	FALSE	1	ACADEMY AVE	HEALTH AVE	2021-02-27	Two-Way , Not Divided	Wet	Daylight	Rain	Not a Collision Between Two Motor Vehicles in Transport	Yes, M/V and Driver Left Scene	No Controls	2	1	Complains Of Pain	NA	41.82753	-71.44376	FALSE	FALSE	Academy Ave and Health Ave, Providence, RI, USA	FALSE	-71.4438011	41.827781	intersection	geometric_center	health ave & academy ave, providence, ri 02908, usa	NA	NA	NA	NA	41.827781	-71.4438011	Med High	28.148414241282822	NA
568	2021-02-27	844485	17:04:00	Pedestrian	1	NA	FALSE	FALSE	1	WESTMINSTER ST	CAHIR ST	2021-02-27	Two-Way , Not Divided	Wet	Daylight	Cloudy	Not a Collision Between Two Motor Vehicles in Transport	No	Traffic Control Signal	3	1	Complains Of Pain	NA	41.81822	-71.42018	FALSE	FALSE	Westminster Street and Cahir Street, Providence, RI, USA	FALSE	-71.4201851	41.8182066	intersection	geometric_center	cahir st & westminster st, providence, ri 02903, usa	NA	NA	NA	NA	41.8182066	-71.4201851	Med High	1.5505268108105275	NA
569	2021-02-26	844417	10:02:00	Pedestrian	1	NA	FALSE	FALSE	1	PLAINFIELD ST	MERINO ST	2021-02-26	Two-Way , Not Divided	Dry	Daylight	Clear	Not a Collision Between Two Motor Vehicles in Transport	No	No Controls	3	1	Incapacitating	NA	41.81294	-71.45733	FALSE	FALSE	Plainfield Street and Merino Street, Providence, RI, USA	FALSE	-71.45739700000001	41.8129452	intersection	geometric_center	merino st & plainfield st, providence, ri 02909, usa	NA	NA	NA	NA	41.8129452	-71.45739700000001	Med High	5.588997099005806	NA
570	2021-02-26	844423	12:34:00	Pedestrian	2	NA	FALSE	FALSE	1	Bridgham St	Westminster St	2021-02-26	Two-Way , Not Divided	Dry	Daylight	Clear	Not a Collision Between Two Motor Vehicles in Transport	Yes, M/V and Driver Left Scene	Traffic Control Signal	3	2	Complains Of Pain	2	NA	NA	FALSE	FALSE	Bridgham Street and Westminster Street, Providence, RI, USA	FALSE	-71.4284038	41.8169384	intersection	geometric_center	bridgham st & westminster st, providence, ri 02909, usa	NA	NA	NA	NA	41.8169384	-71.4284038	Med High	NA	NA
571	2021-02-24	844340	18:58:00	Pedestrian	1	NA	FALSE	FALSE	1	WESTMINSTER ST	HAMMOND ST	2021-02-24	Two-Way , Not Divided	Dry	Dark - Lighted	Clear	Not a Collision Between Two Motor Vehicles in Transport	No	No Controls	2	1	Non-Incapacitating	NA	41.81681	-71.42939	FALSE	FALSE	Westminster Street and Hammond Street, Providence, RI, USA	FALSE	-71.42907009999999	41.816861	intersection	geometric_center	westminster st & hammond st, providence, ri 02909, usa	NA	NA	NA	NA	41.816861	-71.42907009999999	Med High	27.140679103260887	NA
572	2021-02-09	841122	20:03:00	Pedestrian	1	NA	FALSE	FALSE	1	CHARLES ST	CHARLES ST	2021-02-09	One-Way Trafficway	Wet	Dark - Lighted	Sleet, Hail (Freezing Rain or Drizzle)	Not a Collision Between Two Motor Vehicles in Transport	Yes, M/V and Driver Left Scene	No Controls	1	1	Complains Of Pain	NA	41.83673	-71.41283	FALSE	FALSE	Charles Street and Charles Street, Providence, RI, USA	FALSE	-71.419539	41.8474982	route	geometric_center	charles st, providence, ri, usa	NA	NA	NA	NA	41.8474982	-71.419539	Med	1321.542110156791	Cannot be determined
573	2021-02-04	839740	17:46:00	Pedestrian	1	NA	FALSE	FALSE	1	Broadway	KNIGHT ST	2021-02-04	Two-Way , Not Divided	Dry	Dark - Lighted	Clear	Not a Collision Between Two Motor Vehicles in Transport	Yes, M/V and Driver Left Scene	Traffic Control Signal	3	1	Incapacitating	NA	41.8198	-71.42936	FALSE	FALSE	Broadway and Knight Street, Providence, RI, USA	FALSE	-71.4298401	41.8202496	route	geometric_center	knight st, providence, ri, usa	Broadway & Knight Street, Providence, RI, USA	Ei1Ccm9hZHdheSAmIEtuaWdodCBTdHJlZXQsIFByb3ZpZGVuY2UsIFJJLCBVU0EiZiJkChQKEgmvZYGEdUXkiRHAVmwJ-u4XKRIUChIJr2WBhHVF5IkRwFZsCfruFykaFAoSCaW15YZ1ReSJERrCM7HXpG-zGhQKEgkPqvF6dUXkiRGsZxyELkktfCIKDcQy7RgVV79s1Q	41.8198212	-71.4293417	41.8198212	-71.4293417	Med	2.8061231257427877	NA
574	2021-02-03	839700	19:21:00	Pedestrian	1	NA	FALSE	FALSE	1	WESTMINSTER ST	WESTMINSTER ST EXIT	2021-02-03	Two-Way , Not Divided	Sand	Dark - Not Lighted	Cloudy	Not a Collision Between Two Motor Vehicles in Transport	No	No Controls	2	1	Non-Incapacitating	NA	41.81598	-71.43959	FALSE	FALSE	Westminster Street and Westminster St Exit, Providence, RI, USA	FALSE	-71.4257801	41.8171825	route	geometric_center	westminster st, providence, ri, usa	NA	NA	NA	NA	41.8171825	-71.4257801	Med	1153.5252613529303	Raw
575	2021-02-02	839629	18:02:00	Pedestrian	1	NA	FALSE	FALSE	1	CYR ST	BROAD STREET	2021-02-02	Two-Way , Not Divided	Dry	Dark - Lighted	Cloudy	Not a Collision Between Two Motor Vehicles in Transport	Yes, M/V and Driver Left Scene	No Controls	1	0	No Injury	NA	41.78697	-71.40245	FALSE	FALSE	Cyr Street and Broad Street, Providence, RI, USA	FALSE	-71.4024245	41.7869638	intersection	geometric_center	cyr st & broad st, providence, ri 02905, usa	NA	NA	NA	NA	41.7869638	-71.4024245	Med High	2.2262599133071825	NA
576	2021-02-02	839631	19:54:00	Pedestrian	1	NA	FALSE	FALSE	1	BRIDGHAM ST	ELMWOOD AVE	2021-02-02	Two-Way, Not Divided With a Continuous Left Turn Lane	Dry	Dark - Lighted	Clear	Not a Collision Between Two Motor Vehicles in Transport	Yes, M/V and Driver Left Scene	Traffic Control Signal	2	1	Complains Of Pain	NA	41.81277	-71.42219	FALSE	FALSE	Bridgham Street and Elmwood Ave, Providence, RI, USA	FALSE	-71.4221436	41.8127945	intersection	geometric_center	bridgham st & elmwood ave, providence, ri 02907, usa	NA	NA	NA	NA	41.8127945	-71.4221436	Med High	4.717959501829686	NA
577	2021-01-20	838746	16:11:00	Pedestrian	1	NA	FALSE	FALSE	1	CUSTOM HOUSE ST	DYER ST	2021-01-21	Two-Way , Not Divided	Dry	Daylight	Clear	Not a Collision Between Two Motor Vehicles in Transport	No	No Controls	3	0	No Injury	NA	41.8242	-71.40843	FALSE	FALSE	Custom House Street and Dyer Street, Providence, RI, USA	FALSE	-71.4084187	41.8242128	intersection	geometric_center	dyer st & custom house st, providence, ri 02903, usa	NA	NA	NA	NA	41.8242128	-71.4084187	Med High	1.7055807015657136	NA
578	2021-01-19	838622	14:28:00	Pedestrian	1	NA	FALSE	FALSE	1	BROAD ST	HARVARD AVE	2021-01-19	Two-Way , Not Divided	Dry	Daylight	Clear	Not a Collision Between Two Motor Vehicles in Transport	No	No Controls	3	1	Complains Of Pain	NA	41.80856	-71.42067	FALSE	FALSE	Broad Street and Harvard Ave, Providence, RI, USA	FALSE	-71.4195976	41.8086139	route	geometric_center	harvard ave, providence, ri 02907, usa	Broad Street & Harvard Ave, Providence, RI, USA	Ei9Ccm9hZCBTdHJlZXQgJiBIYXJ2YXJkIEF2ZSwgUHJvdmlkZW5jZSwgUkksIFVTQSJmImQKFAoSCX17gAZ7ReSJEfAd7KV6lYkhEhQKEgl9e4AGe0XkiRHwHeylepWJIRoUChIJg9591YxP5IkRLKLKk5hLCKMaFAoSCRc_ESF7ReSJEZYBayjYu4EeIgoNcHzrGBUWEm7V	41.8086	-71.4206698	41.8086	-71.4206698	Med	4.452810555281346	NA
579	2021-01-19	838630	17:55:00	Pedestrian	1	NA	FALSE	FALSE	1	BROAD ST	CHESTNUT ST	2021-01-19	Two-Way , Not Divided	Wet	Dark - Lighted	Cloudy	Not a Collision Between Two Motor Vehicles in Transport	No	Traffic Control Signal	6	1	Complains Of Pain	NA	41.82003	-71.41432	FALSE	FALSE	Broad Street and Chestnut Street, Providence, RI, USA	FALSE	-71.3876733	41.8928375	intersection	geometric_center	chestnut st & broad st, central falls, ri 02863, usa	NA	NA	NA	NA	41.8928375	-71.3876733	Med High	8400.62797448813	Raw
580	2021-01-18	838538	03:12:00	Pedestrian	1	NA	FALSE	FALSE	1	Pocasset ave	PLAINFIELD ST	2021-01-18	Unknown	Dry	Dark - Lighted	Clear	Other	Yes, M/V and Driver Left Scene	No Controls	1	1	Complains Of Pain	NA	41.8137	-71.44794	FALSE	FALSE	Pocasset Ave and Plainfield Street, Providence, RI, USA	FALSE	-71.44779419999999	41.8138447	intersection	geometric_center	pocasset ave & plainfield st, providence, ri 02909, usa	NA	NA	NA	NA	41.8138447	-71.44779419999999	Med High	20.144403832388114	NA
581	2021-01-13	837289	11:48:00	Pedestrian	1	NA	FALSE	TRUE	1	ELMWOOD AVE	LENOX AVE	2021-01-13	Two-Way, Divided, Positive Median Barrier	Dry	Daylight	Clear	Not a Collision Between Two Motor Vehicles in Transport	No	Stop Signs	3	1	Non-Incapacitating	NA	41.7952	-71.42474	FALSE	FALSE	Elmwood Ave and Lenox Ave, Providence, RI, USA	FALSE	-71.424723	41.7952146	intersection	geometric_center	lenox ave & elmwood ave, providence, ri 02907, usa	NA	NA	NA	NA	41.7952146	-71.424723	Med High	2.152215706042827	NA
582	2021-01-08	837006	20:19:00	Bicycle	NA	NA	FALSE	FALSE	2	BROADWAY	VINTON ST	2021-01-08	Two-Way , Not Divided	Dry	Dark - Lighted	Clear	Angle (Front - to - Side) Same Direction	No	No Controls	4	1	Non-Incapacitating	NA	41.82007	-71.42819	FALSE	FALSE	Broadway and Vinton Street, Providence, RI, USA	FALSE	-71.4285663	41.8207514	route	geometric_center	vinton st, providence, ri, usa	Broadway & Vinton Street, Providence, RI, USA	Ei1Ccm9hZHdheSAmIFZpbnRvbiBTdHJlZXQsIFByb3ZpZGVuY2UsIFJJLCBVU0EiZiJkChQKEglF5rYLdUXkiRHipmasZ-JhnRIUChIJRea2C3VF5IkR4qZmrGfiYZ0aFAoSCaW15YZ1ReSJERrCM7HXpG-zGhQKEgnN2QdAdUXkiRHzHzv0hMO0lyIKDVg97RgVUexs1Q	41.820092	-71.4281903	41.820092	-71.4281903	Med	2.449155254801079	NA
583	2021-01-03	836659	13:36:00	Pedestrian	1	NA	FALSE	TRUE	1	Glenbridge Ave	MANTON AVE	2021-01-03	Two-Way, Divided, Unprotected (painted>4feet) Medium	Dry	Daylight	Clear	Angle (Front - to - Side) Right Angle (Includes Broadside)	No	Traffic Control Signal	3	1	Complains Of Pain	NA	41.8259	-71.45828	FALSE	FALSE	Glenbridge Ave and Manton Ave, Providence, RI, USA	FALSE	-71.4582318	41.8259774	intersection	geometric_center	glenbridge ave & manton ave, providence, ri 02909, usa	NA	NA	NA	NA	41.8259774	-71.4582318	Med High	9.498637999161133	NA
584	2020-12-24	836212	06:47:00	Pedestrian	1	NA	FALSE	FALSE	1	DIKE ST	TROY ST	2020-12-24	Two-Way , Not Divided	Dry	Daylight	Clear	Not a Collision Between Two Motor Vehicles in Transport	Yes, M/V and Driver Left Scene	No Controls	1	1	Complains Of Pain	NA	41.81565	-71.44175	FALSE	FALSE	Dike Street and Troy Street, Providence, RI, USA	FALSE	-71.4414829	41.815613	intersection	geometric_center	troy st & dike st, providence, ri 02909, usa	NA	NA	NA	NA	41.815613	-71.4414829	Med High	22.539679858665302	NA
585	2020-12-21	836068	12:47:00	Pedestrian	1	NA	FALSE	FALSE	1	spruce st	ACORN ST	2020-12-21	Two-Way , Not Divided	Dry	Daylight	Clear	Other	No	No Controls	3	1	Complains Of Pain	NA	41.82438	-71.42796	FALSE	FALSE	Spruce Street and Acorn Street, Providence, RI, USA	FALSE	-71.4276993	41.826323	route	geometric_center	acorn st, providence, ri, usa	Spruce Street & Acorn Street, Providence, RI, USA	EjFTcHJ1Y2UgU3RyZWV0ICYgQWNvcm4gU3RyZWV0LCBQcm92aWRlbmNlLCBSSSwgVVNBImYiZAoUChIJq6vN9gpF5IkR_rUNhpJn96QSFAoSCaurzfYKReSJEf61DYaSZ_ekGhQKEglLkpX-CkXkiRFPaoZnGLjj5xoUChIJax89PApF5IkRqGxj2NWRdiUiCg1C5e0YFZn1bNU	41.8243906	-71.42795269999999	41.8243906	-71.42795269999999	Med	1.3263031765400648	NA
586	2020-12-15	835571	09:26:00	Pedestrian	1	NA	FALSE	FALSE	1	OLNEYVILLE SQ	MANTON AVE	2020-12-15	Two-Way, Divided, Unprotected (painted>4feet) Medium	Dry	Daylight	Clear	Head-On (Front - to - Front)	Yes, M/V and Driver Left Scene	No Controls	1	1	Complains Of Pain	NA	41.81698	-71.44358	FALSE	FALSE	Olneyville Sq and Manton Ave, Providence, RI, USA	FALSE	-71.442835	41.816834	establishment	geometric_center	olneyville square, providence, ri 02909, usa	NA	NA	NA	NA	41.816834	-71.442835	Med	63.909387277091966	NA
587	2020-12-14	835508	17:38:00	Pedestrian	1	NA	FALSE	FALSE	1	broad st	BROAD ST	2020-12-14	Two-Way , Not Divided	Wet	Daylight	Rain	Not a Collision Between Two Motor Vehicles in Transport	Yes, M/V and Driver Left Scene	No Controls	1	1	Complains Of Pain	NA	41.79944	-71.4162	FALSE	FALSE	Broad Street and Broad Street, Providence, RI, USA	FALSE	-71.4101636	41.7945838	route	geometric_center	broad st, providence, ri, usa	NA	NA	NA	NA	41.7945838	-71.4101636	Med	737.0198488206397	Cannot be determined
588	2020-12-11	837114	21:06:00	Pedestrian	1	NA	FALSE	FALSE	1	CARTER ST	ELMWOOD AVE	2021-01-10	Two-Way , Not Divided	Dry	Dark - Lighted	Clear	Other	No	No Controls	2	1	Complains Of Pain	NA	41.8002	-71.42657	FALSE	FALSE	Carter Street and Elmwood Ave, Providence, RI, USA	FALSE	-71.4229658	41.7920613	route	geometric_center	elmwood ave, providence, ri, usa	Carter Street & Elmwood Ave, Providence, RI, USA	EjBDYXJ0ZXIgU3RyZWV0ICYgRWxtd29vZCBBdmUsIFByb3ZpZGVuY2UsIFJJLCBVU0EiZiJkChQKEgkjZeADgU_kiRHjL4tuXiAEpxIUChIJI2XgA4FP5IkR4y-Lbl4gBKcaFAoSCaFldLqBT-SJEVu12wX01sDMGhQKEgl30G3to0_kiRHxPOkzB8-h7yIKDTI06hgVdCtt1Q	41.800197	-71.426574	41.800197	-71.426574	Med	0.4708656081576031	NA
589	2020-12-10	835309	12:29:00	Pedestrian	1	NA	FALSE	FALSE	1	395 Admiral St	NA	2020-12-10	Two-Way , Not Divided	Dry	Daylight	Clear	Not a Collision Between Two Motor Vehicles in Transport	No	No Controls	3	1	Complains Of Pain	NA	NA	NA	TRUE	TRUE	395 Admiral Street, Providence, RI, USA	FALSE	-71.4288609	41.8468598	premise	rooftop	395 admiral st, providence, ri 02908, usa	NA	NA	NA	NA	41.8468598	-71.4288609	High	NA	NA
590	2020-12-07	835132	13:42:00	Pedestrian	1	NA	FALSE	FALSE	1	BUTLER AVE	ORIOLE AVE	2020-12-07	Two-Way , Not Divided	Dry	Daylight	Clear	Not a Collision Between Two Motor Vehicles in Transport	No	No Controls	2	1	Complains Of Pain	NA	41.83158	-71.38433	FALSE	FALSE	Butler Ave and Oriole Ave, Providence, RI, USA	FALSE	-71.3843365	41.8315872	intersection	geometric_center	butler ave & oriole ave, providence, ri 02906, usa	NA	NA	NA	NA	41.8315872	-71.3843365	Med High	0.9659596725568064	NA
591	2020-12-05	835065	06:11:00	Pedestrian	1	NA	FALSE	FALSE	1	HUNTINGTON AVE	CRANSTON ST	2020-12-05	Two-Way, Divided, Positive Median Barrier	Wet	Dawn	Rain	Not a Collision Between Two Motor Vehicles in Transport	Yes, M/V and Driver Left Scene	Traffic Control Signal	1	1	Non-Incapacitating	NA	41.80374	-71.43907	FALSE	FALSE	Huntington Ave and Cranston Street, Providence, RI, USA	FALSE	-71.4392216	41.80375230000001	intersection	geometric_center	cranston st & huntington ave, providence, ri 02907, usa	NA	NA	NA	NA	41.80375230000001	-71.4392216	Med High	12.654239089806575	NA
592	2020-12-05	835102	17:00:00	Pedestrian	1	NA	FALSE	FALSE	1	Angell St	Gano St	2020-12-05	Two-Way , Not Divided	Slush	Dark - Lighted	Sleet, Hail (Freezing Rain or Drizzle)	Not a Collision Between Two Motor Vehicles in Transport	Yes, M/V and Driver Left Scene	Traffic Control Signal	2	1	Complains Of Pain	2	NA	NA	FALSE	FALSE	Angell Street and Gano Street, Providence, RI, USA	FALSE	-71.3909687	41.8295909	intersection	geometric_center	gano st & angell st, providence, ri 02906, usa	NA	NA	NA	NA	41.8295909	-71.3909687	Med High	NA	NA
593	2020-12-04	835050	23:21:00	Pedestrian	1	NA	FALSE	FALSE	1	DOUGLAS AVE	DOUGLAS AVE	2020-12-04	Two-Way , Not Divided	Wet	Dark - Lighted	Rain	Not a Collision Between Two Motor Vehicles in Transport	Yes, M/V and Driver Left Scene	No Controls	1	0	Unknown	NA	41.84183	-71.42751	FALSE	FALSE	Douglas Ave and Douglas Ave, Providence, RI, USA	FALSE	-71.4649957	41.8715442	intersection	geometric_center	douglas turnpike & douglas ave, north providence, ri 02904, usa	NA	NA	NA	NA	41.8715442	-71.4649957	Med High	4538.85693302254	Raw
594	2020-12-02	834888	08:26:00	Pedestrian	1	NA	FALSE	FALSE	1	CHALKSTONE AVE	ACADEMY AVE	2020-12-02	Two-Way, Divided, Unprotected (painted>4feet) Medium	Dry	Daylight	Clear	Not a Collision Between Two Motor Vehicles in Transport	No	Traffic Control Signal	3	0	No Injury	NA	41.83245	-71.44453	FALSE	FALSE	Chalkstone Ave and Academy Ave, Providence, RI, USA	FALSE	-71.44452489999999	41.8324538	intersection	geometric_center	academy ave & chalkstone ave, providence, ri 02908, usa	NA	NA	NA	NA	41.8324538	-71.44452489999999	Med High	0.5982323586659378	NA
595	2020-11-29	834726	15:36:00	Pedestrian	1	NA	FALSE	FALSE	1	BROAD STREET	NA	2020-11-29	Two-Way , Not Divided	Dry	Daylight	Clear	Not a Collision Between Two Motor Vehicles in Transport	Yes, M/V and Driver Left Scene	No Controls	3	1	Incapacitating	NA	41.81455	-71.42107	FALSE	TRUE	Broad Street, Providence, RI, USA	FALSE	-71.4101636	41.7945838	route	geometric_center	broad st, providence, ri, usa	NA	NA	NA	NA	41.7945838	-71.4101636	Inaccurate	2399.8171260596405	Cannot be determined
596	2020-11-25	834503	16:54:00	Bicycle	NA	1	FALSE	FALSE	1	CAMBRIDGE ST	ACADEMY AVE	2020-11-25	Two-Way , Not Divided	Wet	Dark - Lighted	Rain	Not a Collision Between Two Motor Vehicles in Transport	Yes, M/V and Driver Left Scene	Stop Signs	2	1	Complains Of Pain	NA	41.8255	-71.44342	FALSE	FALSE	Cambridge Street and Academy Ave, Providence, RI, USA	FALSE	-71.4434441	41.8254949	intersection	geometric_center	academy ave & cambridge st, providence, ri 02908, usa	NA	NA	NA	NA	41.8254949	-71.4434441	Med High	2.0782167258327684	NA