row_number	crash_date	crash_report_id	crash_time	collision_type	count_pedestrian	count_bicycle	scooter	wheel_chair	number_of_vehicles	street_or_highway	nearest_intersection	report_date	type_of_roadway	road_surface_condition	light_condition	weather_condition	manner_of_impact	hit_and_run	traffic_control	person_count	injury_count	most_serious_injury	number_of_lanes	lat_raw	lon_raw	has_st_number	is_intersection_null	address_sent_to_geocoder	is_address_blank	lon_api_first_try	lat_api_first_try	type	loctype	address_returned_by_geocoder	address_returned_by_autocomplete	place_ids_autocompleted	lat_api_second_try	lon_api_second_try	lat_api_best	lon_api_best	api_coord_conf	distance_btwn_coords_meters	best_coordinate_set
597	2020-11-25	835002	16:59:00	Pedestrian	1	NA	FALSE	FALSE	1	EATON ST	SMITH ST	2020-12-04	Two-Way , Not Divided	Wet	Dark - Not Lighted	Cloudy	Not a Collision Between Two Motor Vehicles in Transport	No	No Controls	2	0	No Injury	NA	41.84365	-71.44758	FALSE	FALSE	Eaton Street and Smith Street, Providence, RI, USA	FALSE	-71.4475224	41.8436386	intersection	geometric_center	eaton st & smith st, providence, ri 02908, usa	NA	NA	NA	NA	41.8436386	-71.4475224	Med High	4.942437288391265	NA
598	2020-11-24	834470	16:56:00	Pedestrian	1	NA	FALSE	FALSE	1	ORMS ST	JEFFERSON ST	2020-11-24	Two-Way , Not Divided	Dry	Dark - Lighted	Clear	Not a Collision Between Two Motor Vehicles in Transport	Yes, M/V and Driver Left Scene	No Controls	3	1	Complains Of Pain	2	41.83446	-71.41748	FALSE	FALSE	Orms Street and Jefferson Street, Providence, RI, USA	FALSE	-71.4177345	41.8344318	intersection	geometric_center	jefferson st & orms st, providence, ri 02908, usa	NA	NA	NA	NA	41.8344318	-71.4177345	Med High	21.34073346617012	NA
599	2020-11-23	834347	06:57:00	Pedestrian	1	NA	FALSE	FALSE	1	DUDLEY ST	PRAIRIE AVE	2020-11-23	Two-Way , Not Divided	Wet	Daylight	Rain	Not a Collision Between Two Motor Vehicles in Transport	No	No Controls	2	1	Complains Of Pain	NA	41.80993	-71.41532	FALSE	FALSE	Dudley Street and Prairie Ave, Providence, RI, USA	FALSE	-71.41567739999999	41.809957	intersection	geometric_center	dudley st & prairie ave, providence, ri 02907, usa	NA	NA	NA	NA	41.809957	-71.41567739999999	Med High	29.80652453787065	NA
600	2020-11-22	834334	16:50:00	Bicycle	NA	1	FALSE	FALSE	1	CHARLESFIELD ST	HOPE ST	2020-11-22	Two-Way , Not Divided	Dry	Dark - Lighted	Clear	Angle (Front - to - Side) Right Angle (Includes Broadside)	No	Stop Signs	3	1	Non-Incapacitating	NA	41.82414	-71.3972	FALSE	FALSE	Charlesfield Street and Hope Street, Providence, RI, USA	FALSE	-71.39718309999999	41.8241348	intersection	geometric_center	hope st & charlesfield st, providence, ri 02912, usa	NA	NA	NA	NA	41.8241348	-71.39718309999999	Med High	1.5167408042862152	NA
601	2020-11-20	834229	15:02:00	Other	NA	NA	TRUE	FALSE	1	ANGELL ST	BUTLER AVE	2020-11-20	Two-Way , Not Divided	Dry	Daylight	Clear	Not a Collision Between Two Motor Vehicles in Transport	No	Stop Signs	3	0	Unknown	NA	41.8308	-71.38459	FALSE	FALSE	Angell Street and Butler Ave, Providence, RI, USA	FALSE	-71.38459490000001	41.8308171	intersection	geometric_center	butler ave & angell st, providence, ri 02906, usa	NA	NA	NA	NA	41.8308171	-71.38459490000001	Med High	1.9464694547947794	NA
602	2020-11-19	834147	05:43:00	Pedestrian	1	NA	FALSE	FALSE	1	460 Smith St	CHALKSTONE AVE	2020-11-19	Unknown	Dry	Dawn	Clear	Not a Collision Between Two Motor Vehicles in Transport	Yes, M/V and Driver Left Scene	No Controls	1	0	No Injury	NA	41.83521	-71.42565	TRUE	FALSE	460 Smith Street, Providence, RI, USA	FALSE	-71.4264456	41.8352609	premise	rooftop	460 smith st, providence, ri 02908, usa	NA	NA	NA	NA	41.8352609	-71.4264456	High	66.23017537494468	NA
603	2020-11-17	834055	07:16:00	Pedestrian	1	NA	FALSE	FALSE	1	820 HOPE ST	4TH ST	2020-11-17	Two-Way , Not Divided	Dry	Daylight	Clear	Not a Collision Between Two Motor Vehicles in Transport	No	No Controls	2	1	Complains Of Pain	NA	41.84949	-71.39479	TRUE	FALSE	820 Hope Street, Providence, RI, USA	FALSE	-71.3951038	41.84962	premise	rooftop	820 hope st, providence, ri 02906, usa	NA	NA	NA	NA	41.84962	-71.3951038	High	29.774327084949515	NA
604	2020-11-17	834062	08:40:00	Pedestrian	1	NA	FALSE	FALSE	1	WASHINGTON ST	DORRANCE ST	2020-11-17	Two-Way , Not Divided	Dry	Daylight	Clear	Not a Collision Between Two Motor Vehicles in Transport	Yes, M/V and Driver Left Scene	Flashing Traffic Control Signal	1	1	Complains Of Pain	NA	41.82445	-71.41277	FALSE	FALSE	Washington Street and Dorrance Street, Providence, RI, USA	FALSE	-71.41277699999999	41.8244607	intersection	geometric_center	washington st & dorrance st, providence, ri 02903, usa	NA	NA	NA	NA	41.8244607	-71.41277699999999	Med High	1.325123782231511	NA
605	2020-11-17	834072	11:32:00	Pedestrian	1	NA	FALSE	FALSE	1	ADMIRAL ST	CHAD BROWN ST	2020-11-17	Two-Way , Not Divided	Dry	Daylight	Clear	Not a Collision Between Two Motor Vehicles in Transport	No	Person	4	1	Incapacitating	NA	41.84202	-71.42125	FALSE	FALSE	Admiral Street and Chad Brown Street, Providence, RI, USA	FALSE	-71.4213576	41.8421504	intersection	geometric_center	admiral st & chad brown st, providence, ri 02908, usa	NA	NA	NA	NA	41.8421504	-71.4213576	Med High	17.039472105514143	NA
606	2020-11-17	834089	17:51:00	Pedestrian	1	NA	TRUE	FALSE	1	WATERMAN ST	PROSPECT ST	2020-11-17	Two-Way , Not Divided	Dry	Dark - Lighted	Clear	Sidwswipe, Opposite Direction	No	Traffic Control Signal	4	1	Complains Of Pain	2	41.82691	-71.40472	FALSE	FALSE	Waterman Street and Prospect Street, Providence, RI, USA	FALSE	-71.40471029999999	41.8269107	intersection	geometric_center	waterman st & prospect st, providence, ri 02906, usa	NA	NA	NA	NA	41.8269107	-71.40471029999999	Med High	0.8083905950673639	NA
607	2020-11-15	833975	19:54:00	Pedestrian	1	NA	FALSE	FALSE	1	280 BROAD STREET	NA	2020-11-15	Two-Way , Not Divided	Wet	Dark - Lighted	Rain	Not a Collision Between Two Motor Vehicles in Transport	No	No Controls	3	1	Complains Of Pain	NA	NA	NA	TRUE	TRUE	280 Broad Street, Providence, RI, USA	FALSE	-71.4202425	41.8149485	premise	rooftop	280 broad st, providence, ri 02907, usa	NA	NA	NA	NA	41.8149485	-71.4202425	High	NA	NA
608	2020-11-12	833750	16:04:00	Bicycle	NA	1	FALSE	FALSE	1	Manton Ave	FRUIT HILL AVE	2020-11-12	Two-Way , Not Divided	Dry	Daylight	Clear	Not a Collision Between Two Motor Vehicles in Transport	No	Traffic Control Signal	3	1	Complains Of Pain	NA	41.83388	-71.46783	FALSE	FALSE	Manton Ave and Fruit Hill Ave, Providence, RI, USA	FALSE	-71.46779980000001	41.8339162	intersection	geometric_center	manton ave & fruit hill ave, providence, ri 02909, usa	NA	NA	NA	NA	41.8339162	-71.46779980000001	Med High	4.744817231824867	NA
609	2020-11-07	833364	19:45:00	Pedestrian	1	NA	FALSE	FALSE	1	Broad Street	OXFORD ST	2020-11-07	Two-Way , Not Divided	Dry	Dark - Lighted	Clear	Not a Collision Between Two Motor Vehicles in Transport	No	Traffic Control Signal	3	1	Complains Of Pain	NA	41.80038	-71.41736	FALSE	FALSE	Broad Street and Oxford Street, Providence, RI, USA	FALSE	-71.4098094	41.8023702	route	geometric_center	oxford st, providence, ri 02905, usa	Broad Street & Oxford Street, Providence, RI, USA	EjFCcm9hZCBTdHJlZXQgJiBPeGZvcmQgU3RyZWV0LCBQcm92aWRlbmNlLCBSSSwgVVNBImYiZAoUChIJh-FuDohP5IkRI2IsCmv-T0ESFAoSCYfhbg6IT-SJESNiLApr_k9BGhQKEgmD3n3VjE_kiREsosqTmEsIoxoUChIJGaMJqWFF5IkRUr1E8WrWZNciCg0WPuoYFfqPbtU	41.8004502	-71.417447	41.8004502	-71.417447	Med	10.639220012499978	NA
610	2020-11-06	833322	18:31:00	Pedestrian	1	NA	FALSE	FALSE	1	Academy Ave	NEWARK ST	2020-11-06	Two-Way , Not Divided	Dry	Dark - Lighted	Clear	Not a Collision Between Two Motor Vehicles in Transport	No	No Controls	2	1	Complains Of Pain	NA	41.82544	-71.4434	FALSE	FALSE	Academy Ave and Newark Street, Providence, RI, USA	FALSE	-71.4434441	41.8254949	intersection	geometric_center	academy ave & newark st, providence, ri 02908, usa	NA	NA	NA	NA	41.8254949	-71.4434441	Med High	7.122663328511238	NA
611	2020-11-04	833102	07:29:00	Pedestrian	1	NA	FALSE	FALSE	1	ONEIL ST	DOUGLAS AVE	2020-11-04	Two-Way , Not Divided	Dry	Daylight	Clear	Not a Collision Between Two Motor Vehicles in Transport	No	Pavement Markings	2	1	Complains Of Pain	NA	41.85282	-71.4367	FALSE	FALSE	Oneil Street and Douglas Ave, Providence, RI, USA	FALSE	-71.4371491	41.8527663	intersection	geometric_center	o neil st & douglas ave, providence, ri 02904, usa	NA	NA	NA	NA	41.8527663	-71.4371491	Med High	37.71505711856842	NA
612	2020-11-04	833155	16:05:00	Pedestrian	1	NA	FALSE	FALSE	1	CRANSTON ST	BRIDGHAM ST	2020-11-04	Two-Way , Not Divided	Dry	Daylight	Clear	Not a Collision Between Two Motor Vehicles in Transport	No	No Controls	3	1	Complains Of Pain	NA	41.81419	-71.42649	FALSE	FALSE	Cranston Street and Bridgham Street, Providence, RI, USA	FALSE	-71.426947	41.8139796	intersection	geometric_center	cranston st & bridgham st, providence, ri 02907, usa	NA	NA	NA	NA	41.8139796	-71.426947	Med High	44.56698100307546	NA
613	2020-10-31	832761	05:35:00	Pedestrian	1	NA	FALSE	FALSE	1	UNION AVE	WEBSTER AVE	2020-10-31	Unknown	Ice/Frost	Dark - Lighted	Clear	Unknown	Yes, M/V and Driver Left Scene	Traffic Control Signal	1	1	Complains Of Pain	NA	41.80683	-71.44755	FALSE	FALSE	Union Ave and Webster Ave, Providence, RI, USA	FALSE	-71.4484433	41.8087282	route	geometric_center	webster ave, providence, ri, usa	Union Ave & Webster Ave, Providence, RI, USA	EixVbmlvbiBBdmUgJiBXZWJzdGVyIEF2ZSwgUHJvdmlkZW5jZSwgUkksIFVTQSJmImQKFAoSCYGwTPiJReSJEdURK9jB___mEhQKEgmBsEz4iUXkiRHVESvYwf__5hoUChIJI4HrOIpF5IkRntWfMLDFiC8aFAoSCUtPViuKReSJEQVPEPvUiEI-IgoNUDfrGBUa-GnV	41.8068304	-71.4475494	41.8068304	-71.4475494	Med	0.06679371326648434	NA
614	2020-10-31	832779	10:24:00	Pedestrian	1	NA	FALSE	FALSE	1	SMITH STREET	PINEHURST AVE	2020-10-31	Two-Way , Not Divided	Wet	Daylight	Clear	Not a Collision Between Two Motor Vehicles in Transport	No	No Controls	2	1	Complains Of Pain	NA	41.8374	-71.43311	FALSE	FALSE	Smith Street and Pinehurst Ave, Providence, RI, USA	FALSE	-71.4328469	41.8372933	intersection	geometric_center	smith st & pinehurst ave, providence, ri 02908, usa	NA	NA	NA	NA	41.8372933	-71.4328469	Med High	24.844176674967517	NA
615	2020-10-30	832735	18:17:00	Pedestrian	1	NA	FALSE	FALSE	1	CATHERDAL AVE	SMITH ST	2020-10-30	Two-Way , Not Divided	Wet	Dark - Lighted	Clear	Other	No	No Controls	3	1	Non-Incapacitating	NA	41.8132	-71.45548	FALSE	FALSE	Catherdal Ave and Smith Street, Providence, RI, USA	FALSE	-71.44912459999999	41.8444122	intersection	geometric_center	smith st & cathedral ave, providence, ri 02903, usa	NA	NA	NA	NA	41.8444122	-71.44912459999999	Med High	3514.291225924696	Geocoded
616	2020-10-29	832641	19:56:00	Pedestrian	1	NA	FALSE	FALSE	1	609 ELMWOOD AVE	LENOX AVE	2020-10-29	Two-Way, Divided, Positive Median Barrier	Wet	Dark - Lighted	Rain	Sidwswipe, Opposite Direction	No	No Controls	2	1	Incapacitating	NA	41.79545	-71.42488	TRUE	FALSE	609 Elmwood Ave, Providence, RI, USA	FALSE	-71.4249966	41.7954078	subpremise	rooftop	609 elmwood ave, providence, ri 02907, usa	NA	NA	NA	NA	41.7954078	-71.4249966	High	10.756849785127418	NA
617	2020-10-25	832371	14:02:00	Bicycle	NA	1	FALSE	FALSE	1	207 Wickenden St.	TRAVERSE ST	2020-10-25	Two-Way , Not Divided	Dry	Daylight	Clear	Not a Collision Between Two Motor Vehicles in Transport	No	No Controls	2	1	Complains Of Pain	NA	41.81943	-71.39905	TRUE	FALSE	207 Wickenden St., Providence, RI, USA	FALSE	-71.3990781	41.8192785	premise	rooftop	207 wickenden st, providence, ri 02903, usa	NA	NA	NA	NA	41.8192785	-71.3990781	High	17.02525926417301	NA
618	2020-10-24	832302	00:43:00	Pedestrian	1	NA	FALSE	FALSE	1	133 PEMBROKE AVE	EATON ST	2020-10-24	Two-Way , Not Divided	Dry	Dark - Lighted	Clear	Not a Collision Between Two Motor Vehicles in Transport	Yes, M/V and Driver Left Scene	No Controls	2	1	Non-Incapacitating	NA	41.8403	-71.42975	TRUE	FALSE	133 Pembroke Ave, Providence, RI, USA	FALSE	-71.4295733	41.8402331	street_address	rooftop	133 pembroke ave, providence, ri 02908, usa	NA	NA	NA	NA	41.8402331	-71.4295733	High	16.438175785961167	NA
619	2020-10-22	832157	23:22:00	Bicycle	NA	NA	FALSE	FALSE	1	GANO ST	I 195 E	2020-10-22	Two-Way , Not Divided	Dry	Dark - Lighted	Clear	Not a Collision Between Two Motor Vehicles in Transport	No	No Controls	2	0	Unknown	NA	41.81904	-71.38931	FALSE	FALSE	Gano Street and I 195 E, Providence, RI, USA	FALSE	-71.390238	41.8256891	street_address	range_interpolated	195 gano st, providence, ri 02906, usa	NA	NA	NA	NA	41.8256891	-71.390238	Med High	744.1671438707788	Raw
620	2020-10-22	832181	13:00:00	Bicycle	NA	1	FALSE	FALSE	1	SOUTH WATER ST	NA	2020-10-22	One-Way Trafficway	Dry	Daylight	Clear	Sideswipe, Same Direction	No	No Controls	2	1	Non-Incapacitating	NA	41.81771	-71.40083	FALSE	TRUE	South Water Street, Providence, RI, USA	FALSE	-71.4039536	41.8202174	route	geometric_center	s water st, providence, ri 02903, usa	NA	NA	NA	NA	41.8202174	-71.4039536	Inaccurate	380.8701373217204	Cannot be determined
621	2020-10-19	831971	15:00:00	Bicycle	NA	1	FALSE	FALSE	1	ANGELL ST	BROWN ST	2020-10-19	One-Way Trafficway	Dry	Daylight	Clear	Head-On (Front - to - Front)	No	Stop Signs	3	1	Non-Incapacitating	1	41.8279	-71.40283	FALSE	FALSE	Angell Street and Brown Street, Providence, RI, USA	FALSE	-71.4031595	41.8278662	intersection	geometric_center	brown st & angell st, providence, ri 02906, usa	NA	NA	NA	NA	41.8278662	-71.4031595	Med High	27.589758302100375	NA
622	2020-10-18	831949	17:50:00	Other	NA	NA	TRUE	FALSE	2	ELMWOOD AVE	BISSELL ST	2020-10-18	Two-Way, Divided, Positive Median Barrier	Dry	Daylight	Clear	Other	No	No Controls	4	2	Incapacitating	NA	41.77744	-71.42118	FALSE	FALSE	Elmwood Ave and Bissell Street, Providence, RI, USA	FALSE	-71.4211644	41.7774396	intersection	geometric_center	bissell st & elmwood ave, providence, ri 02907, usa	NA	NA	NA	NA	41.7774396	-71.4211644	Med High	1.2958026795849231	NA
623	2020-10-17	831798	13:15:00	Other	NA	1	TRUE	FALSE	1	Corinth St	Broad St	2020-10-17	Two-Way , Not Divided	Dry	Daylight	Clear	Not a Collision Between Two Motor Vehicles in Transport	No	Stop Signs	2	0	No Injury	1	NA	NA	FALSE	FALSE	Corinth Street and Broad Street, Providence, RI, USA	FALSE	-71.4104447	41.7948181	intersection	geometric_center	corinth st & broad st, providence, ri 02905, usa	NA	NA	NA	NA	41.7948181	-71.4104447	Med High	NA	NA
624	2020-10-17	831806	14:11:00	Bicycle	NA	1	FALSE	FALSE	1	stokes st	WESTMINSTER ST	2020-10-17	Two-Way , Not Divided	Dry	Daylight	Clear	Not a Collision Between Two Motor Vehicles in Transport	No	No Controls	2	1	Non-Incapacitating	NA	41.81673	-71.44282	FALSE	FALSE	Stokes Street and Westminster Street, Providence, RI, USA	FALSE	-71.4428116	41.8167431	intersection	geometric_center	westminster st & stokes st, providence, ri 02909, usa	NA	NA	NA	NA	41.8167431	-71.4428116	Med High	1.616250674498028	NA
625	2020-10-14	831486	12:08:00	Pedestrian	1	NA	FALSE	FALSE	1	WASHINGTON ST	EMPIRE ST	2020-10-14	Two-Way , Not Divided	Dry	Daylight	Clear	Other	No	No Controls	2	1	Incapacitating	NA	41.82182	-71.41645	FALSE	FALSE	Washington Street and Empire Street, Providence, RI, USA	FALSE	-71.4157797	41.821349	route	geometric_center	empire st, providence, ri 02903, usa	Washington Street & Empire Street, Providence, RI, USA	EjZXYXNoaW5ndG9uIFN0cmVldCAmIEVtcGlyZSBTdHJlZXQsIFByb3ZpZGVuY2UsIFJJLCBVU0EiZiJkChQKEgmNpp3sEkXkiRHnvAEsqcaDvRIUChIJjaad7BJF5IkR57wBLKnGg70aFAoSCanazZwSReSJERoH0JajEjT2GhQKEgnHPO_pEkXkiRGhxI4iuiomFSIKDWmC7RgVI7hu1Q	41.82186009999999	-71.4164189	41.82186009999999	-71.4164189	Med	5.155853917904554	NA
626	2020-10-10	831148	15:02:00	Bicycle	NA	1	FALSE	FALSE	1	GANO ST	PITMAN ST	2020-10-10	Two-Way , Not Divided	Dry	Daylight	Clear	Not a Collision Between Two Motor Vehicles in Transport	No	Traffic Control Signal	4	1	Non-Incapacitating	NA	41.82648	-71.3905	FALSE	FALSE	Gano Street and Pitman Street, Providence, RI, USA	FALSE	-71.39049729999999	41.8265437	intersection	geometric_center	gano st & pitman st, providence, ri 02906, usa	NA	NA	NA	NA	41.8265437	-71.39049729999999	Med High	7.094587699234142	NA
627	2020-10-09	831007	08:37:00	Other	NA	NA	TRUE	FALSE	2	Elmwood Ave	Bellevue Ave	2020-10-09	Two-Way , Not Divided	Dry	Daylight	Clear	Angle (Front - to - Side) Right Angle (Includes Broadside)	No	Traffic Control Signal	2	0	No Injury	2	NA	NA	FALSE	FALSE	Elmwood Ave and Bellevue Ave, Providence, RI, USA	FALSE	-71.4248921	41.8071094	intersection	geometric_center	bellevue ave & elmwood ave, providence, ri 02907, usa	NA	NA	NA	NA	41.8071094	-71.4248921	Med High	NA	NA
628	2020-10-09	831103	22:38:00	Pedestrian	1	NA	FALSE	FALSE	1	575 Broad Street	Dartmouth Ave	2020-10-09	Two-Way , Not Divided	Dry	Dark - Lighted	Clear	Not a Collision Between Two Motor Vehicles in Transport	Yes, M/V and Driver Left Scene	No Controls	2	1	Incapacitating	NA	41.80844	-71.42063	TRUE	FALSE	575 Broad Street, Providence, RI, USA	FALSE	-71.4207989	41.8083569	premise	rooftop	575 broad st, providence, ri 02907, usa	NA	NA	NA	NA	41.8083569	-71.4207989	High	16.7922816519199	NA
629	2020-10-08	830902	10:29:00	Bicycle	NA	1	FALSE	FALSE	1	HEATH ST	EASTWOOD AVE	2020-10-08	Two-Way , Not Divided	Dry	Daylight	Clear	Not a Collision Between Two Motor Vehicles in Transport	No	No Controls	3	1	Complains Of Pain	NA	41.8158	-71.45011	FALSE	FALSE	Heath Street and Eastwood Ave, Providence, RI, USA	FALSE	-71.450104	41.815826	intersection	geometric_center	heath st & eastwood ave, providence, ri 02909, usa	NA	NA	NA	NA	41.815826	-71.450104	Med High	2.936802625531605	NA
630	2020-10-08	831123	11:00:00	Bicycle	NA	1	FALSE	FALSE	1	53 Governor St	ARNOLD ST	2020-10-10	Two-Way , Not Divided	Dry	Daylight	Clear	Not a Collision Between Two Motor Vehicles in Transport	No	No Controls	2	1	Complains Of Pain	NA	41.82195	-71.39393	TRUE	FALSE	53 Governor Street, Providence, RI, USA	FALSE	-71.3937073	41.8219325	premise	rooftop	53 governor st, providence, ri 02906, usa	NA	NA	NA	NA	41.8219325	-71.3937073	High	18.577080937378373	NA
631	2020-10-06	830802	17:48:00	Pedestrian	1	NA	FALSE	FALSE	1	WESTMINSTER ST	MESSER ST	2020-10-06	Two-Way , Not Divided	Dry	Daylight	Clear	Not a Collision Between Two Motor Vehicles in Transport	No	No Controls	3	1	Complains Of Pain	NA	41.81581	-71.43767	FALSE	FALSE	Westminster Street and Messer Street, Providence, RI, USA	FALSE	-71.437044	41.8158698	intersection	geometric_center	messer st & westminster st, providence, ri 02909, usa	NA	NA	NA	NA	41.8158698	-71.437044	Med High	52.361282281754626	NA
632	2020-10-06	830812	18:33:00	Pedestrian	1	NA	FALSE	FALSE	1	sackett st	HAMILTON ST	2020-10-06	Two-Way , Not Divided	Dry	Dark - Lighted	Clear	Not a Collision Between Two Motor Vehicles in Transport	No	No Controls	7	1	Non-Incapacitating	NA	41.7943	-71.41808	FALSE	FALSE	Sackett Street and Hamilton Street, Providence, RI, USA	FALSE	-71.4183646	41.7942259	intersection	geometric_center	hamilton st & sackett st, providence, ri 02907, usa	NA	NA	NA	NA	41.7942259	-71.4183646	Med High	25.018862538588206	NA
633	2020-10-03	830409	20:40:00	Pedestrian	1	NA	FALSE	FALSE	1	Broad Street	Gallup Street	2020-10-03	Two-Way , Not Divided	Dry	Dark - Lighted	Clear	Not a Collision Between Two Motor Vehicles in Transport	Yes, M/V and Driver Left Scene	No Controls	2	1	Complains Of Pain	NA	41.79929	-71.41603	FALSE	FALSE	Broad Street and Gallup Street, Providence, RI, USA	FALSE	-71.411993	41.8001218	route	geometric_center	gallup st, providence, ri, usa	Broad Street & Gallup Street, Providence, RI, USA	EjFCcm9hZCBTdHJlZXQgJiBHYWxsdXAgU3RyZWV0LCBQcm92aWRlbmNlLCBSSSwgVVNBImYiZAoUChIJ2XXYRIhP5IkRXiA-zZQA7G0SFAoSCdl12ESIT-SJEV4gPs2UAOxtGhQKEgmD3n3VjE_kiREsosqTmEsIoxoUChIJ-fFsAYpP5IkRvEuDDpHvm-oiCg2rEeoYFanHbtU	41.7993131	-71.4160215	41.7993131	-71.4160215	Med	2.6664740608595134	NA
634	2020-10-01	830210	09:24:00	Pedestrian	1	NA	FALSE	FALSE	1	314 BROAD ST	BROAD ST	2020-10-01	Two-Way , Not Divided	Dry	Daylight	Clear	Not a Collision Between Two Motor Vehicles in Transport	No	No Controls	2	1	Complains Of Pain	NA	41.81443	-71.42115	TRUE	FALSE	314 Broad Street, Providence, RI, USA	FALSE	-71.4209817	41.8144604	street_address	rooftop	314 broad st, providence, ri 02907, usa	NA	NA	NA	NA	41.8144604	-71.4209817	High	14.367625398028668	NA
635	2020-10-01	830241	17:22:00	Other	NA	NA	TRUE	FALSE	2	502 HARTFORD AVE	MELISSA ST	2020-10-01	Two-Way , Not Divided	Dry	Dusk	Clear	Rear End(Front-to-Rear)	No	Pavement Markings	3	1	Non-Incapacitating	2	41.80864	-71.44081	TRUE	FALSE	502 Hartford Ave, Providence, RI, USA	FALSE	-71.46061499999999	41.8187363	premise	rooftop	502 hartford ave, providence, ri 02909, usa	NA	NA	NA	NA	41.8187363	-71.46061499999999	High	1990.7907114900158	Geocoded
636	2020-09-29	830080	19:21:00	Pedestrian	1	NA	FALSE	FALSE	1	MEMORIAL BLVD	STEEPLE ST	2020-09-29	Two-Way, Divided, Unprotected (painted>4feet) Medium	Dry	Dark - Lighted	Clear	Not a Collision Between Two Motor Vehicles in Transport	No	Traffic Control Signal	4	1	Complains Of Pain	NA	41.82677	-71.41063	FALSE	FALSE	Memorial Blvd and Steeple Street, Providence, RI, USA	FALSE	-71.409299	41.8273889	route	geometric_center	steeple st, providence, ri 02903, usa	NA	NA	NA	NA	41.8273889	-71.409299	Med	130.14017905182072	Raw
637	2020-09-28	829968	07:26:00	Bicycle	NA	1	FALSE	FALSE	1	HOPE ST	BLACKSTONE BLVD	2020-09-28	One-Way Trafficway	Dry	Daylight	Clear	Not a Collision Between Two Motor Vehicles in Transport	No	Stop Signs	3	1	Complains Of Pain	NA	41.85605	-71.39132	FALSE	FALSE	Hope Street and Blackstone Blvd, Providence, RI, USA	FALSE	-71.3915342	41.8561535	intersection	geometric_center	hope st & blackstone blvd, providence, ri 02906, usa	NA	NA	NA	NA	41.8561535	-71.3915342	Med High	21.16991422732007	NA
638	2020-09-28	830022	19:31:00	Pedestrian	1	NA	FALSE	FALSE	1	MESSER ST	CRANSTON ST	2020-09-28	Two-Way , Not Divided	Dry	Dark - Lighted	Clear	Not a Collision Between Two Motor Vehicles in Transport	No	No Controls	2	1	Complains Of Pain	NA	41.80963	-71.43345	FALSE	FALSE	Messer Street and Cranston Street, Providence, RI, USA	FALSE	-71.43343449999999	41.809637	intersection	geometric_center	cranston st & messer st, providence, ri 02907, usa	NA	NA	NA	NA	41.809637	-71.43343449999999	Med High	1.5037407571869208	NA
639	2020-09-27	829916	19:32:00	Pedestrian	1	NA	FALSE	FALSE	1	ACADEMY AVE	HEALTH AVE	2020-09-27	Two-Way , Not Divided	Dry	Dark - Lighted	Clear	Not a Collision Between Two Motor Vehicles in Transport	No	No Controls	3	1	Incapacitating	NA	41.82759	-71.44377	FALSE	FALSE	Academy Ave and Health Ave, Providence, RI, USA	FALSE	-71.4438011	41.827781	intersection	geometric_center	health ave & academy ave, providence, ri 02908, usa	NA	NA	NA	NA	41.827781	-71.4438011	Med High	21.417953189186665	NA
640	2020-09-25	829771	19:31:00	Pedestrian	1	NA	FALSE	FALSE	1	ORMS ST	BATH ST	2020-09-25	Two-Way , Not Divided	Dry	Dark - Lighted	Clear	Head-On (Front - to - Front)	No	Stop Signs	2	0	No Injury	NA	41.83322	-71.42549	FALSE	FALSE	Orms Street and Bath Street, Providence, RI, USA	FALSE	-71.42545270000001	41.8332163	intersection	geometric_center	bath st & orms st, providence, ri 02908, usa	NA	NA	NA	NA	41.8332163	-71.42545270000001	Med High	3.121070098207685	NA
641	2020-09-25	829781	22:45:00	Bicycle	NA	1	FALSE	FALSE	1	CARPENTER ST	KNIGHT ST	2020-09-25	Two-Way , Not Divided	Dry	Dark - Lighted	Clear	Not a Collision Between Two Motor Vehicles in Transport	No	Stop Signs	3	1	Incapacitating	NA	41.81825	-71.42752	FALSE	FALSE	Carpenter Street and Knight Street, Providence, RI, USA	FALSE	-71.4274842	41.8182728	intersection	geometric_center	knight st & carpenter st, providence, ri 02909, usa	NA	NA	NA	NA	41.8182728	-71.4274842	Med High	3.906799623020035	NA
642	2020-09-24	829638	12:40:00	Pedestrian	1	NA	FALSE	FALSE	1	Hope St	Rochambeau Ave	2020-09-24	Two-Way , Not Divided	Dry	Daylight	Clear	Not a Collision Between Two Motor Vehicles in Transport	No	Traffic Control Signal	2	1	Complains Of Pain	2	NA	NA	FALSE	FALSE	Hope Street and Rochambeau Ave, Providence, RI, USA	FALSE	-71.3960532	41.8469319	intersection	geometric_center	hope st & rochambeau ave, providence, ri 02906, usa	NA	NA	NA	NA	41.8469319	-71.3960532	Med High	NA	NA