row_number	crash_date	crash_report_id	crash_time	collision_type	count_pedestrian	count_bicycle	scooter	wheel_chair	number_of_vehicles	street_or_highway	nearest_intersection	report_date	type_of_roadway	road_surface_condition	light_condition	weather_condition	manner_of_impact	hit_and_run	traffic_control	person_count	injury_count	most_serious_injury	number_of_lanes	lat_raw	lon_raw	has_st_number	is_intersection_null	address_sent_to_geocoder	is_address_blank	lon_api_first_try	lat_api_first_try	type	loctype	address_returned_by_geocoder	address_returned_by_autocomplete	place_ids_autocompleted	lat_api_second_try	lon_api_second_try	lat_api_best	lon_api_best	api_coord_conf	distance_btwn_coords_meters	best_coordinate_set
687	2020-07-22	823326	16:03:00	Pedestrian	1	NA	FALSE	FALSE	1	BODELL AVE	WHELAN RD	2020-07-22	Unknown	Dry	Daylight	Clear	Sidwswipe, Opposite Direction	No	No Controls	4	1	Complains Of Pain	NA	41.81789	-71.45408	FALSE	FALSE	Bodell Ave and Whelan Rd, Providence, RI, USA	FALSE	-71.454308	41.818283	intersection	geometric_center	bodell ave & whelan rd, providence, ri 02909, usa	NA	NA	NA	NA	41.818283	-71.454308	Med High	47.66268406429277	NA
688	2020-07-21	823236	15:33:00	Bicycle	NA	1	FALSE	FALSE	1	CHARLES ST	CANAL ST	2020-07-21	Two-Way , Not Divided	Dry	Daylight	Clear	Not a Collision Between Two Motor Vehicles in Transport	No	No Controls	3	1	Complains Of Pain	NA	41.83329	-71.41136	FALSE	FALSE	Charles Street and Canal Street, Providence, RI, USA	FALSE	-71.4110637	41.8300387	route	geometric_center	canal st, providence, ri, usa	NA	NA	NA	NA	41.8300387	-71.4110637	Med	362.7665220568967	Raw
689	2020-07-21	823312	20:12:00	Pedestrian	1	NA	FALSE	FALSE	1	DOUGLAS AVE	WHIPPLE ST	2020-07-22	Two-Way , Not Divided	Dry	Dark - Lighted	Clear	Not a Collision Between Two Motor Vehicles in Transport	Yes, M/V and Driver Left Scene	No Controls	1	1	Complains Of Pain	NA	41.83686	-71.42156	FALSE	FALSE	Douglas Ave and Whipple Street, Providence, RI, USA	FALSE	-71.4215517	41.8368745	intersection	geometric_center	whipple st & douglas ave, providence, ri 02908, usa	NA	NA	NA	NA	41.8368745	-71.4215517	Med High	1.7547938343770437	NA
690	2020-07-20	827532	14:26:00	Pedestrian	1	NA	FALSE	FALSE	1	UNION AVE	WEBSTER AVE	2020-08-31	Two-Way , Not Divided	Dry	Daylight	Clear	Sidwswipe, Opposite Direction	No	No Controls	2	1	Complains Of Pain	NA	41.80697	-71.44703	FALSE	FALSE	Union Ave and Webster Ave, Providence, RI, USA	FALSE	-71.4484433	41.8087282	route	geometric_center	webster ave, providence, ri, usa	Union Ave & Webster Ave, Providence, RI, USA	EixVbmlvbiBBdmUgJiBXZWJzdGVyIEF2ZSwgUHJvdmlkZW5jZSwgUkksIFVTQSJmImQKFAoSCYGwTPiJReSJEdURK9jB___mEhQKEgmBsEz4iUXkiRHVESvYwf__5hoUChIJI4HrOIpF5IkRntWfMLDFiC8aFAoSCUtPViuKReSJEQVPEPvUiEI-IgoNUDfrGBUa-GnV	41.8068304	-71.4475494	41.8068304	-71.4475494	Med	45.81441435745979	NA
691	2020-07-18	823018	01:40:00	Pedestrian	2	NA	FALSE	FALSE	1	BROAD ST	SACKETT ST	2020-07-18	Two-Way , Not Divided	Dry	Dark - Lighted	Clear	Not a Collision Between Two Motor Vehicles in Transport	Yes, M/V and Driver Left Scene	No Controls	2	2	Incapacitating	NA	41.79589	-71.41179	FALSE	FALSE	Broad Street and Sackett Street, Providence, RI, USA	FALSE	-71.4183646	41.7942259	route	geometric_center	sackett st, providence, ri, usa	Broad Street & Sackett Street, Providence, RI, USA	EjJCcm9hZCBTdHJlZXQgJiBTYWNrZXR0IFN0cmVldCwgUHJvdmlkZW5jZSwgUkksIFVTQSJmImQKFAoSCWd7_VeJT-SJEYpZL4NwfcCcEhQKEglne_1XiU_kiRGKWS-DcH3AnBoUChIJg9591YxP5IkRLKLKk5hLCKMaFAoSCZdEqH6PT-SJEbKg-cvhkLFFIgoNIJfpGBXOX2_V	41.796176	-71.4121266	41.796176	-71.4121266	Med	42.355313196184454	NA
692	2020-07-18	823036	10:43:00	Pedestrian	2	NA	FALSE	FALSE	1	WILLARD AVE	BROAD ST	2020-07-18	Two-Way , Not Divided	Dry	Daylight	Clear	Not a Collision Between Two Motor Vehicles in Transport	No	No Controls	3	1	Complains Of Pain	NA	41.80717	-71.41967	FALSE	FALSE	Willard Ave and Broad Street, Providence, RI, USA	FALSE	-71.42020819999999	41.8071255	intersection	geometric_center	willard ave & broad st, providence, ri 02907, usa	NA	NA	NA	NA	41.8071255	-71.42020819999999	Med High	44.93199437081752	NA
693	2020-07-15	822757	11:39:00	Pedestrian	1	NA	FALSE	FALSE	1	ATWELLS AVE	VALLEY ST	2020-07-15	Two-Way , Not Divided	Dry	Daylight	Clear	Not a Collision Between Two Motor Vehicles in Transport	Yes, M/V and Driver Left Scene	No Controls	1	1	Complains Of Pain	NA	41.82456	-71.43948	FALSE	FALSE	Atwells Ave and Valley Street, Providence, RI, USA	FALSE	-71.4394736	41.8245768	intersection	geometric_center	valley st & atwells ave, providence, ri 02908, usa	NA	NA	NA	NA	41.8245768	-71.4394736	Med High	1.9440648883575875	NA
694	2020-07-15	822802	15:58:00	Bicycle	NA	1	FALSE	FALSE	1	PARKIS AVE	BROAD ST	2020-07-15	Two-Way, Divided, Unprotected (painted>4feet) Medium	Dry	Daylight	Clear	Not a Collision Between Two Motor Vehicles in Transport	Yes, M/V and Driver Left Scene	Traffic Control Signal	1	1	Complains Of Pain	NA	41.80915	-71.42088	FALSE	FALSE	Parkis Ave and Broad Street, Providence, RI, USA	FALSE	-71.4208353	41.8091525	intersection	geometric_center	broad st & parkis ave, providence, ri 02907, usa	NA	NA	NA	NA	41.8091525	-71.4208353	Med High	3.719371151872372	NA
695	2020-07-14	822723	13:34:00	Bicycle	NA	1	FALSE	FALSE	1	HARRIS AVE	ACORN ST	2020-07-14	Two-Way , Not Divided	Dry	Daylight	Clear	Not a Collision Between Two Motor Vehicles in Transport	No	No Controls	3	0	No Injury	NA	41.82636	-71.42768	FALSE	FALSE	Harris Ave and Acorn Street, Providence, RI, USA	FALSE	-71.4276993	41.826323	intersection	geometric_center	acorn st & harris ave, providence, ri 02903, usa	NA	NA	NA	NA	41.826323	-71.4276993	Med High	4.419026733315656	NA
696	2020-07-13	822636	13:43:00	Pedestrian	1	NA	FALSE	FALSE	1	GOVERNOR ST	POWER ST	2020-07-13	Two-Way , Not Divided	Dry	Daylight	Clear	Not a Collision Between Two Motor Vehicles in Transport	No	Other	6	1	Incapacitating	NA	41.82373	-71.39412	FALSE	FALSE	Governor Street and Power Street, Providence, RI, USA	FALSE	-71.39414479999999	41.8235124	intersection	geometric_center	power st & governor st, providence, ri 02906, usa	NA	NA	NA	NA	41.8235124	-71.39414479999999	Med High	24.310328258010944	NA
697	2020-07-09	822390	13:58:00	Pedestrian	1	NA	FALSE	FALSE	1	HOPE ST	4TH ST	2020-07-10	Two-Way , Not Divided	Dry	Daylight	Clear	Not a Collision Between Two Motor Vehicles in Transport	No	No Controls	4	1	Complains Of Pain	NA	41.84929	-71.39488	FALSE	FALSE	Hope Street and 4th Street, Providence, RI, USA	FALSE	-71.3948887	41.8492949	intersection	geometric_center	hope st & 4th st, providence, ri 02906, usa	NA	NA	NA	NA	41.8492949	-71.3948887	Med High	0.9044242713007334	NA
698	2020-07-08	822281	18:19:00	Bicycle	NA	1	FALSE	FALSE	1	ADELAIDE AVE	RESERVOIR AVE	2020-07-08	Two-Way, Divided, Unprotected (painted>4feet) Medium	Dry	Daylight	Clear	Not a Collision Between Two Motor Vehicles in Transport	No	Traffic Control Signal	4	1	Incapacitating	NA	41.79275	-71.42748	FALSE	FALSE	Adelaide Ave and Reservoir Ave, Providence, RI, USA	FALSE	-71.4262013	41.7955254	intersection	geometric_center	reservoir ave & adelaide ave, providence, ri 02907, usa	NA	NA	NA	NA	41.7955254	-71.4262013	Med High	326.6744043057144	Geocoded
699	2020-07-08	822283	17:52:00	Pedestrian	1	NA	FALSE	FALSE	1	31 Croyland Road	POTTERS AVE	2020-07-08	Two-Way , Not Divided	Dry	Daylight	Clear	Not a Collision Between Two Motor Vehicles in Transport	Yes, M/V and Driver Left Scene	No Controls	3	1	Complains Of Pain	NA	41.80342	-71.41471	TRUE	FALSE	31 Croyland Road, Providence, RI, USA	FALSE	-71.4146062	41.8028914	street_address	rooftop	31 croyland rd, providence, ri 02905, usa	NA	NA	NA	NA	41.8028914	-71.4146062	High	59.470566324651266	NA
700	2020-07-08	822339	20:56:00	Pedestrian	1	NA	FALSE	FALSE	1	EXCHANGE TER	MEMORIAL BLVD	2020-07-08	Two-Way , Not Divided	Dry	Dark - Lighted	Clear	Other	No	Traffic Control Signal	2	1	Non-Incapacitating	NA	41.82669	-71.41075	FALSE	FALSE	Exchange Ter and Memorial Blvd, Providence, RI, USA	FALSE	-71.4107503	41.8267034	intersection	geometric_center	exchange terrace & memorial blvd, providence, ri 02903, usa	NA	NA	NA	NA	41.8267034	-71.4107503	Med High	1.4918887421040392	NA
701	2020-07-06	822102	15:03:00	Pedestrian	1	NA	FALSE	FALSE	1	Charles St	W River St	2020-07-06	Two-Way, Divided, Unprotected (painted>4feet) Medium	Dry	Daylight	Clear	Not a Collision Between Two Motor Vehicles in Transport	No	No Controls	2	1	Complains Of Pain	NA	41.83961	-71.41638	FALSE	FALSE	Charles Street and W River Street, Providence, RI, USA	FALSE	-71.4140946	41.8434958	route	geometric_center	w river st, providence, ri 02904, usa	Charles Street & West River Street, Providence, RI, USA	EjdDaGFybGVzIFN0cmVldCAmIFdlc3QgUml2ZXIgU3RyZWV0LCBQcm92aWRlbmNlLCBSSSwgVVNBImYiZAoUChIJn_PVYR1F5IkRV_lekQ3QEwQSFAoSCZ_z1WEdReSJEVf5XpEN0BMEGhQKEgl1C85s8UTkiRHLZMsuNVX9MhoUChIJgxzLm-NE5IkRpKt9jzlEBwUiCg0jOPAYFZe3btU	41.8396195	-71.4164329	41.8396195	-71.4164329	Med	4.51290362633018	NA
702	2020-07-06	822165	21:20:00	Pedestrian	1	NA	FALSE	FALSE	1	73 AYRAULT ST	CHALKSTONE AVE	2020-07-06	One-Way Trafficway	Dry	Dark - Lighted	Clear	Not a Collision Between Two Motor Vehicles in Transport	Yes, M/V and Driver Left Scene	No Controls	2	1	Incapacitating	NA	41.8336	-71.42903	TRUE	FALSE	73 Ayrault Street, Providence, RI, USA	FALSE	-71.42882019999999	41.8335898	street_address	rooftop	73 ayrault st, providence, ri 02908, usa	NA	NA	NA	NA	41.8335898	-71.42882019999999	High	17.438339900495105	NA
703	2020-07-05	821951	00:02:00	Pedestrian	1	NA	FALSE	FALSE	1	GROSVENOR AVE	CHALKSTONE AVE	2020-07-05	Two-Way, Divided, Unprotected (painted>4feet) Medium	Dry	Dark - Lighted	Clear	Not a Collision Between Two Motor Vehicles in Transport	No	No Controls	6	1	Non-Incapacitating	NA	41.83377	-71.43953	FALSE	FALSE	Grosvenor Ave and Chalkstone Ave, Providence, RI, USA	FALSE	-71.439537	41.8323976	intersection	geometric_center	grosvenor ave & chalkstone ave, providence, ri 02908, usa	NA	NA	NA	NA	41.8323976	-71.439537	Med High	152.77597241431533	Raw
704	2020-07-01	821625	19:30:00	Bicycle	NA	1	FALSE	FALSE	1	ADMIRAL ST	HAWKINS ST	2020-07-01	Two-Way , Not Divided	Dry	Daylight	Clear	Not a Collision Between Two Motor Vehicles in Transport	No	No Controls	2	1	Complains Of Pain	NA	41.84592	-71.42839	FALSE	FALSE	Admiral Street and Hawkins Street, Providence, RI, USA	FALSE	-71.4283351	41.8459297	intersection	geometric_center	admiral st & hawkins st, providence, ri 02908, usa	NA	NA	NA	NA	41.8459297	-71.4283351	Med High	4.6789665426574985	NA
705	2020-06-28	821406	17:33:00	Bicycle	NA	1	FALSE	FALSE	1	COLFAX ST	OCEAN ST	2020-06-28	Two-Way , Not Divided	Dry	Daylight	Clear	Other	Yes, M/V and Driver Left Scene	No Controls	1	0	Unknown	NA	41.80006	-71.40956	FALSE	FALSE	Colfax Street and Ocean Street, Providence, RI, USA	FALSE	-71.4093322	41.8001227	intersection	geometric_center	ocean st & colfax st, providence, ri 02905, usa	NA	NA	NA	NA	41.8001227	-71.4093322	Med High	20.151548369784184	NA
706	2020-06-28	821414	21:17:00	Pedestrian	1	NA	FALSE	FALSE	1	FLORA ST	ASHTON ST	2020-06-28	Two-Way , Not Divided	Wet	Dark - Lighted	Rain	Sideswipe, Same Direction	Yes, M/V and Driver Left Scene	No Controls	1	1	Complains Of Pain	NA	41.84931	-71.41545	FALSE	FALSE	Flora Street and Ashton Street, Providence, RI, USA	FALSE	-71.415474	41.84927	intersection	geometric_center	flora st & ashton st, providence, ri 02904, usa	NA	NA	NA	NA	41.84927	-71.415474	Med High	4.877281003835859	NA
707	2020-06-28	821420	22:56:00	Pedestrian	1	NA	FALSE	FALSE	1	Thayer Street	Bowen Street	2020-06-28	One-Way Trafficway	Wet	Dark - Lighted	Clear	Not a Collision Between Two Motor Vehicles in Transport	No	Stop Signs	3	1	Complains Of Pain	NA	41.83084	-71.401	FALSE	FALSE	Thayer Street and Bowen Street, Providence, RI, USA	FALSE	-71.4009914	41.8308225	intersection	geometric_center	thayer st & bowen st, providence, ri 02906, usa	NA	NA	NA	NA	41.8308225	-71.4009914	Med High	2.0745860871844757	NA
708	2020-06-27	821292	12:09:00	Bicycle	NA	1	FALSE	FALSE	1	Valley Street	Hemlock Street	2020-06-27	Two-Way, Divided, Unprotected (painted>4feet) Medium	Dry	Daylight	Clear	Not a Collision Between Two Motor Vehicles in Transport	No	Stop Signs	2	0	No Injury	1	NA	NA	FALSE	FALSE	Valley Street and Hemlock Street, Providence, RI, USA	FALSE	-71.4304933	41.8304583	intersection	geometric_center	valley st & hemlock st, providence, ri 02908, usa	NA	NA	NA	NA	41.8304583	-71.4304933	Med High	NA	NA
709	2020-06-27	821321	15:25:00	Bicycle	NA	1	FALSE	FALSE	1	GALLATIN ST	EMERSON ST	2020-06-27	Two-Way , Not Divided	Wet	Daylight	Rain	Other	No	No Controls	2	0	No Injury	NA	41.79717	-71.41358	FALSE	FALSE	Gallatin Street and Emerson Street, Providence, RI, USA	FALSE	-71.41537009999999	41.7966497	intersection	geometric_center	gallatin st & emerson st, providence, ri 02907, usa	NA	NA	NA	NA	41.7966497	-71.41537009999999	Med High	159.45177863684626	Cannot be determined
710	2020-06-27	821347	23:16:00	Pedestrian	1	NA	FALSE	FALSE	1	315 BROAD STREET	NA	2020-06-28	Two-Way , Not Divided	Other	Dark - Lighted	Cloudy	Not a Collision Between Two Motor Vehicles in Transport	No	No Controls	3	1	Incapacitating	NA	41.81433	-71.4212	TRUE	TRUE	315 Broad Street, Providence, RI, USA	FALSE	-71.4217316	41.81451740000001	premise	rooftop	315 broad st, providence, ri 02907, usa	NA	NA	NA	NA	41.81451740000001	-71.4217316	High	48.790180947146595	NA
711	2020-06-27	821352	23:07:00	Pedestrian	1	NA	FALSE	FALSE	1	Webster Ave	Dora Street	2020-06-28	Two-Way , Not Divided	Wet	Dark - Lighted	Rain	Rear End(Front-to-Rear)	No	No Controls	3	1	Incapacitating	NA	41.8081	-71.44815	FALSE	FALSE	Webster Ave and Dora Street, Providence, RI, USA	FALSE	-71.4481401	41.8081004	intersection	geometric_center	dora st & webster ave, providence, ri 02909, usa	NA	NA	NA	NA	41.8081004	-71.4481401	Med High	0.8226635763144021	NA
712	2020-06-26	821230	03:09:00	Pedestrian	1	NA	FALSE	FALSE	1	CASS ST	BROAD ST	2020-06-26	Two-Way , Not Divided	Dry	Dark - Not Lighted	Clear	Not a Collision Between Two Motor Vehicles in Transport	Yes, M/V and Driver Left Scene	No Controls	1	1	Incapacitating	NA	41.79331	-71.40795	FALSE	FALSE	Cass Street and Broad Street, Providence, RI, USA	FALSE	-71.40835009999999	41.7931177	intersection	geometric_center	cass st & broad st, providence, ri 02907, usa	NA	NA	NA	NA	41.7931177	-71.40835009999999	Med High	39.50824401970069	NA
713	2020-06-24	821099	15:12:00	Pedestrian	1	NA	FALSE	FALSE	1	BORDEN ST	PLAIN ST	2020-06-24	Two-Way , Not Divided	Dry	Daylight	Clear	Not a Collision Between Two Motor Vehicles in Transport	No	No Controls	2	1	Complains Of Pain	NA	41.81331	-71.412	FALSE	FALSE	Borden Street and Plain Street, Providence, RI, USA	FALSE	-71.4122769	41.8132938	intersection	geometric_center	borden st & plain st, providence, ri 02903, usa	NA	NA	NA	NA	41.8132938	-71.4122769	Med High	23.044725680727634	NA
714	2020-06-20	820799	18:29:00	Bicycle	NA	1	FALSE	FALSE	1	LLOYD AVE	ELMGROVE AVE	2020-06-20	Two-Way , Not Divided	Dry	Daylight	Clear	Not a Collision Between Two Motor Vehicles in Transport	No	Stop Signs	6	1	Incapacitating	2	41.83416	-71.3908	FALSE	FALSE	Lloyd Ave and Elmgrove Ave, Providence, RI, USA	FALSE	-71.3907943	41.834174	intersection	geometric_center	lloyd ave & elmgrove ave, providence, ri 02906, usa	NA	NA	NA	NA	41.834174	-71.3907943	Med High	1.628602847298045	NA
715	2020-06-18	820567	03:29:00	Pedestrian	1	NA	FALSE	FALSE	1	SORRENTO ST	WADSWORTH ST	2020-06-18	Unknown	Dry	Dark - Lighted	Clear	Not a Collision Between Two Motor Vehicles in Transport	Yes, M/V and Driver Left Scene	Unknown	1	1	Non-Incapacitating	NA	41.80679	-71.43831	FALSE	FALSE	Sorrento Street and Wadsworth Street, Providence, RI, USA	FALSE	-71.4384539	41.806629	intersection	geometric_center	sorrento st & wadsworth st, providence, ri 02909, usa	NA	NA	NA	NA	41.806629	-71.4384539	Med High	21.535733149952833	NA
716	2020-06-17	820509	13:03:00	Pedestrian	1	NA	TRUE	FALSE	1	501 SILVER SPRING STREET	SMITHFIELD AVE	2020-06-17	Two-Way, Divided, Unprotected (painted>4feet) Medium	Dry	Daylight	Clear	Not a Collision Between Two Motor Vehicles in Transport	No	No Controls	3	1	Complains Of Pain	NA	41.85619	-71.41091	TRUE	FALSE	501 Silver Spring Street, Providence, RI, USA	FALSE	-71.4110061	41.8559306	street_address	range_interpolated	501 silver spring st, providence, ri 02904, usa	NA	NA	NA	NA	41.8559306	-71.4110061	High	29.955432481259816	NA
717	2020-06-17	820583	12:23:00	Other	1	NA	TRUE	FALSE	1	1271 Broad St	BROAD ST	2020-06-18	Two-Way , Not Divided	Dry	Daylight	Clear	Not a Collision Between Two Motor Vehicles in Transport	Yes, M/V and Driver Left Scene	No Controls	2	1	Complains Of Pain	NA	41.79195	-71.4069	TRUE	FALSE	1271 Broad Street, Providence, RI, USA	FALSE	-71.4071793	41.79177240000001	premise	rooftop	1271 broad st, providence, ri 02905, usa	NA	NA	NA	NA	41.79177240000001	-71.4071793	High	30.46673903584079	NA
718	2020-06-17	820596	16:30:00	Bicycle	NA	1	FALSE	FALSE	1	POTTERS AVE	BROAD ST	2020-06-18	Two-Way , Not Divided	Dry	Daylight	Clear	Not a Collision Between Two Motor Vehicles in Transport	Yes, M/V and Driver Left Scene	No Controls	1	1	Complains Of Pain	NA	41.80297	-71.41891	FALSE	FALSE	Potters Ave and Broad Street, Providence, RI, USA	FALSE	-71.4189101	41.80299300000001	intersection	geometric_center	potters ave & broad st, providence, ri 02905, usa	NA	NA	NA	NA	41.80299300000001	-71.4189101	Med High	2.5603617365920543	NA
719	2020-06-13	820249	17:55:00	Bicycle	NA	1	FALSE	FALSE	1	CHARLES ST	CORLISS ST	2020-06-13	One-Way Trafficway	Dry	Daylight	Clear	Not a Collision Between Two Motor Vehicles in Transport	No	No Controls	4	1	Complains Of Pain	NA	41.83867	-71.41526	FALSE	FALSE	Charles Street and Corliss Street, Providence, RI, USA	FALSE	-71.4124894	41.8411709	route	geometric_center	corliss st, providence, ri 02904, usa	Charles Street & Corliss Street, Providence, RI, USA	EjRDaGFybGVzIFN0cmVldCAmIENvcmxpc3MgU3RyZWV0LCBQcm92aWRlbmNlLCBSSSwgVVNBImYiZAoUChIJVVJ5mB1F5IkRpcYG1dpqiVsSFAoSCVVSeZgdReSJEaXGBtXaaolbGhQKEgl1C85s8UTkiRHLZMsuNVX9MhoUChIJMSS4NuJE5IkR9A92oVVA2AUiCg0J_O8YFYsDb9U	41.8380809	-71.41448849999999	41.8380809	-71.41448849999999	Med	91.62226865406815	NA
720	2020-06-09	820038	02:25:00	Pedestrian	1	NA	FALSE	FALSE	1	JEWETT ST	CALVERLY ST	2020-06-09	Two-Way , Not Divided	Dry	Dark - Lighted	Clear	Not a Collision Between Two Motor Vehicles in Transport	Yes, M/V and Driver Left Scene	No Controls	2	1	Complains Of Pain	NA	41.83279	-71.4214	FALSE	FALSE	Jewett Street and Calverly Street, Providence, RI, USA	FALSE	-71.4209759	41.83263549999999	intersection	geometric_center	jewett st & calverly st, providence, ri 02908, usa	NA	NA	NA	NA	41.83263549999999	-71.4209759	Med High	39.155836771510565	NA
721	2020-06-07	819963	13:12:00	Bicycle	NA	1	FALSE	FALSE	1	BROAD ST	ALDRICH ST	2020-06-07	Two-Way , Not Divided	Dry	Daylight	Clear	Not a Collision Between Two Motor Vehicles in Transport	No	No Controls	2	0	No Injury	NA	41.79362	-71.40898	FALSE	FALSE	Broad Street and Aldrich Street, Providence, RI, USA	FALSE	-71.4071857	41.7945459	route	geometric_center	aldrich st, providence, ri 02905, usa	Broad Street & Aldrich Street, Providence, RI, USA	EjJCcm9hZCBTdHJlZXQgJiBBbGRyaWNoIFN0cmVldCwgUHJvdmlkZW5jZSwgUkksIFVTQSJmImQKFAoSCelQzPWMT-SJEfEyNbUOAjRxEhQKEgnpUMz1jE_kiRHxMjW1DgI0cRoUChIJg9591YxP5IkRLKLKk5hLCKMaFAoSCTuV4FeLT-SJEfCTNf2eOQHCIgoNmDPpGBXz2m_V	41.793628	-71.4089741	41.793628	-71.4089741	Med	1.0162985831721474	NA
722	2020-06-05	819863	14:28:00	Bicycle	NA	1	FALSE	FALSE	1	OPPER STREET	SOCIAL STREET	2020-06-05	Two-Way , Not Divided	Dry	Daylight	Clear	Angle (Front - to - Side) Right Angle (Includes Broadside)	No	Stop Signs	3	0	No Injury	NA	41.83465	-71.41632	FALSE	FALSE	Opper Street and Social Street, Providence, RI, USA	FALSE	-71.4220131	41.8538456	intersection	geometric_center	opper st & social st, providence, ri 02904, usa	NA	NA	NA	NA	41.8538456	-71.4220131	Med High	2188.378981200224	Geocoded
723	2020-06-05	819873	21:00:00	Pedestrian	1	NA	FALSE	FALSE	1	ROCHAMBEAU AVE	HOPE ST	2020-06-05	Two-Way, Not Divided With a Continuous Left Turn Lane	Wet	Dusk	Clear	Not a Collision Between Two Motor Vehicles in Transport	Yes, Driver Left Scene	Traffic Control Signal	2	1	Complains Of Pain	NA	41.84691	-71.39608	FALSE	FALSE	Rochambeau Ave and Hope Street, Providence, RI, USA	FALSE	-71.3960532	41.8469319	intersection	geometric_center	hope st & rochambeau ave, providence, ri 02906, usa	NA	NA	NA	NA	41.8469319	-71.3960532	Med High	3.298845911548026	NA
724	2020-06-02	819708	21:25:00	Pedestrian	1	NA	FALSE	FALSE	1	EDDY ST	BROOM ST	2020-06-02	Two-Way , Not Divided	Dry	Dark - Lighted	Clear	Not a Collision Between Two Motor Vehicles in Transport	Yes, M/V and Driver Left Scene	No Controls	4	1	Complains Of Pain	NA	41.79061	-71.40323	FALSE	FALSE	Eddy Street and Broom Street, Providence, RI, USA	FALSE	-71.4032824	41.7907663	intersection	geometric_center	eddy st & broom st, providence, ri 02905, usa	NA	NA	NA	NA	41.7907663	-71.4032824	Med High	17.934550092460803	NA
725	2020-06-01	819705	23:30:00	Pedestrian	1	NA	FALSE	FALSE	1	77 Union Ave	SORRENTO ST	2020-06-02	Two-Way , Not Divided	Dry	Dark - Lighted	Clear	Not a Collision Between Two Motor Vehicles in Transport	No	No Controls	2	1	Incapacitating	NA	41.80984	-71.43621	TRUE	FALSE	77 Union Ave, Providence, RI, USA	FALSE	-71.4382136	41.8094521	premise	rooftop	77 union ave, providence, ri 02909, usa	NA	NA	NA	NA	41.8094521	-71.4382136	High	171.7621290875335	Cannot be determined
726	2020-05-31	819586	10:48:00	Pedestrian	1	NA	FALSE	FALSE	1	CRANSTON ST	DEXTER ST	2020-05-31	Two-Way , Not Divided	Dry	Daylight	Clear	Not a Collision Between Two Motor Vehicles in Transport	No	Pavement Markings	2	1	Complains Of Pain	NA	41.81264	-71.42952	FALSE	FALSE	Cranston Street and Dexter Street, Providence, RI, USA	FALSE	-71.429588	41.81260289999999	intersection	geometric_center	cranston st & dexter st, providence, ri 02907, usa	NA	NA	NA	NA	41.81260289999999	-71.429588	Med High	6.991992984509923	NA
727	2020-05-28	819423	16:38:00	Bicycle	NA	1	FALSE	FALSE	1	BROOK ST	WILLIAMS ST	2020-05-28	Two-Way , Not Divided	Dry	Daylight	Cloudy	Angle (Front - to - Side) Right Angle (Includes Broadside)	No	Stop Signs	3	1	Complains Of Pain	2	41.82248	-71.3986	FALSE	FALSE	Brook Street and Williams Street, Providence, RI, USA	FALSE	-71.3972807	41.8225518	route	geometric_center	williams st, providence, ri, usa	Brook Street & Williams Street, Providence, RI, USA	EjNCcm9vayBTdHJlZXQgJiBXaWxsaWFtcyBTdHJlZXQsIFByb3ZpZGVuY2UsIFJJLCBVU0EiZiJkChQKEglDtn3eO0XkiRGjnWxp6ydaBhIUChIJQ7Z93jtF5IkRo51saesnWgYaFAoSCZtmfXI7ReSJEXWGhyEQeABoGhQKEgnPFWYtOkXkiRHW0StZazEqCyIKDeWZ7RgVg3Bx1Q	41.8224613	-71.3985917	41.8224613	-71.3985917	Med	2.19259187281204	NA
728	2020-05-27	819369	16:29:00	Pedestrian	1	NA	FALSE	FALSE	1	CHARLES ST	HAWKINS ST	2020-05-27	Two-Way, Divided, Unprotected (painted>4feet) Medium	Dry	Daylight	Clear	Not a Collision Between Two Motor Vehicles in Transport	No	No Controls	2	1	Incapacitating	NA	41.8514	-71.42016	FALSE	FALSE	Charles Street and Hawkins Street, Providence, RI, USA	FALSE	-71.4232923	41.8502749	route	geometric_center	hawkins st, providence, ri, usa	Charles Street & Hawkins Street, Providence, RI, USA	EjRDaGFybGVzIFN0cmVldCAmIEhhd2tpbnMgU3RyZWV0LCBQcm92aWRlbmNlLCBSSSwgVVNBImYiZAoUChIJp7zvRPBE5IkRsQR9FhcT41QSFAoSCae870TwROSJEbEEfRYXE-NUGhQKEgl1C85s8UTkiRHLZMsuNVX9MhoUChIJpfJlFfpE5IkRLMzGtaGm9F0iCg3YA_IYFXEmbtU	41.851388	-71.4201487	41.851388	-71.4201487	Med	1.6316866740717042	NA
729	2020-05-26	819314	19:21:00	Pedestrian	1	NA	FALSE	FALSE	1	SMITH ST	RUGGLES ST	2020-05-26	Two-Way , Not Divided	Dry	Dusk	Clear	Not a Collision Between Two Motor Vehicles in Transport	No	No Controls	5	1	Complains Of Pain	NA	41.83616	-71.42831	FALSE	FALSE	Smith Street and Ruggles Street, Providence, RI, USA	FALSE	-71.4282411	41.8361735	intersection	geometric_center	smith st & ruggles st, providence, ri 02908, usa	NA	NA	NA	NA	41.8361735	-71.4282411	Med High	5.908810996576868	NA