row_number	crash_date	crash_report_id	crash_time	collision_type	count_pedestrian	count_bicycle	scooter	wheel_chair	number_of_vehicles	street_or_highway	nearest_intersection	report_date	type_of_roadway	road_surface_condition	light_condition	weather_condition	manner_of_impact	hit_and_run	traffic_control	person_count	injury_count	most_serious_injury	number_of_lanes	lat_raw	lon_raw	has_st_number	is_intersection_null	address_sent_to_geocoder	is_address_blank	lon_api_first_try	lat_api_first_try	type	loctype	address_returned_by_geocoder	address_returned_by_autocomplete	place_ids_autocompleted	lat_api_second_try	lon_api_second_try	lat_api_best	lon_api_best	api_coord_conf	distance_btwn_coords_meters	best_coordinate_set
1071	2019-02-16	768115	16:35:00	Bicycle	NA	1	FALSE	FALSE	1	105 Harris Ave	ACORN ST	2019-02-16	Two-Way , Not Divided	Dry	Daylight	Clear	Not a Collision Between Two Motor Vehicles in Transport	No	No Controls	3	1	Incapacitating	NA	41.82607	-71.42889	TRUE	FALSE	105 Harris Ave, Providence, RI, USA	FALSE	-71.42330439999999	41.8273632	street_address	range_interpolated	105 harris ave, providence, ri 02903, usa	NA	NA	NA	NA	41.8273632	-71.42330439999999	High	485.1822371739994	Raw
1072	2019-02-15	768043	22:35:00	Pedestrian	1	NA	FALSE	FALSE	1	Gentian Ave	TEXAS AVE	2019-02-15	Two-Way , Not Divided	Wet	Dark - Lighted	Clear	Not a Collision Between Two Motor Vehicles in Transport	No	No Controls	4	1	Complains Of Pain	NA	41.85035	-71.44978	FALSE	FALSE	Gentian Ave and Texas Ave, Providence, RI, USA	FALSE	-71.44976	41.85039889999999	intersection	geometric_center	texas ave & gentian ave, providence, ri 02908, usa	NA	NA	NA	NA	41.85039889999999	-71.44976	Med High	5.690543338072992	NA
1073	2019-02-14	767835	07:31:00	Pedestrian	1	NA	FALSE	FALSE	1	Branch Ave	Woodward Ave	2019-02-14	Two-Way , Not Divided	Dry	Daylight	Clear	Not a Collision Between Two Motor Vehicles in Transport	Yes, M/V and Driver Left Scene	No Controls	3	1	Complains Of Pain	2	NA	NA	FALSE	FALSE	Branch Ave and Woodward Ave, Providence, RI, USA	FALSE	-71.3683222	41.8253109	route	geometric_center	woodward ave, east providence, ri 02914, usa	Branch Avenue & Woodward Road, Providence, RI, USA	EjJCcmFuY2ggQXZlbnVlICYgV29vZHdhcmQgUm9hZCwgUHJvdmlkZW5jZSwgUkksIFVTQSJmImQKFAoSCRv-V7P3ROSJEbAywcuk7pNTEhQKEgkb_lez90TkiRGwMsHLpO6TUxoUChIJ6bTzhflE5IkRun0e3lJDtqgaFAoSCcW010JhROSJESl9PReWtkwFIgoN7FXyGBVM8WzV	41.8534892	-71.42806279999999	41.8534892	-71.42806279999999	Med	NA	NA
1074	2019-02-08	767260	15:27:00	Pedestrian	1	NA	FALSE	FALSE	1	POCASSET AVE	WHAT CHEER AVE	2019-02-08	Unknown	Wet	Daylight	Clear	Not a Collision Between Two Motor Vehicles in Transport	No	No Controls	2	0	No Injury	NA	41.80666	-71.45694	FALSE	FALSE	Pocasset Ave and What Cheer Ave, Providence, RI, USA	FALSE	-71.45673219999999	41.80695009999999	intersection	geometric_center	pocasset ave & what cheer ave, providence, ri 02909, usa	NA	NA	NA	NA	41.80695009999999	-71.45673219999999	Med High	36.60871302739153	NA
1075	2019-02-07	767021	01:22:00	Bicycle	NA	1	FALSE	FALSE	1	BOND ST	ATWELLS AVE	2019-02-07	Two-Way , Not Divided	Wet	Dark - Lighted	Rain	Not a Collision Between Two Motor Vehicles in Transport	Yes, M/V and Driver Left Scene	No Controls	2	1	Complains Of Pain	NA	41.82333	-71.42313	FALSE	FALSE	Bond Street and Atwells Ave, Providence, RI, USA	FALSE	-71.4363598	41.8244829	route	geometric_center	atwells ave, providence, ri, usa	Bond Street & Atwells Ave, Providence, RI, USA	Ei5Cb25kIFN0cmVldCAmIEF0d2VsbHMgQXZlLCBQcm92aWRlbmNlLCBSSSwgVVNBImYiZAoUChIJhz7GjwxF5IkRn6nLeZ_KtU0SFAoSCYc-xo8MReSJEZ-py3mfyrVNGhQKEglDJR-PDEXkiRGOixKkHhnewxoUChIJ7W1EBqJF5IkRRornUFgoCTQiCg3-u-0YFT2ybdU	41.8233342	-71.4231235	41.8233342	-71.4231235	Med	0.7136845485120299	NA
1076	2019-02-07	767117	18:30:00	Bicycle	NA	1	FALSE	FALSE	1	1910 WESTMINSTER ST	NA	2019-02-07	Two-Way , Not Divided	Wet	Dark - Not Lighted	Clear	Not a Collision Between Two Motor Vehicles in Transport	Yes, M/V and Driver Left Scene	No Controls	1	1	Complains Of Pain	NA	41.81666	-71.44223	TRUE	TRUE	1910 Westminster Street, Providence, RI, USA	FALSE	-71.4420585	41.8164177	premise	rooftop	1910 westminster st, providence, ri 02909, usa	NA	NA	NA	NA	41.8164177	-71.4420585	High	30.49549726616136	NA
1077	2019-02-07	767123	17:22:00	Pedestrian	1	NA	FALSE	FALSE	1	DYER AVE	PRUDENCE AVE	2019-02-07	Two-Way , Not Divided	Wet	Dark - Lighted	Rain	Not a Collision Between Two Motor Vehicles in Transport	No	No Controls	3	1	Complains Of Pain	NA	41.80548	-71.45777	FALSE	FALSE	Dyer Ave and Prudence Ave, Providence, RI, USA	FALSE	-71.4577264	41.8055311	intersection	geometric_center	dyer ave & prudence ave, providence, ri 02909, usa	NA	NA	NA	NA	41.8055311	-71.4577264	Med High	6.74145676828538	NA
1078	2019-02-06	766933	12:03:00	Bicycle	NA	1	FALSE	FALSE	1	George St	Hope St	2019-02-06	Two-Way , Not Divided	Dry	Daylight	Clear	Not a Collision Between Two Motor Vehicles in Transport	No	Stop Signs	2	1	Complains Of Pain	2	NA	NA	FALSE	FALSE	George Street and Hope Street, Providence, RI, USA	FALSE	-71.3993016	41.8403661	route	geometric_center	hope st, providence, ri, usa	George Street & Hope Street, Providence, RI, USA	EjBHZW9yZ2UgU3RyZWV0ICYgSG9wZSBTdHJlZXQsIFByb3ZpZGVuY2UsIFJJLCBVU0EiZiJkChQKEgmrO17fOkXkiRFKEUPHX6jYWhIUChIJqzte3zpF5IkRShFDx1-o2FoaFAoSCcfqJGM7ReSJEbJnjjYuSZRlGhQKEgmRo8kFxUTkiRFr4T3VeAKWISIKDYkb7hgVJ6Rx1Q	41.8257801	-71.3972697	41.8257801	-71.3972697	Med	NA	NA
1079	2019-02-06	766983	20:00:00	Pedestrian	1	NA	FALSE	FALSE	1	Thayer St	MANNING WALK	2019-02-06	One-Way Trafficway	Wet	Dark - Lighted	Rain	Not a Collision Between Two Motor Vehicles in Transport	No	Other	5	1	Non-Incapacitating	NA	41.82636	-71.40045	FALSE	FALSE	Thayer Street and Manning Walk, Providence, RI, USA	FALSE	-71.4004563	41.8263877	intersection	geometric_center	thayer st & manning walk, providence, ri 02912, usa	NA	NA	NA	NA	41.8263877	-71.4004563	Med High	3.127520933160634	NA
1080	2019-02-06	767003	21:03:00	Pedestrian	1	NA	FALSE	FALSE	1	MEMORIAL BLVD	STEEPLE ST	2019-02-06	Two-Way, Divided, Unprotected (painted>4feet) Medium	Wet	Dark - Lighted	Rain	Not a Collision Between Two Motor Vehicles in Transport	No	Traffic Control Signal	3	0	No Injury	NA	41.82678	-71.41066	FALSE	FALSE	Memorial Blvd and Steeple Street, Providence, RI, USA	FALSE	-71.409299	41.8273889	route	geometric_center	steeple st, providence, ri 02903, usa	NA	NA	NA	NA	41.8273889	-71.409299	Med	131.6814827336119	Raw
1081	2019-02-05	766812	08:24:00	Pedestrian	1	NA	FALSE	FALSE	1	BRIDGHAM ST	CRANSTON ST	2019-02-05	Two-Way, Divided, Unprotected (painted>4feet) Medium	Wet	Daylight	Clear	Not a Collision Between Two Motor Vehicles in Transport	No	Traffic Control Signal	7	1	Non-Incapacitating	NA	41.81396	-71.42694	FALSE	FALSE	Bridgham Street and Cranston Street, Providence, RI, USA	FALSE	-71.426947	41.8139796	intersection	geometric_center	cranston st & bridgham st, providence, ri 02907, usa	NA	NA	NA	NA	41.8139796	-71.426947	Med High	2.2578356769984347	NA
1082	2019-02-04	766690	12:08:00	Pedestrian	1	NA	FALSE	FALSE	1	S MAIN ST	COLLEGE ST	2019-02-04	Two-Way , Not Divided	Dry	Daylight	Clear	Not a Collision Between Two Motor Vehicles in Transport	No	No Controls	5	1	Complains Of Pain	NA	41.82574	-71.40793	FALSE	FALSE	S Main Street and College Street, Providence, RI, USA	FALSE	-71.4078251	41.8256787	intersection	geometric_center	s main st & college st, providence, ri 02903, usa	NA	NA	NA	NA	41.8256787	-71.4078251	Med High	11.058284860258118	NA
1083	2019-02-04	766752	17:43:00	Pedestrian	1	NA	FALSE	FALSE	1	FRANCIS ST	FOUNTAIN ST	2019-02-04	Two-Way , Not Divided	Dry	Dark - Lighted	Clear	Not a Collision Between Two Motor Vehicles in Transport	No	Traffic Control Signal	2	1	Complains Of Pain	NA	41.82489	-71.4145	FALSE	FALSE	Francis Street and Fountain Street, Providence, RI, USA	FALSE	-71.4161507	41.8232429	route	geometric_center	fountain st, providence, ri, usa	Francis Street & Fountain Street, Scranton, SC, USA	EjNGcmFuY2lzIFN0cmVldCAmIEZvdW50YWluIFN0cmVldCwgU2NyYW50b24sIFNDLCBVU0EiZiJkChQKEgmPjDUaT43_iBHX2ZixABOeIhIUChIJj4w1Gk-N_4gR19mYsQATniIaFAoSCVsPCwRPjf-IETFRxLfMAKuHGhQKEgl1IOXmTo3_iBHC06S-p07haSIKDftsNxQV_UZ30A	33.9176699	-79.7489411	33.9176699	-79.7489411	Med	1143868.4864212738	Raw
1084	2019-02-03	766608	17:33:00	Pedestrian	1	NA	FALSE	FALSE	1	BELLEVUE AVE	BUCKLIN ST	2019-02-03	Two-Way , Not Divided	Dry	Dark - Not Lighted	Clear	Not a Collision Between Two Motor Vehicles in Transport	Yes, M/V and Driver Left Scene	No Controls	4	1	Complains Of Pain	NA	41.8072	-71.42712	FALSE	FALSE	Bellevue Ave and Bucklin Street, Providence, RI, USA	FALSE	-71.42786559999999	41.8072493	intersection	geometric_center	bucklin st & bellevue ave, providence, ri 02907, usa	NA	NA	NA	NA	41.8072493	-71.42786559999999	Med High	62.11032821676512	NA
1085	2019-02-02	766531	17:22:00	Pedestrian	2	NA	FALSE	FALSE	1	NARRAGANSETT BLVD	OHIO AVENUE	2019-02-02	Two-Way , Not Divided	Sand	Dark - Not Lighted	Clear	Not a Collision Between Two Motor Vehicles in Transport	No	No Controls	5	2	Complains Of Pain	NA	41.79008	-71.39635	FALSE	FALSE	Narragansett Blvd and Ohio Avenue, Providence, RI, USA	FALSE	-71.39628739999999	41.7898851	intersection	geometric_center	ohio ave & narragansett blvd, providence, ri 02905, usa	NA	NA	NA	NA	41.7898851	-71.39628739999999	Med High	22.309626013278347	NA
1086	2019-01-30	766269	19:26:00	Pedestrian	1	NA	FALSE	FALSE	1	ELMWOOD AVE	PARKIS AVE	2019-01-30	Two-Way , Not Divided	Wet	Dark - Lighted	Snow	Not a Collision Between Two Motor Vehicles in Transport	Yes, M/V and Driver Left Scene	No Controls	2	1	Non-Incapacitating	NA	41.80883	-71.42462	FALSE	FALSE	Elmwood Ave and Parkis Ave, Providence, RI, USA	FALSE	-71.4245337	41.809159	intersection	geometric_center	elmwood ave & parkis ave, providence, ri 02907, usa	NA	NA	NA	NA	41.809159	-71.4245337	Med High	37.31757034172837	NA
1087	2019-01-26	765854	15:28:00	Pedestrian	1	NA	FALSE	FALSE	1	SPICER ST	BERNARD ST	2019-01-26	Two-Way , Not Divided	Dry	Daylight	Clear	Not a Collision Between Two Motor Vehicles in Transport	No	No Controls	3	1	Complains Of Pain	NA	41.79105	-71.40639	FALSE	FALSE	Spicer Street and Bernard Street, Providence, RI, USA	FALSE	-71.4078253	41.7905257	intersection	geometric_center	bernard st & spicer st, providence, ri 02905, usa	NA	NA	NA	NA	41.7905257	-71.4078253	Med High	132.65624237328396	Raw
1088	2019-01-24	765576	07:23:00	Pedestrian	1	NA	FALSE	FALSE	1	ADMIRAL ST	HUXLEY AVE	2019-01-24	Two-Way , Not Divided	Wet	Daylight	Rain	Other	No	No Controls	2	1	Complains Of Pain	2	41.83463	-71.41633	FALSE	FALSE	Admiral Street and Huxley Ave, Providence, RI, USA	FALSE	-71.4326586	41.8467787	intersection	geometric_center	admiral st & huxley ave, providence, ri 02908, usa	NA	NA	NA	NA	41.8467787	-71.4326586	Med High	1913.835392144628	Geocoded
1089	2019-01-24	765594	12:10:00	Bicycle	NA	1	FALSE	FALSE	1	WEYBOSSET ST	UNION ST	2019-01-24	Two-Way , Not Divided	Wet	Daylight	Rain	Sideswipe, Same Direction	No	No Controls	3	1	Non-Incapacitating	NA	41.82237	-71.41167	FALSE	FALSE	Weybosset Street and Union Street, Providence, RI, USA	FALSE	-71.4118986	41.8221261	intersection	geometric_center	weybosset st & union st, providence, ri 02903, usa	NA	NA	NA	NA	41.8221261	-71.4118986	Med High	33.11798690629435	NA
1090	2019-01-24	765601	12:11:00	Pedestrian	1	NA	FALSE	FALSE	1	633 N Main St	N MAIN ST	2019-01-24	Two-Way , Not Divided	Wet	Daylight	Rain	Not a Collision Between Two Motor Vehicles in Transport	No	Pavement Markings	4	1	Incapacitating	2	41.83662	-71.4096	TRUE	FALSE	633 N Main Street, Providence, RI, USA	FALSE	-71.4091838	41.8364271	street_address	rooftop	633 n main st, providence, ri 02904, usa	NA	NA	NA	NA	41.8364271	-71.4091838	High	40.65316305552423	NA
1091	2019-01-24	765641	17:06:00	Pedestrian	1	NA	FALSE	FALSE	1	DUDLEY ST	GAY ST	2019-01-24	Two-Way , Not Divided	Wet	Dark - Lighted	Rain	Not a Collision Between Two Motor Vehicles in Transport	No	Stop Signs	2	1	Complains Of Pain	NA	41.81003	-71.4129	FALSE	FALSE	Dudley Street and Gay Street, Providence, RI, USA	FALSE	-71.4128949	41.8100358	intersection	geometric_center	gay st & dudley st, providence, ri 02905, usa	NA	NA	NA	NA	41.8100358	-71.4128949	Med High	0.7719677794031524	NA
1092	2019-01-24	765665	17:06:00	Pedestrian	1	NA	FALSE	FALSE	1	BLACKSTONE ST	EDDY ST	2019-01-24	Two-Way , Not Divided	Wet	Dark - Lighted	Rain	Not a Collision Between Two Motor Vehicles in Transport	No	Pavement Markings	2	1	Complains Of Pain	NA	41.81013	-71.40722	FALSE	FALSE	Blackstone Street and Eddy Street, Providence, RI, USA	FALSE	-71.4072137	41.8101324	intersection	geometric_center	eddy st & blackstone st, providence, ri 02905, usa	NA	NA	NA	NA	41.8101324	-71.4072137	Med High	0.5870467559816289	NA
1093	2019-01-23	765504	18:18:00	Pedestrian	1	NA	FALSE	FALSE	1	DOYLE AVE	HOPE ST	2019-01-23	Two-Way , Not Divided	Wet	Dark - Not Lighted	Clear	Not a Collision Between Two Motor Vehicles in Transport	No	Traffic Control Signal	5	1	Non-Incapacitating	NA	41.83877	-71.4001	FALSE	FALSE	Doyle Ave and Hope Street, Providence, RI, USA	FALSE	-71.40009719999999	41.8387695	intersection	geometric_center	hope st & doyle ave, providence, ri 02906, usa	NA	NA	NA	NA	41.8387695	-71.40009719999999	Med High	0.23879745580099493	NA
1094	2019-01-22	765445	11:26:00	Pedestrian	1	NA	FALSE	FALSE	1	Bridgham Street	Westminster Street	2019-01-23	Two-Way, Divided, Unprotected (painted>4feet) Medium	Dry	Daylight	Clear	Not a Collision Between Two Motor Vehicles in Transport	No	No Controls	3	1	Complains Of Pain	1	41.81692	-71.42841	FALSE	FALSE	Bridgham Street and Westminster Street, Providence, RI, USA	FALSE	-71.4284038	41.8169384	intersection	geometric_center	bridgham st & westminster st, providence, ri 02909, usa	NA	NA	NA	NA	41.8169384	-71.4284038	Med High	2.1118781589892337	NA
1095	2019-01-20	765113	16:06:00	Bicycle	NA	NA	FALSE	FALSE	2	WESTMINSTER ST	SERVICE ROAD 8	2019-01-20	Two-Way , Not Divided	Ice/Frost	Daylight	Rain	Rear End(Front-to-Rear)	No	No Controls	4	0	No Injury	NA	41.81919	-71.41791	FALSE	FALSE	Westminster Street and Service Road 8, Providence, RI, USA	FALSE	-71.44060990000001	41.816332	intersection	geometric_center	service rd & westminster st, providence, ri 02909, usa	NA	NA	NA	NA	41.816332	-71.44060990000001	Med High	1909.9366002850347	Raw
1096	2019-01-17	764853	15:51:00	Pedestrian	1	NA	FALSE	FALSE	1	WESTMINSTER ST	STOKES ST	2019-01-17	Two-Way , Not Divided	Dry	Daylight	Clear	Other	No	Traffic Control Signal	2	1	Complains Of Pain	NA	41.81673	-71.44285	FALSE	FALSE	Westminster Street and Stokes Street, Providence, RI, USA	FALSE	-71.4428116	41.8167431	intersection	geometric_center	westminster st & stokes st, providence, ri 02909, usa	NA	NA	NA	NA	41.8167431	-71.4428116	Med High	3.5037281489116046	NA
1097	2019-01-16	764719	10:05:00	Pedestrian	1	NA	FALSE	FALSE	1	Potters Ave	PRAIRIE AVE	2019-01-16	Two-Way , Not Divided	Dry	Daylight	Clear	Not a Collision Between Two Motor Vehicles in Transport	No	Stop Signs	3	1	Complains Of Pain	NA	41.80407	-71.4143	FALSE	FALSE	Potters Ave and Prairie Ave, Providence, RI, USA	FALSE	-71.41419739999999	41.804104	intersection	geometric_center	potters ave & prairie ave, providence, ri 02905, usa	NA	NA	NA	NA	41.804104	-71.41419739999999	Med High	9.317206722663753	NA
1098	2019-01-15	764593	20:51:00	Pedestrian	1	NA	FALSE	FALSE	1	MANTON AVE	HERSCHEL ST	2019-01-15	Two-Way , Not Divided	Dry	Daylight	Clear	Not a Collision Between Two Motor Vehicles in Transport	No	No Controls	4	1	Complains Of Pain	NA	41.83331	-71.46961	FALSE	FALSE	Manton Ave and Herschel Street, Providence, RI, USA	FALSE	-71.4693755	41.83344899999999	intersection	geometric_center	herschel st & manton ave, providence, ri 02909, usa	NA	NA	NA	NA	41.83344899999999	-71.4693755	Med High	24.85421435090938	NA
1099	2019-01-14	764529	17:28:00	Pedestrian	1	NA	FALSE	FALSE	1	Douglas Ave	RIVER AVE	2019-01-14	Two-Way, Divided, Unprotected (painted>4feet) Medium	Dry	Dark - Lighted	Clear	Not a Collision Between Two Motor Vehicles in Transport	No	No Controls	4	1	Complains Of Pain	NA	41.8527	-71.43707	FALSE	FALSE	Douglas Ave and River Ave, Providence, RI, USA	FALSE	-71.4371491	41.8527663	intersection	geometric_center	river ave & douglas ave, providence, ri 02904, usa	NA	NA	NA	NA	41.8527663	-71.4371491	Med High	9.873663391855196	NA
1100	2019-01-14	764570	12:20:00	Bicycle	NA	1	FALSE	FALSE	1	Elmwood Avenue	Cadillac Drive	2019-01-15	Two-Way, Divided, Positive Median Barrier	Dry	Daylight	Clear	Not a Collision Between Two Motor Vehicles in Transport	No	Stop Signs	2	1	Non-Incapacitating	2	41.78916	-71.42126	FALSE	FALSE	Elmwood Avenue and Cadillac Drive, Providence, RI, USA	FALSE	-71.4212577	41.78916	intersection	geometric_center	cadillac dr & elmwood ave, providence, ri 02907, usa	NA	NA	NA	NA	41.78916	-71.4212577	Med High	0.19090010362568557	NA
1101	2019-01-11	763265	08:40:00	Pedestrian	1	NA	FALSE	FALSE	1	Washington Street	Eddy Street	2019-01-11	Two-Way, Divided, Unprotected (painted>4feet) Medium	Dry	Daylight	Clear	Not a Collision Between Two Motor Vehicles in Transport	No	Pavement Markings	3	1	Non-Incapacitating	1	41.82401	-71.4134	FALSE	FALSE	Washington Street and Eddy Street, Providence, RI, USA	FALSE	-71.4072274	41.8059506	route	geometric_center	eddy st, providence, ri, usa	Washington Street & Eddy Street, Providence, RI, USA	EjRXYXNoaW5ndG9uIFN0cmVldCAmIEVkZHkgU3RyZWV0LCBQcm92aWRlbmNlLCBSSSwgVVNBImYiZAoUChIJYTKH6BNF5IkR5kp7LeyaeroSFAoSCWEyh-gTReSJEeZKey3smnq6GhQKEgmp2s2cEkXkiREaB9CWoxI09hoUChIJO0x4GWdF5IkRbcddUVrUSsgiCg1e1-0YFXYtb9U	41.82403499999999	-71.41341539999999	41.82403499999999	-71.41341539999999	Med	3.0621949692118475	NA
1102	2019-01-09	763129	18:17:00	Bicycle	NA	1	FALSE	FALSE	1	BROAD ST	ELMWOOD AVE	2019-01-09	Two-Way , Not Divided	Dry	Dark - Lighted	Clear	Not a Collision Between Two Motor Vehicles in Transport	No	Traffic Control Signal	2	1	Non-Incapacitating	NA	41.8129	-71.42199	FALSE	FALSE	Broad Street and Elmwood Ave, Providence, RI, USA	FALSE	-71.4229658	41.7920613	route	geometric_center	elmwood ave, providence, ri, usa	Broad Street & Elmwood Ave, Providence, RI, USA	Ei9Ccm9hZCBTdHJlZXQgJiBFbG13b29kIEF2ZSwgUHJvdmlkZW5jZSwgUkksIFVTQSJmImQKFAoSCakle_JwReSJEUzVUWp9I7srEhQKEgmpJXvycEXkiRFM1VFqfSO7KxoUChIJg9591YxP5IkRLKLKk5hLCKMaFAoSCXfQbe2jT-SJEfE86TMHz6HvIgoNRSrsGBVD3m3V	41.8130501	-71.42199649999999	41.8130501	-71.42199649999999	Med	16.717756496488562	NA
1103	2019-01-03	762583	17:22:00	Pedestrian	1	NA	FALSE	FALSE	1	Broadway	DEAN ST	2019-01-03	Two-Way, Divided, Unprotected (painted>4feet) Medium	Dry	Dark - Lighted	Clear	Not a Collision Between Two Motor Vehicles in Transport	No	Traffic Control Signal	3	1	Complains Of Pain	NA	41.8214	-71.42253	FALSE	FALSE	Broadway and Dean Street, Providence, RI, USA	FALSE	-71.4242155	41.8234078	route	geometric_center	dean st, providence, ri, usa	Broadway & Dean Street, Providence, RI, USA	EitCcm9hZHdheSAmIERlYW4gU3RyZWV0LCBQcm92aWRlbmNlLCBSSSwgVVNBImYiZAoUChIJCcRZtQxF5IkRWJynngBsfzMSFAoSCQnEWbUMReSJEVicp54AbH8zGhQKEgmlteWGdUXkiREawjOx16RvsxoUChIJWwZsfgxF5IkRyLSf36DnQOQiCg38cO0YFWLJbdU	41.821414	-71.42253099999999	41.821414	-71.42253099999999	Med	1.560679264858292	NA
1104	2019-01-03	763004	16:15:00	Pedestrian	1	NA	FALSE	FALSE	1	Westfield Street	Harrison Street	2019-01-08	Two-Way, Divided, Unprotected (painted>4feet) Medium	Dry	Daylight	Clear	Not a Collision Between Two Motor Vehicles in Transport	Yes, M/V and Driver Left Scene	No Controls	1	1	Complains Of Pain	1	41.8103	-71.42739	FALSE	FALSE	Westfield Street and Harrison Street, Providence, RI, USA	FALSE	-71.4274104	41.81033619999999	intersection	geometric_center	harrison st & westfield st, providence, ri 02907, usa	NA	NA	NA	NA	41.81033619999999	-71.4274104	Med High	4.370817696823649	NA
1105	2019-01-02	762524	06:31:00	Pedestrian	1	NA	FALSE	FALSE	1	BLACKSTONE ST	EDDY ST	2019-01-03	Two-Way , Not Divided	Dry	Dark - Lighted	Clear	Not a Collision Between Two Motor Vehicles in Transport	No	No Controls	3	0	No Injury	NA	41.81013	-71.40723	FALSE	FALSE	Blackstone Street and Eddy Street, Providence, RI, USA	FALSE	-71.4072137	41.8101324	intersection	geometric_center	eddy st & blackstone st, providence, ri 02905, usa	NA	NA	NA	NA	41.8101324	-71.4072137	Med High	1.3785938146027623	NA
1106	2018-12-31	762772	21:15:00	Bicycle	NA	NA	FALSE	FALSE	2	SEABURY ST	POTTERS AVE	2019-01-05	Two-Way , Not Divided	Wet	Dark - Lighted	Rain	Not a Collision Between Two Motor Vehicles in Transport	Yes, M/V and Driver Left Scene	No Controls	2	0	No Injury	2	41.80319	-71.43257	FALSE	FALSE	Seabury Street and Potters Ave, Providence, RI, USA	FALSE	-71.432564	41.8031919	intersection	geometric_center	potters ave & seabury st, providence, ri 02907, usa	NA	NA	NA	NA	41.8031919	-71.432564	Med High	0.5409537219258748	NA
1107	2018-12-28	762064	16:20:00	Pedestrian	1	NA	FALSE	FALSE	1	DEXTER ST	CRANSTON ST	2018-12-28	Two-Way , Not Divided	Wet	Dark - Lighted	Rain	Not a Collision Between Two Motor Vehicles in Transport	No	No Controls	3	1	Complains Of Pain	2	41.81254	-71.42956	FALSE	FALSE	Dexter Street and Cranston Street, Providence, RI, USA	FALSE	-71.429588	41.81260289999999	intersection	geometric_center	cranston st & dexter st, providence, ri 02907, usa	NA	NA	NA	NA	41.81260289999999	-71.429588	Med High	7.377329082006569	NA
1108	2018-12-28	762081	19:05:00	Pedestrian	1	NA	FALSE	FALSE	1	Chalkstone Ave	Tiffany St.	2018-12-28	Two-Way , Not Divided	Wet	Dark - Lighted	Rain	Not a Collision Between Two Motor Vehicles in Transport	No	No Controls	2	1	Complains Of Pain	NA	41.83226	-71.44101	FALSE	FALSE	Chalkstone Ave and Tiffany St., Providence, RI, USA	FALSE	-71.44101239999999	41.8322763	intersection	geometric_center	tiffany st & chalkstone ave, providence, ri 02908, usa	NA	NA	NA	NA	41.8322763	-71.44101239999999	Med High	1.8253946161273962	NA
1109	2018-12-28	762094	19:09:00	Pedestrian	1	NA	FALSE	FALSE	1	Plainfield Street	WEBSTER AVE	2018-12-28	Two-Way, Divided, Positive Median Barrier	Wet	Dark - Lighted	Rain	Not a Collision Between Two Motor Vehicles in Transport	No	Traffic Control Signal	8	1	Non-Incapacitating	1	41.81366	-71.45067	FALSE	FALSE	Plainfield Street and Webster Ave, Providence, RI, USA	FALSE	-71.4507916	41.813667	intersection	geometric_center	webster ave & plainfield st, providence, ri 02909, usa	NA	NA	NA	NA	41.813667	-71.4507916	Med High	10.118994809454504	NA
1110	2018-12-27	762031	14:03:00	Pedestrian	3	NA	FALSE	FALSE	1	AMERICAN EXPRESS PLZ	EXCHANGE ST	2018-12-28	Two-Way , Not Divided	Ice/Frost	Daylight	Clear	Not a Collision Between Two Motor Vehicles in Transport	No	Stop Signs	7	3	Complains Of Pain	NA	41.82833	-71.4132	FALSE	FALSE	American Express Plz and Exchange Street, Providence, RI, USA	FALSE	-71.4118704	41.8265115	route	geometric_center	exchange st, providence, ri 02903, usa	NA	NA	NA	NA	41.8265115	-71.4118704	Med	230.52943966047283	Raw
1111	2018-12-26	761879	14:09:00	Pedestrian	1	NA	FALSE	FALSE	1	DORRANCE ST.	FOUNTAIN ST	2018-12-26	Two-Way , Not Divided	Dry	Daylight	Clear	Other	Yes, M/V and Driver Left Scene	Traffic Control Signal	3	1	Non-Incapacitating	NA	41.8349	-71.41676	FALSE	FALSE	Dorrance St. and Fountain Street, Providence, RI, USA	FALSE	-71.41462489999999	41.8249124	intersection	geometric_center	fountain st & dorrance st, providence, ri 02903, usa	NA	NA	NA	NA	41.8249124	-71.41462489999999	Med High	1125.8313584930181	Geocoded
1112	2018-12-24	761785	17:41:00	Pedestrian	1	NA	FALSE	FALSE	1	BRANCH AVE	MOY ST	2018-12-24	Two-Way , Not Divided	Wet	Dark - Lighted	Cloudy	Not a Collision Between Two Motor Vehicles in Transport	Yes, M/V and Driver Left Scene	No Controls	1	1	Incapacitating	NA	41.85492	-71.43664	FALSE	FALSE	Branch Ave and Moy Street, Providence, RI, USA	FALSE	-71.4362622	41.8548966	intersection	geometric_center	branch ave & moy st, providence, ri 02904, usa	NA	NA	NA	NA	41.8548966	-71.4362622	Med High	31.43335447385937	NA