row_number	crash_date	crash_report_id	crash_time	collision_type	count_pedestrian	count_bicycle	scooter	wheel_chair	number_of_vehicles	street_or_highway	nearest_intersection	report_date	type_of_roadway	road_surface_condition	light_condition	weather_condition	manner_of_impact	hit_and_run	traffic_control	person_count	injury_count	most_serious_injury	number_of_lanes	lat_raw	lon_raw	has_st_number	is_intersection_null	address_sent_to_geocoder	is_address_blank	lon_api_first_try	lat_api_first_try	type	loctype	address_returned_by_geocoder	address_returned_by_autocomplete	place_ids_autocompleted	lat_api_second_try	lon_api_second_try	lat_api_best	lon_api_best	api_coord_conf	distance_btwn_coords_meters	best_coordinate_set
1156	2018-11-07	755260	17:41:00	Bicycle	NA	1	FALSE	FALSE	1	Manton Ave	ATWELLS AVE	2018-11-07	Two-Way , Not Divided	Dry	Dark - Lighted	Clear	Not a Collision Between Two Motor Vehicles in Transport	No	No Controls	3	1	Complains Of Pain	NA	41.82537	-71.45466	FALSE	FALSE	Manton Ave and Atwells Ave, Providence, RI, USA	FALSE	-71.4541435	41.8252114	intersection	geometric_center	atwells ave & manton ave, providence, ri 02909, usa	NA	NA	NA	NA	41.8252114	-71.4541435	Med High	46.34040236594546	NA
1157	2018-11-06	753073	08:59:00	Pedestrian	1	NA	FALSE	FALSE	1	PEACE ST	ELMWOOD AVE	2018-11-06	Two-Way , Not Divided	Wet	Daylight	Cloudy	Other	No	No Controls	4	1	Complains Of Pain	3	41.80655	-71.42477	FALSE	FALSE	Peace Street and Elmwood Ave, Providence, RI, USA	FALSE	-71.4249572	41.8065686	intersection	geometric_center	peace st & elmwood ave, providence, ri 02907, usa	NA	NA	NA	NA	41.8065686	-71.4249572	Med High	15.67078076087665	NA
1158	2018-11-05	753034	17:39:00	Pedestrian	1	NA	FALSE	FALSE	1	THURBERS AVE	PRAIRIE AVE	2018-11-05	Two-Way , Not Divided	Wet	Dark - Lighted	Rain	Not a Collision Between Two Motor Vehicles in Transport	No	Traffic Control Signal	4	1	Non-Incapacitating	NA	41.79873	-71.41191	FALSE	FALSE	Thurbers Ave and Prairie Ave, Providence, RI, USA	FALSE	-71.41191049999999	41.7987434	intersection	geometric_center	thurbers ave & prairie ave, providence, ri 02905, usa	NA	NA	NA	NA	41.7987434	-71.41191049999999	Med High	1.4922581778487964	NA
1159	2018-11-04	753001	17:22:00	Pedestrian	1	NA	FALSE	FALSE	1	Camp Street	Jenkins Street	2018-11-05	Two-Way , Not Divided	Dry	Dark - Lighted	Clear	Not a Collision Between Two Motor Vehicles in Transport	Yes, M/V and Driver Left Scene	Pavement Markings	2	1	Non-Incapacitating	1	41.84076	-71.4036	FALSE	FALSE	Camp Street and Jenkins Street, Providence, RI, USA	FALSE	-71.40358619999999	41.8407815	intersection	geometric_center	camp st & jenkins st, providence, ri 02906, usa	NA	NA	NA	NA	41.8407815	-71.40358619999999	Med High	2.6529314629689056	NA
1160	2018-11-03	752842	05:43:00	Pedestrian	1	NA	FALSE	FALSE	1	Memorial Blvd	EXIT 22A  (RT )	2018-11-03	Two-Way, Divided, Positive Median Barrier	Wet	Dark - Lighted	Rain	Not a Collision Between Two Motor Vehicles in Transport	No	Traffic Control Signal	2	1	Incapacitating	NA	41.82583	-71.41506	FALSE	FALSE	Memorial Blvd and Exit 22a  (Rt ), Providence, RI, USA	FALSE	-71.4128343	41.8239891	locality	approximate	providence, ri, usa	NA	NA	NA	NA	41.8239891	-71.4128343	Med	275.83291431451073	Raw
1161	2018-11-03	752870	18:38:00	Pedestrian	1	NA	FALSE	FALSE	1	RANDALL ST	CHARLES ST	2018-11-03	Two-Way , Not Divided	Dry	Dark - Lighted	Clear	Not a Collision Between Two Motor Vehicles in Transport	No	No Controls	2	1	Complains Of Pain	NA	41.83761	-71.41032	FALSE	FALSE	Randall Street and Charles Street, Providence, RI, USA	FALSE	-71.419539	41.8474982	route	geometric_center	charles st, providence, ri, usa	Randall Street & Charles Street, Providence, RI, USA	EjRSYW5kYWxsIFN0cmVldCAmIENoYXJsZXMgU3RyZWV0LCBQcm92aWRlbmNlLCBSSSwgVVNBImYiZAoUChIJK5_7KRxF5IkRC4AGxe12bdQSFAoSCSuf-ykcReSJEQuABsXtdm3UGhQKEgmXgCFvHkXkiREFR8Ne4aJLqhoUChIJdQvObPFE5IkRy2TLLjVV_TIiCg0Sse8YFcNfb9U	41.8361618	-71.4121277	41.8361618	-71.4121277	Med	220.15410157945882	Raw
1162	2018-11-03	752881	22:43:00	Pedestrian	1	NA	FALSE	FALSE	1	SMITH ST	CHALKSTONE AVE	2018-11-04	Two-Way , Not Divided	Dry	Dark - Lighted	Clear	Not a Collision Between Two Motor Vehicles in Transport	No	No Controls	3	1	Incapacitating	NA	41.8353	-71.42585	FALSE	FALSE	Smith Street and Chalkstone Ave, Providence, RI, USA	FALSE	-71.4256425	41.83522139999999	intersection	geometric_center	chalkstone ave & smith st, providence, ri 02908, usa	NA	NA	NA	NA	41.83522139999999	-71.4256425	Med High	19.306621665701755	NA
1163	2018-11-02	752714	07:22:00	Bicycle	NA	1	FALSE	FALSE	1	500 Broad St	Pine St	2018-11-02	Two-Way , Not Divided	Wet	Dawn	Cloudy	Not a Collision Between Two Motor Vehicles in Transport	Yes, M/V and Driver Left Scene	No Controls	2	1	Complains Of Pain	2	NA	NA	TRUE	FALSE	500 Broad Street, Providence, RI, USA	FALSE	-71.420897	41.8108616	premise	rooftop	500 broad st, providence, ri 02909, usa	NA	NA	NA	NA	41.8108616	-71.420897	High	NA	NA
1164	2018-11-02	775754	14:25:00	Pedestrian	1	NA	FALSE	FALSE	1	35 Camp Street	Doyle Ave	2019-03-25	Two-Way , Not Divided	Dry	Daylight	Clear	Other	Yes, M/V and Driver Left Scene	No Controls	4	1	Complains Of Pain	2	NA	NA	TRUE	FALSE	35 Camp Street, Providence, RI, USA	FALSE	-71.4034252	41.8374411	premise	rooftop	35 camp st, providence, ri 02906, usa	NA	NA	NA	NA	41.8374411	-71.4034252	High	NA	NA
1165	2018-10-31	752521	07:20:00	Pedestrian	1	NA	FALSE	FALSE	1	DUDLEY ST	GAY ST	2018-10-31	Two-Way , Not Divided	Dry	Daylight	Clear	Not a Collision Between Two Motor Vehicles in Transport	No	No Controls	2	1	Complains Of Pain	NA	41.80998	-71.41326	FALSE	FALSE	Dudley Street and Gay Street, Providence, RI, USA	FALSE	-71.4128949	41.8100358	intersection	geometric_center	gay st & dudley st, providence, ri 02905, usa	NA	NA	NA	NA	41.8100358	-71.4128949	Med High	30.923745041195154	NA
1166	2018-10-31	752541	08:15:00	Other	NA	NA	TRUE	FALSE	2	S MAIN ST	COLLEGE ST	2018-10-31	One-Way Trafficway	Dry	Daylight	Clear	Rear End(Front-to-Rear)	No	Pavement Markings	3	0	No Injury	2	41.82602	-71.40816	FALSE	FALSE	S Main Street and College Street, Providence, RI, USA	FALSE	-71.4078251	41.8256787	intersection	geometric_center	s main st & college st, providence, ri 02903, usa	NA	NA	NA	NA	41.8256787	-71.4078251	Med High	47.06662237005352	NA
1167	2018-10-31	752544	08:51:00	Bicycle	NA	1	FALSE	FALSE	1	EAST RIVER ST	WATERMAN ST	2018-10-31	Two-Way , Not Divided	Dry	Daylight	Clear	Other	No	No Controls	3	1	Complains Of Pain	2	41.82768	-71.3814	FALSE	FALSE	East River Street and Waterman Street, Providence, RI, USA	FALSE	-71.394672	41.8276277	route	geometric_center	waterman st, providence, ri, usa	NA	NA	NA	NA	41.8276277	-71.394672	Med	1100.9302786606972	Raw
1168	2018-10-29	752329	15:29:00	Bicycle	NA	1	FALSE	FALSE	1	PARK ST	PROMENADE ST	2018-10-29	Two-Way , Not Divided	Dry	Daylight	Clear	Not a Collision Between Two Motor Vehicles in Transport	No	Traffic Control Signal	3	1	Complains Of Pain	NA	41.82773	-71.41764	FALSE	FALSE	Park Street and Promenade Street, Providence, RI, USA	FALSE	-71.423119	41.8292232	route	geometric_center	promenade st, providence, ri, usa	Park Street & Promenade Street, Providence, RI, USA	EjNQYXJrIFN0cmVldCAmIFByb21lbmFkZSBTdHJlZXQsIFByb3ZpZGVuY2UsIFJJLCBVU0EiZiJkChQKEgnZPYQrEEXkiRF9_M-xeLE6FxIUChIJ2T2EKxBF5IkRffzPsXixOhcaFAoSCVGlciIQReSJETUl7BFB0ixuGhQKEglXQzwqD0XkiRH9-pmeRajOBSIKDYxs7hgVhYdu1Q	41.82785399999999	-71.4176635	41.82785399999999	-71.4176635	Med	13.940577715079087	NA
1169	2018-10-27	752173	21:58:00	Pedestrian	1	NA	FALSE	FALSE	1	BENEFIT ST	COLLEGE ST	2018-10-27	Two-Way , Not Divided	Dry	Dark - Lighted	Clear	Not a Collision Between Two Motor Vehicles in Transport	Yes, M/V and Driver Left Scene	Stop Signs	2	1	Complains Of Pain	NA	41.826	-71.40683	FALSE	FALSE	Benefit Street and College Street, Providence, RI, USA	FALSE	-71.40683539999999	41.8260134	intersection	geometric_center	benefit st & college st, providence, ri 02903, usa	NA	NA	NA	NA	41.8260134	-71.40683539999999	Med High	1.5574868370005728	NA
1170	2018-10-27	752183	17:43:00	Pedestrian	1	NA	FALSE	FALSE	1	ALLENS AVE	TORONTO AVE	2018-10-27	Two-Way, Divided, Unprotected (painted>4feet) Medium	Wet	Dark - Lighted	Rain	Angle (Front - to - Side) Opposite Direction	Yes, M/V and Driver Left Scene	No Controls	1	1	Complains Of Pain	NA	41.79268	-71.39721	FALSE	FALSE	Allens Ave and Toronto Ave, Providence, RI, USA	FALSE	-71.3972047	41.7927052	intersection	geometric_center	toronto ave & allens ave, providence, ri 02905, usa	NA	NA	NA	NA	41.7927052	-71.3972047	Med High	2.839529012110812	NA
1171	2018-10-27	752199	21:17:00	Pedestrian	1	NA	FALSE	FALSE	1	Pearl St	Broad St	2018-10-27	Two-Way , Not Divided	Wet	Dark - Lighted	Rain	Not a Collision Between Two Motor Vehicles in Transport	No	Traffic Control Signal	3	1	Complains Of Pain	NA	41.81528	-71.42039	FALSE	FALSE	Pearl Street and Broad Street, Providence, RI, USA	FALSE	-71.4101636	41.7945838	route	geometric_center	broad st, providence, ri, usa	Pearl Street & Broad Street, Providence, RI, USA	EjBQZWFybCBTdHJlZXQgJiBCcm9hZCBTdHJlZXQsIFByb3ZpZGVuY2UsIFJJLCBVU0EiZiJkChQKEgk1O0-ncUXkiRHr2v1gzR_JJxIUChIJNTtPp3FF5IkR69r9YM0fyScaFAoSCQ2bhTRuReSJEbqh7XXlSlUKGhQKEgmD3n3VjE_kiREsosqTmEsIoyIKDYVt7BgVkQZu1Q	41.8147717	-71.4209647	41.8147717	-71.4209647	Med	73.99446332931679	NA
1172	2018-10-27	752235	06:30:00	Pedestrian	1	NA	FALSE	FALSE	1	141 Weybosset St	EDDY ST	2018-10-28	Two-Way , Not Divided	Wet	Dawn	Rain	Not a Collision Between Two Motor Vehicles in Transport	Yes, M/V and Driver Left Scene	No Controls	1	1	Complains Of Pain	NA	41.82271	-71.41137	TRUE	FALSE	141 Weybosset Street, Providence, RI, USA	FALSE	-71.41155789999999	41.8228207	street_address	rooftop	141 weybosset st, providence, ri 02903, usa	NA	NA	NA	NA	41.8228207	-71.41155789999999	High	19.87030690491759	NA
1173	2018-10-26	752103	13:21:00	Pedestrian	1	NA	FALSE	FALSE	1	VEAZIE ST	DOUGLAS AVE	2018-10-26	Two-Way , Not Divided	Dry	Daylight	Clear	Other	No	No Controls	6	0	No Injury	NA	41.85107	-71.43444	FALSE	FALSE	Veazie Street and Douglas Ave, Providence, RI, USA	FALSE	-71.4341761	41.8505578	intersection	geometric_center	douglas ave & veazie st, providence, ri 02904, usa	NA	NA	NA	NA	41.8505578	-71.4341761	Med High	61.07277696270768	NA
1174	2018-10-26	752139	17:21:00	Bicycle	NA	1	FALSE	FALSE	1	WILLIAMS ST	BROOK ST	2018-10-26	Two-Way, Divided, Unprotected (painted>4feet) Medium	Dry	Daylight	Clear	Angle (Front - to - Side) Opposite Direction	No	Stop Signs	2	1	Complains Of Pain	NA	41.82245	-71.39859	FALSE	FALSE	Williams Street and Brook Street, Providence, RI, USA	FALSE	-71.3989869	41.825126	route	geometric_center	brook st, providence, ri, usa	Williams Street & Brook Street, Providence, RI, USA	EjNXaWxsaWFtcyBTdHJlZXQgJiBCcm9vayBTdHJlZXQsIFByb3ZpZGVuY2UsIFJJLCBVU0EiZiJkChQKEglDtn3eO0XkiRGjnWxp6ydaBhIUChIJQ7Z93jtF5IkRo51saesnWgYaFAoSCc8VZi06ReSJEdbRK1lrMSoLGhQKEgmbZn1yO0XkiRF1hochEHgAaCIKDeWZ7RgVg3Bx1Q	41.8224613	-71.3985917	41.8224613	-71.3985917	Med	1.26579095196663	NA
1175	2018-10-26	752155	19:33:00	Bicycle	NA	1	FALSE	FALSE	1	Smith St	Holden St	2018-10-26	Two-Way , Not Divided	Dry	Dark - Lighted	Clear	Not a Collision Between Two Motor Vehicles in Transport	No	No Controls	3	1	Incapacitating	NA	41.83226	-71.41818	FALSE	FALSE	Smith Street and Holden Street, Providence, RI, USA	FALSE	-71.41800549999999	41.8322069	intersection	geometric_center	holden st & smith st, providence, ri 02908, usa	NA	NA	NA	NA	41.8322069	-71.41800549999999	Med High	15.634281893171758	NA
1176	2018-10-24	751985	17:34:00	Pedestrian	1	NA	FALSE	FALSE	1	731 Eddy Street	NA	2018-10-24	Two-Way , Not Divided	Dry	Daylight	Clear	Not a Collision Between Two Motor Vehicles in Transport	No	No Controls	3	1	Non-Incapacitating	NA	41.8087	-71.40723	TRUE	TRUE	731 Eddy Street, Providence, RI, USA	FALSE	-71.4075635	41.80781959999999	premise	rooftop	731 eddy st, providence, ri 02903, usa	NA	NA	NA	NA	41.80781959999999	-71.4075635	High	101.83745665099683	Raw
1177	2018-10-20	751607	14:00:00	Pedestrian	1	NA	FALSE	FALSE	1	Eddy Street	PAVILION AVE	2018-10-20	Two-Way , Not Divided	Dry	Daylight	Clear	Not a Collision Between Two Motor Vehicles in Transport	Yes, M/V and Driver Left Scene	No Controls	1	1	Complains Of Pain	NA	41.79732	-71.40511	FALSE	FALSE	Eddy Street and Pavilion Ave, Providence, RI, USA	FALSE	-71.40521489999999	41.7976798	intersection	geometric_center	pavilion ave & eddy st, providence, ri 02905, usa	NA	NA	NA	NA	41.7976798	-71.40521489999999	Med High	40.98792490996283	NA
1178	2018-10-20	751655	19:42:00	Pedestrian	1	NA	FALSE	FALSE	1	UNION AVE	WHITEHALL ST	2018-10-20	Two-Way , Not Divided	Dry	Dark - Lighted	Clear	Unknown	No	No Controls	3	1	Complains Of Pain	NA	41.80789	-71.44347	FALSE	FALSE	Union Ave and Whitehall Street, Providence, RI, USA	FALSE	-71.445114	41.8103179	route	geometric_center	whitehall st, providence, ri, usa	Union Ave & Whitehall Street, Providence, RI, USA	EjFVbmlvbiBBdmUgJiBXaGl0ZWhhbGwgU3RyZWV0LCBQcm92aWRlbmNlLCBSSSwgVVNBImYiZAoUChIJ-VAjWohF5IkRu98HnY0tfOASFAoSCflQI1qIReSJEbvfB52NLXzgGhQKEgkjges4ikXkiRGe1Z8wsMWILxoUChIJ0XzJ2IhF5IkRe7M5a8Uv5H4iCg1gXesYFW6GatU	41.8078048	-71.4439058	41.8078048	-71.4439058	Med	37.38399396850131	NA
1179	2018-10-20	751673	19:21:00	Pedestrian	1	NA	FALSE	FALSE	1	Elmwood ave/ reservoir ave	NA	2018-10-21	Two-Way , Not Divided	Dry	Daylight	Clear	Not a Collision Between Two Motor Vehicles in Transport	No	Unknown	2	1	Complains Of Pain	NA	41.79782	-71.42611	FALSE	TRUE	Elmwood Ave/ Reservoir Ave, Providence, RI, USA	FALSE	-71.4258248	41.7971616	intersection	geometric_center	reservoir ave & elmwood ave, providence, ri 02907, usa	NA	NA	NA	NA	41.7971616	-71.4258248	Inaccurate	77.01965475487167	NA
1180	2018-10-17	751370	08:33:00	Pedestrian	1	NA	FALSE	FALSE	1	HUXLEY AVE	ADMIRAL ST	2018-10-17	Two-Way , Not Divided	Dry	Daylight	Clear	Other	No	No Controls	4	1	Non-Incapacitating	2	41.84669	-71.43266	FALSE	FALSE	Huxley Ave and Admiral Street, Providence, RI, USA	FALSE	-71.4326586	41.8467787	intersection	geometric_center	admiral st & huxley ave, providence, ri 02908, usa	NA	NA	NA	NA	41.8467787	-71.4326586	Med High	9.874721316887467	NA
1181	2018-10-17	751418	20:58:00	Pedestrian	1	NA	FALSE	FALSE	1	Chalkstone Ave	Grosvenor Ave	2018-10-17	Two-Way , Not Divided	Dry	Dark - Lighted	Clear	Not a Collision Between Two Motor Vehicles in Transport	No	No Controls	3	1	Complains Of Pain	NA	41.83236	-71.43979	FALSE	FALSE	Chalkstone Ave and Grosvenor Ave, Providence, RI, USA	FALSE	-71.439537	41.8323976	intersection	geometric_center	grosvenor ave & chalkstone ave, providence, ri 02908, usa	NA	NA	NA	NA	41.8323976	-71.439537	Med High	21.39820595144548	NA
1182	2018-10-16	751342	14:27:00	Pedestrian	1	NA	FALSE	FALSE	1	BROOK STREET	MANNING WALK	2018-10-16	Two-Way , Not Divided	Dry	Daylight	Clear	Not a Collision Between Two Motor Vehicles in Transport	No	Yield Signs	2	1	Complains Of Pain	2	41.82648	-71.39918	FALSE	FALSE	Brook Street and Manning Walk, Providence, RI, USA	FALSE	-71.39917489999999	41.8265615	intersection	geometric_center	brook st & manning walk, providence, ri 02906, usa	NA	NA	NA	NA	41.8265615	-71.39917489999999	Med High	9.082396657212135	NA
1183	2018-10-13	751114	09:58:00	Pedestrian	1	NA	FALSE	FALSE	1	RESERVOIR AVE	ALGONQUIN ST	2018-10-13	Two-Way , Not Divided	Wet	Daylight	Rain	Other	No	No Controls	2	1	Complains Of Pain	2	41.79342	-71.42708	FALSE	FALSE	Reservoir Ave and Algonquin Street, Providence, RI, USA	FALSE	-71.4269898	41.7936004	intersection	geometric_center	reservoir ave & algonquin st, providence, ri 02907, usa	NA	NA	NA	NA	41.7936004	-71.4269898	Med High	21.431980983098814	NA
1184	2018-10-12	750049	14:11:00	Bicycle	NA	1	FALSE	FALSE	1	MANTON AVE	CHAFFEE ST	2018-10-12	Two-Way, Divided, Unprotected (painted>4feet) Medium	Dry	Daylight	Clear	Not a Collision Between Two Motor Vehicles in Transport	No	No Controls	3	1	Complains Of Pain	NA	41.81879	-71.44572	FALSE	FALSE	Manton Ave and Chaffee Street, Providence, RI, USA	FALSE	-71.4456512	41.8187415	intersection	geometric_center	chaffee st & manton ave, providence, ri 02909, usa	NA	NA	NA	NA	41.8187415	-71.4456512	Med High	7.856699888784422	NA
1185	2018-10-12	751349	22:10:00	Bicycle	NA	1	FALSE	FALSE	1	ATWELLS AVENUE	ACADEMY AVE	2018-10-12	Two-Way , Not Divided	Dry	Dark - Lighted	Clear	Not a Collision Between Two Motor Vehicles in Transport	No	Traffic Control Signal	2	1	Complains Of Pain	NA	41.82478	-71.44338	FALSE	FALSE	Atwells Avenue and Academy Ave, Providence, RI, USA	FALSE	-71.4435191	41.8247997	intersection	geometric_center	atwells ave & academy ave, providence, ri 02909, usa	NA	NA	NA	NA	41.8247997	-71.4435191	Med High	11.745430635044336	NA
1186	2018-10-11	749929	10:30:00	Pedestrian	1	NA	FALSE	FALSE	1	Elmwood Ave	BURNETT ST	2018-10-11	Two-Way , Not Divided	Dry	Daylight	Clear	Not a Collision Between Two Motor Vehicles in Transport	No	Pavement Markings	4	1	Complains Of Pain	2	41.80299	-71.42587	FALSE	FALSE	Elmwood Ave and Burnett Street, Providence, RI, USA	FALSE	-71.4258931	41.8029787	intersection	geometric_center	burnett st & elmwood ave, providence, ri 02907, usa	NA	NA	NA	NA	41.8029787	-71.4258931	Med High	2.2927703681101215	NA
1187	2018-10-11	749983	18:11:00	Bicycle	NA	1	FALSE	FALSE	1	ADMIRAL ST	DOUGLAS AVE	2018-10-11	Two-Way , Not Divided	Wet	Dark - Lighted	Rain	Not a Collision Between Two Motor Vehicles in Transport	No	Traffic Control Signal	3	1	Complains Of Pain	NA	41.84605	-71.429	FALSE	FALSE	Admiral Street and Douglas Ave, Providence, RI, USA	FALSE	-71.4289636	41.8460618	intersection	geometric_center	admiral st & douglas ave, providence, ri 02908, usa	NA	NA	NA	NA	41.8460618	-71.4289636	Med High	3.291947995690432	NA
1188	2018-10-10	749877	17:10:00	Pedestrian	2	NA	FALSE	FALSE	1	MERINO ST	CROWNINSHIELD ST	2018-10-10	Two-Way, Divided, Unprotected (painted>4feet) Medium	Dry	Daylight	Clear	Other	Yes, M/V and Driver Left Scene	No Controls	2	2	Complains Of Pain	NA	41.81852	-71.45909	FALSE	FALSE	Merino Street and Crowninshield Street, Providence, RI, USA	FALSE	-71.458626	41.8172	intersection	geometric_center	merino st & crowninshield st, providence, ri 02909, usa	NA	NA	NA	NA	41.8172	-71.458626	Med High	151.90035892571015	Raw
1189	2018-10-10	749882	17:07:00	Pedestrian	1	NA	FALSE	FALSE	1	ALVERSON AVE	NYE ST	2018-10-10	Two-Way, Divided, Unprotected (painted>4feet) Medium	Dry	Daylight	Clear	Not a Collision Between Two Motor Vehicles in Transport	No	No Controls	2	1	Complains Of Pain	NA	41.81874	-71.46007	FALSE	FALSE	Alverson Ave and Nye Street, Providence, RI, USA	FALSE	-71.4594499	41.8169709	intersection	geometric_center	nye st & alverson ave, providence, ri 02909, usa	NA	NA	NA	NA	41.8169709	-71.4594499	Med High	203.54393611125988	Geocoded
1190	2018-10-07	749561	14:42:00	Pedestrian	2	NA	FALSE	FALSE	1	315 broad st	BROAD ST	2018-10-07	Two-Way , Not Divided	Dry	Daylight	Clear	Not a Collision Between Two Motor Vehicles in Transport	Yes, M/V and Driver Left Scene	No Controls	3	2	Non-Incapacitating	NA	41.8144	-71.42116	TRUE	FALSE	315 Broad Street, Providence, RI, USA	FALSE	-71.4217316	41.81451740000001	premise	rooftop	315 broad st, providence, ri 02907, usa	NA	NA	NA	NA	41.81451740000001	-71.4217316	High	49.19188420127385	NA
1191	2018-10-07	749574	19:25:00	Bicycle	NA	2	FALSE	FALSE	1	Hawkins Street	YORKSHIRE ST	2018-10-07	Two-Way , Not Divided	Wet	Dark - Lighted	Rain	Not a Collision Between Two Motor Vehicles in Transport	No	No Controls	4	0	No Injury	NA	41.84871	-71.4257	FALSE	FALSE	Hawkins Street and Yorkshire Street, Providence, RI, USA	FALSE	-71.4255153	41.848903	intersection	geometric_center	yorkshire st & hawkins st, providence, ri 02908, usa	NA	NA	NA	NA	41.848903	-71.4255153	Med High	26.3849489961288	NA
1192	2018-10-07	751407	15:13:00	Pedestrian	1	NA	FALSE	FALSE	1	Douglas Avenue	Fillmore Street	2018-10-17	Two-Way, Divided, Unprotected (painted>4feet) Medium	Dry	Daylight	Clear	Not a Collision Between Two Motor Vehicles in Transport	Yes, M/V and Driver Left Scene	Pavement Markings	3	1	Non-Incapacitating	1	41.83718	-71.42232	FALSE	FALSE	Douglas Avenue and Fillmore Street, Providence, RI, USA	FALSE	-71.42231100000001	41.8371944	intersection	geometric_center	fillmore st & douglas ave, providence, ri 02908, usa	NA	NA	NA	NA	41.8371944	-71.42231100000001	Med High	1.7682716320100214	NA
1193	2018-10-06	749493	16:25:00	Pedestrian	1	NA	FALSE	FALSE	1	Smith St	CHALKSTONE AVE	2018-10-06	Two-Way , Not Divided	Dry	Daylight	Clear	Not a Collision Between Two Motor Vehicles in Transport	No	Traffic Control Signal	5	1	Complains Of Pain	NA	41.83522	-71.42566	FALSE	FALSE	Smith Street and Chalkstone Ave, Providence, RI, USA	FALSE	-71.4256425	41.83522139999999	intersection	geometric_center	chalkstone ave & smith st, providence, ri 02908, usa	NA	NA	NA	NA	41.83522139999999	-71.4256425	Med High	1.4597996081065128	NA
1194	2018-10-05	749512	15:02:00	Bicycle	NA	1	FALSE	FALSE	1	WASHINGTON ST	EXCHANGE ST	2018-10-06	One-Way Trafficway	Dry	Daylight	Clear	Not a Collision Between Two Motor Vehicles in Transport	No	No Controls	3	0	No Injury	NA	41.8246	-71.41254	FALSE	FALSE	Washington Street and Exchange Street, Providence, RI, USA	FALSE	-71.4118704	41.8265115	route	geometric_center	exchange st, providence, ri 02903, usa	Washington Street & Exchange Street, Providence, RI, USA	EjhXYXNoaW5ndG9uIFN0cmVldCAmIEV4Y2hhbmdlIFN0cmVldCwgUHJvdmlkZW5jZSwgUkksIFVTQSJmImQKFAoSCX8SrsYWReSJEW5MQFQ5jjSiEhQKEgl_Eq7GFkXkiRFuTEBUOY40ohoUChIJqdrNnBJF5IkRGgfQlqMSNPYaFAoSCdFSn9cWReSJERdKzs-n0Y0OIgoNZxnuGBVVim_V	41.8257255	-71.4110379	41.8257255	-71.4110379	Med	176.7026982366586	Raw
1195	2018-10-05	749771	16:50:00	Pedestrian	1	NA	FALSE	FALSE	1	Messer Street	Cranston Street	2018-10-09	Two-Way , Not Divided	Dry	Daylight	Clear	Not a Collision Between Two Motor Vehicles in Transport	Yes, M/V and Driver Left Scene	No Controls	1	1	Non-Incapacitating	1	41.80964	-71.43347	FALSE	FALSE	Messer Street and Cranston Street, Providence, RI, USA	FALSE	-71.43343449999999	41.809637	intersection	geometric_center	cranston st & messer st, providence, ri 02907, usa	NA	NA	NA	NA	41.809637	-71.43343449999999	Med High	2.964431299055045	NA
1196	2018-10-02	749129	12:45:00	Pedestrian	1	NA	FALSE	FALSE	1	WESTMINSTER ST	DORRANCE ST	2018-10-02	Two-Way , Not Divided	Wet	Daylight	Cloudy	Other	No	Traffic Control Signal	2	1	Complains Of Pain	NA	41.82361	-71.41167	FALSE	FALSE	Westminster Street and Dorrance Street, Providence, RI, USA	FALSE	-71.4116693	41.8236083	intersection	geometric_center	westminster st & dorrance st, providence, ri 02903, usa	NA	NA	NA	NA	41.8236083	-71.4116693	Med High	0.1979518866131529	NA
1197	2018-10-01	749010	13:12:00	Bicycle	NA	1	FALSE	FALSE	1	WILLIAMS ST	S WATER ST	2018-10-01	One-Way Trafficway	Wet	Daylight	Clear	Not a Collision Between Two Motor Vehicles in Transport	No	Stop Signs	3	1	Complains Of Pain	NA	41.82157	-71.40438	FALSE	FALSE	Williams Street and S Water Street, Providence, RI, USA	FALSE	-71.4039536	41.8202174	route	geometric_center	s water st, providence, ri 02903, usa	NA	NA	NA	NA	41.8202174	-71.4039536	Med	154.67012311434195	Raw
1198	2018-10-01	749072	18:38:00	Pedestrian	1	NA	FALSE	FALSE	1	160 CHAPIN AVE	ELLERY ST	2018-10-01	Two-Way , Not Divided	Wet	Dark - Lighted	Rain	Other	No	No Controls	2	1	Complains Of Pain	NA	41.81186	-71.43764	TRUE	FALSE	160 Chapin Ave, Providence, RI, USA	FALSE	-71.43767749999999	41.8117257	premise	rooftop	160 chapin ave, providence, ri 02909, usa	NA	NA	NA	NA	41.8117257	-71.43767749999999	High	15.270544641222282	NA