row_number	crash_date	crash_report_id	crash_time	collision_type	count_pedestrian	count_bicycle	scooter	wheel_chair	number_of_vehicles	street_or_highway	nearest_intersection	report_date	type_of_roadway	road_surface_condition	light_condition	weather_condition	manner_of_impact	hit_and_run	traffic_control	person_count	injury_count	most_serious_injury	number_of_lanes	lat_raw	lon_raw	has_st_number	is_intersection_null	address_sent_to_geocoder	is_address_blank	lon_api_first_try	lat_api_first_try	type	loctype	address_returned_by_geocoder	address_returned_by_autocomplete	place_ids_autocompleted	lat_api_second_try	lon_api_second_try	lat_api_best	lon_api_best	api_coord_conf	distance_btwn_coords_meters	best_coordinate_set
1498	2017-10-24	639820	07:07:00	Pedestrian	1	NA	FALSE	FALSE	1	CRANSTON ST	POTTERS AVE	2017-10-24	Two-Way , Not Divided	Wet	Daylight	Rain	Not a Collision Between Two Motor Vehicles in Transport	No	Pavement Markings	2	1	Complains Of Pain	NA	41.80511	-71.43769	FALSE	FALSE	Cranston Street and Potters Ave, Providence, RI, USA	FALSE	-71.43779049999999	41.8050672	intersection	geometric_center	potters ave & cranston st, providence, ri 02909, usa	NA	NA	NA	NA	41.8050672	-71.43779049999999	Med High	9.60449547617728	NA
1499	2017-10-24	639942	07:09:00	Pedestrian	1	NA	FALSE	FALSE	1	200 HAWKINS ST	BRANCH AVE	2017-10-24	Two-Way , Not Divided	Wet	Daylight	Rain	Not a Collision Between Two Motor Vehicles in Transport	No	No Controls	4	1	Complains Of Pain	NA	41.85061	-71.4223	TRUE	FALSE	200 Hawkins Street, Providence, RI, USA	FALSE	-71.42274359999999	41.8507982	premise	rooftop	200 hawkins st, providence, ri 02904, usa	NA	NA	NA	NA	41.8507982	-71.42274359999999	High	42.331295173442996	NA
1500	2017-10-23	639390	11:23:00	Bicycle	NA	1	FALSE	FALSE	1	LIBRARY CT	WESTMINSTER ST	2017-10-23	Two-Way , Not Divided	Dry	Daylight	Clear	Not a Collision Between Two Motor Vehicles in Transport	No	Traffic Control Signal	3	0	No Injury	NA	41.81675	-71.44355	FALSE	FALSE	Library Ct and Westminster Street, Providence, RI, USA	FALSE	-71.4434849	41.8167835	intersection	geometric_center	library ct & westminster st, providence, ri 02909, usa	NA	NA	NA	NA	41.8167835	-71.4434849	Med High	6.563344427834119	NA
1501	2017-10-23	639744	23:30:00	Pedestrian	1	NA	FALSE	FALSE	1	343 broad st.	BROAD ST	2017-10-24	Unknown	Dry	Dark - Lighted	Cloudy	Not a Collision Between Two Motor Vehicles in Transport	No	No Controls	3	1	Complains Of Pain	NA	41.81345	-71.42175	TRUE	FALSE	343 Broad St., Providence, RI, USA	FALSE	-71.4221475	41.813852	premise	rooftop	343 broad st, providence, ri 02907, usa	NA	NA	NA	NA	41.813852	-71.4221475	High	55.590250541053265	NA
1502	2017-10-22	639068	13:00:00	Pedestrian	1	NA	FALSE	FALSE	1	Page St	WEYBOSSET ST	2017-10-22	One-Way Trafficway	Dry	Daylight	Clear	Not a Collision Between Two Motor Vehicles in Transport	No	No Controls	2	1	Incapacitating	NA	41.8215	-71.41218	FALSE	FALSE	Page Street and Weybosset Street, Providence, RI, USA	FALSE	-71.4117062	41.8223275	route	geometric_center	weybosset st, providence, ri, usa	Page Street & Weybosset Street, Providence, RI, USA	EjNQYWdlIFN0cmVldCAmIFdleWJvc3NldCBTdHJlZXQsIFByb3ZpZGVuY2UsIFJJLCBVU0EiZiJkChQKEglbuPF8E0XkiRH8wskKa-QdBBIUChIJW7jxfBNF5IkR_MLJCmvkHQQaFAoSCX8Tl5oUReSJEfzvXEGSUdN8GhQKEgm_tGB4FEXkiRFsGEnunrj2ACIKDRJ47RgVOFZv1Q	41.8215954	-71.41237199999999	41.8215954	-71.41237199999999	Med	19.143708804228883	NA
1503	2017-10-21	638752	10:50:00	Pedestrian	1	NA	FALSE	FALSE	1	MEMORIAL BLVD	EXCHANGE ST	2017-10-21	Two-Way, Divided, Unprotected (painted>4feet) Medium	Dry	Daylight	Clear	Sideswipe, Same Direction	Yes, M/V and Driver Left Scene	No Controls	1	1	Non-Incapacitating	NA	41.8268	-71.41207	FALSE	FALSE	Memorial Blvd and Exchange Street, Providence, RI, USA	FALSE	-71.4121426	41.8269244	intersection	geometric_center	memorial blvd & exchange st, providence, ri 02903, usa	NA	NA	NA	NA	41.8269244	-71.4121426	Med High	15.100950386480047	NA
1504	2017-10-21	638806	14:11:00	Bicycle	NA	1	FALSE	FALSE	1	CHALKSTONE AVE	RIVER AVE	2017-10-21	Two-Way , Not Divided	Dry	Daylight	Clear	Not a Collision Between Two Motor Vehicles in Transport	No	Traffic Control Signal	5	1	Non-Incapacitating	NA	41.83258	-71.43854	FALSE	FALSE	Chalkstone Ave and River Ave, Providence, RI, USA	FALSE	-71.4385411	41.8325962	intersection	geometric_center	river ave & chalkstone ave, providence, ri 02908, usa	NA	NA	NA	NA	41.8325962	-71.4385411	Med High	1.8056822820449907	NA
1505	2017-10-20	638374	15:38:00	Pedestrian	1	NA	FALSE	FALSE	1	CHALKSTONE AVENUE	ACADEMY AVENUE	2017-10-20	Two-Way , Not Divided	Dry	Daylight	Clear	Not a Collision Between Two Motor Vehicles in Transport	Yes, M/V and Driver Left Scene	Traffic Control Signal	2	1	Incapacitating	2	41.814	-71.44182	FALSE	FALSE	Chalkstone Avenue and Academy Avenue, Providence, RI, USA	FALSE	-71.44452489999999	41.8324538	intersection	geometric_center	academy ave & chalkstone ave, providence, ri 02908, usa	NA	NA	NA	NA	41.8324538	-71.44452489999999	Med High	2066.486193827577	Geocoded
1506	2017-10-19	637754	18:27:00	Pedestrian	1	NA	FALSE	FALSE	1	CANAL ST	PARK ROW	2017-10-19	One-Way Trafficway	Dry	Dark - Lighted	Clear	Not a Collision Between Two Motor Vehicles in Transport	No	No Controls	3	1	Complains Of Pain	NA	41.82862	-71.41074	FALSE	FALSE	Canal Street and Park Row, Providence, RI, USA	FALSE	-71.4101424	41.8285609	route	geometric_center	park row, providence, ri 02903, usa	Canal Street & Park Row, Providence, RI, USA	EixDYW5hbCBTdHJlZXQgJiBQYXJrIFJvdywgUHJvdmlkZW5jZSwgUkksIFVTQSJmImQKFAoSCfnYQl0XReSJEb76n4zNKeooEhQKEgn52EJdF0XkiRG--p-MzSnqKBoUChIJy9SY0BlF5IkR-2tCJRBJALIaFAoSCYVjbGQXReSJEc7xB3V3CujAIgoNl4TuGBXll2_V	41.8284695	-71.4106907	41.8284695	-71.4106907	Med	17.245452857078494	NA
1507	2017-10-14	635728	18:56:00	Pedestrian	1	NA	FALSE	FALSE	1	16 GROVER ST	LONGO ST	2017-10-14	Two-Way , Not Divided	Dry	Dark - Lighted	Clear	Not a Collision Between Two Motor Vehicles in Transport	Yes, M/V and Driver Left Scene	No Controls	1	1	Complains Of Pain	NA	41.81631	-71.45716	TRUE	FALSE	16 Grover Street, Providence, RI, USA	FALSE	-71.4569032	41.8162369	premise	rooftop	16 grover st, providence, ri 02909, usa	NA	NA	NA	NA	41.8162369	-71.4569032	High	22.806534108556132	NA
1508	2017-10-13	634351	09:15:00	Bicycle	NA	1	FALSE	FALSE	1	BROADWAY	GREENMAN LN	2017-10-13	Two-Way , Not Divided	Dry	Daylight	Clear	Not a Collision Between Two Motor Vehicles in Transport	No	Traffic Control Signal	4	1	Complains Of Pain	NA	41.82232	-71.41867	FALSE	FALSE	Broadway and Greenman Ln, Providence, RI, USA	FALSE	-71.4119953	41.8109879	doctor	rooftop	101 dudley st, providence, ri 02905, usa	NA	NA	NA	NA	41.8109879	-71.4119953	Med	1377.6770455316816	Raw
1509	2017-10-12	633885	08:53:00	Bicycle	NA	1	FALSE	FALSE	1	85 WATERMAN STREET	BROWN ST	2017-10-12	One-Way Trafficway	Dry	Daylight	Clear	Other	No	No Controls	2	1	Complains Of Pain	1	41.82699	-71.403809999999993	TRUE	FALSE	85 Waterman Street, Providence, RI, USA	FALSE	-71.4019165	41.82691459999999	premise	rooftop	hunter psychology lab, 85 waterman st, providence, ri 02912, usa	NA	NA	NA	NA	41.82691459999999	-71.4019165	High	157.29200908339698	Geocoded
1510	2017-10-12	633890	09:16:00	Other	NA	NA	FALSE	TRUE	2	NAHANT ST	OPPER ST	2017-10-12	Two-Way , Not Divided	Dry	Daylight	Clear	Other	No	No Controls	5	0	No Injury	NA	41.85297	-71.42179	FALSE	FALSE	Nahant Street and Opper Street, Providence, RI, USA	FALSE	-71.4221468	41.8531396	intersection	geometric_center	opper st & nahant st, providence, ri 02904, usa	NA	NA	NA	NA	41.8531396	-71.4221468	Med High	35.09574738183491	NA
1511	2017-10-12	634017	14:29:00	Pedestrian	1	NA	FALSE	FALSE	1	Broad street	CLAVERICK ST	2017-10-12	Two-Way , Not Divided	Dry	Daylight	Clear	Other	No	No Controls	2	1	Complains Of Pain	NA	41.81939	-71.41492	FALSE	FALSE	Broad Street and Claverick Street, Providence, RI, USA	FALSE	-71.413061	41.8182487	route	geometric_center	claverick st, providence, ri 02903, usa	Broad Street & Claverick Street, Providence, RI, USA	EjRCcm9hZCBTdHJlZXQgJiBDbGF2ZXJpY2sgU3RyZWV0LCBQcm92aWRlbmNlLCBSSSwgVVNBImYiZAoUChIJN-H52GxF5IkR-aG6rjTYAMMSFAoSCTfh-dhsReSJEfmhuq402ADDGhQKEgmD3n3VjE_kiREsosqTmEsIoxoUChIJCd0jlGxF5IkRCow_XvXZa3YiCg2rIO0YFTrwbtU	41.8193579	-71.41498299999999	41.8193579	-71.41498299999999	Med	6.331316305626546	NA
1512	2017-10-11	633322	06:24:00	Pedestrian	2	NA	FALSE	FALSE	1	731 Eddy St	EUDORA ST	2017-10-11	Two-Way, Divided, Unprotected (painted>4feet) Medium	Dry	Daylight	Clear	Not a Collision Between Two Motor Vehicles in Transport	No	No Controls	3	2	Complains Of Pain	NA	41.80791	-71.40724	TRUE	FALSE	731 Eddy Street, Providence, RI, USA	FALSE	-71.4075635	41.80781959999999	premise	rooftop	731 eddy st, providence, ri 02903, usa	NA	NA	NA	NA	41.80781959999999	-71.4075635	High	28.667037615035376	NA
1513	2017-10-11	633703	16:05:00	Bicycle	NA	1	FALSE	FALSE	1	COLLEGE RD	6TH AVE	2017-10-11	Two-Way , Not Divided	Dry	Daylight	Clear	Not a Collision Between Two Motor Vehicles in Transport	No	No Controls	3	1	Non-Incapacitating	NA	41.84066	-71.46723	FALSE	FALSE	College Rd and 6th Ave, Providence, RI, USA	FALSE	-71.3962252	41.8513264	route	geometric_center	6th st, providence, ri 02906, usa	College Road & 6th Street, North Providence, Providence, RI, USA	EkBDb2xsZWdlIFJvYWQgJiA2dGggU3RyZWV0LCBOb3J0aCBQcm92aWRlbmNlLCBQcm92aWRlbmNlLCBSSSwgVVNBImYiZAoUChIJGYxTNdBF5IkRibtj7OYDzY4SFAoSCRmMUzXQReSJEYm7Y-zmA82OGhQKEgkVnIcRykXkiRGpFXPkCovoUBoUChIJyWTMuNFF5IkRtiuubj6C5OgiCg3sZfAYFbT_ZtU	41.8407916	-71.4670156	41.8407916	-71.4670156	Med	23.03849144407056	NA
1514	2017-10-11	633739	16:01:00	Pedestrian	1	NA	FALSE	FALSE	1	MATHEWSON ST	WESTMINSTER ST	2017-10-11	One-Way Trafficway	Dry	Daylight	Clear	Not a Collision Between Two Motor Vehicles in Transport	No	No Controls	3	1	Incapacitating	NA	41.82211	-71.41356	FALSE	FALSE	Mathewson Street and Westminster Street, Providence, RI, USA	FALSE	-71.41364469999999	41.8221831	intersection	geometric_center	mathewson st & westminster st, providence, ri 02903, usa	NA	NA	NA	NA	41.8221831	-71.41364469999999	Med High	10.751263411297133	NA
1515	2017-10-10	633009	17:37:00	Pedestrian	1	NA	FALSE	FALSE	1	361 RESERVOIR AVE	PONTIAC AVE	2017-10-10	Unknown	Dry	Dawn	Clear	Not a Collision Between Two Motor Vehicles in Transport	No	No Controls	2	1	Complains Of Pain	NA	41.78767	-71.43147	TRUE	FALSE	361 Reservoir Ave, Providence, RI, USA	FALSE	-71.4330063	41.7885339	street_address	rooftop	361 reservoir ave, providence, ri 02910, usa	NA	NA	NA	NA	41.7885339	-71.4330063	High	159.71397213685478	Geocoded
1516	2017-10-09	632639	19:13:00	Pedestrian	1	NA	FALSE	FALSE	1	SUPERIOR ST	CRANSTON ST	2017-10-09	Two-Way , Not Divided	Wet	Dark - Lighted	Rain	Not a Collision Between Two Motor Vehicles in Transport	No	No Controls	2	1	Complains Of Pain	NA	41.81043	-71.43265	FALSE	FALSE	Superior Street and Cranston Street, Providence, RI, USA	FALSE	-71.4326468	41.8104443	intersection	geometric_center	cranston st & superior st, providence, ri 02907, usa	NA	NA	NA	NA	41.8104443	-71.4326468	Med High	1.6138595431283094	NA
1517	2017-10-09	632641	19:15:00	Pedestrian	1	NA	FALSE	FALSE	1	SACKETT ST	BROAD ST	2017-10-09	Two-Way , Not Divided	Wet	Dark - Lighted	Rain	Not a Collision Between Two Motor Vehicles in Transport	Yes, M/V and Driver Left Scene	No Controls	1	1	Complains Of Pain	NA	41.79616	-71.41212	FALSE	FALSE	Sackett Street and Broad Street, Providence, RI, USA	FALSE	-71.4121266	41.796176	intersection	geometric_center	sackett st & broad st, providence, ri 02905, usa	NA	NA	NA	NA	41.796176	-71.4121266	Med High	1.8634320449816393	NA
1518	2017-10-08	632425	20:42:00	Bicycle	NA	1	FALSE	FALSE	1	CRANSTON STREET	POTTERS AVE	2017-10-08	Two-Way , Not Divided	Dry	Dark - Lighted	Clear	Not a Collision Between Two Motor Vehicles in Transport	Yes, M/V and Driver Left Scene	Stop Signs	1	1	Complains Of Pain	2	41.80505	-71.43778	FALSE	FALSE	Cranston Street and Potters Ave, Providence, RI, USA	FALSE	-71.43779049999999	41.8050672	intersection	geometric_center	potters ave & cranston st, providence, ri 02909, usa	NA	NA	NA	NA	41.8050672	-71.43779049999999	Med High	2.1036145564996684	NA
1519	2017-10-07	631798	03:35:00	Pedestrian	1	NA	FALSE	FALSE	1	571 Union Ave	POCASSET AVE	2017-10-07	Two-Way , Not Divided	Dry	Dark - Lighted	Clear	Not a Collision Between Two Motor Vehicles in Transport	Yes, M/V and Driver Left Scene	No Controls	1	1	Complains Of Pain	NA	41.80649	-71.4574	TRUE	FALSE	571 Union Ave, Providence, RI, USA	FALSE	-71.4574605	41.8067123	premise	rooftop	571 union ave, providence, ri 02909, usa	NA	NA	NA	NA	41.8067123	-71.4574605	High	25.25039130117666	NA
1520	2017-10-06	631767	21:30:00	Pedestrian	1	NA	FALSE	FALSE	1	MERINO ST/ HARTFORD AVE	CROWNINSHIELD ST	2017-10-06	Two-Way , Not Divided	Dry	Dark - Lighted	Clear	Not a Collision Between Two Motor Vehicles in Transport	Yes, M/V and Driver Left Scene	No Controls	1	0	Unknown	NA	41.81863	-71.45912	FALSE	FALSE	Merino St/ Hartford Ave and Crowninshield Street, Providence, RI, USA	FALSE	-71.4582059	41.8177449	route	geometric_center	crowninshield st, providence, ri 02909, usa	NA	NA	NA	NA	41.8177449	-71.4582059	Med	124.3343712699406	Raw
1521	2017-10-05	631403	20:33:00	Pedestrian	2	NA	FALSE	FALSE	1	WESTMINSTER ST	SERVICE ROAD 8	2017-10-05	One-Way Trafficway	Dry	Dark - Lighted	Clear	Not a Collision Between Two Motor Vehicles in Transport	No	No Controls	4	2	Complains Of Pain	NA	41.81923	-71.41782	FALSE	FALSE	Westminster Street and Service Road 8, Providence, RI, USA	FALSE	-71.44060990000001	41.816332	intersection	geometric_center	service rd & westminster st, providence, ri 02909, usa	NA	NA	NA	NA	41.816332	-71.44060990000001	Med High	1918.0426789186959	Raw
1522	2017-10-05	631432	17:52:00	Pedestrian	1	NA	FALSE	FALSE	1	WESTMINSTER ST	KNIGHT ST	2017-10-05	Two-Way , Not Divided	Dry	Daylight	Clear	Not a Collision Between Two Motor Vehicles in Transport	No	No Controls	3	1	Complains Of Pain	NA	41.81713	-71.42626	FALSE	FALSE	Westminster Street and Knight Street, Providence, RI, USA	FALSE	-71.4261832	41.8171545	intersection	geometric_center	knight st & westminster st, providence, ri 02903, usa	NA	NA	NA	NA	41.8171545	-71.4261832	Med High	6.930790751597832	NA
1523	2017-10-03	630508	15:04:00	Pedestrian	1	NA	FALSE	FALSE	1	BRIDGHAM ST	ELMWOOD AVE	2017-10-03	Two-Way , Not Divided	Dry	Daylight	Clear	Not a Collision Between Two Motor Vehicles in Transport	No	Traffic Control Signal	3	1	Complains Of Pain	NA	41.81277	-71.42218	FALSE	FALSE	Bridgham Street and Elmwood Ave, Providence, RI, USA	FALSE	-71.4221436	41.8127945	intersection	geometric_center	bridgham st & elmwood ave, providence, ri 02907, usa	NA	NA	NA	NA	41.8127945	-71.4221436	Med High	4.06930554617504	NA
1524	2017-10-02	629952	14:37:00	Pedestrian	1	NA	FALSE	FALSE	1	UNION AVE	RT 10 NORTH ON RAMP	2017-10-02	One-Way Trafficway	Dry	Daylight	Clear	Not a Collision Between Two Motor Vehicles in Transport	No	Traffic Control Signal	2	1	Complains Of Pain	NA	41.8088	-71.44022	FALSE	FALSE	Union Ave and Rt 10 North On Ramp, Providence, RI, USA	FALSE	-71.4869184	41.8332697	route	geometric_center	union ave, johnston, ri 02919, usa	NA	NA	NA	NA	41.8332697	-71.4869184	Med	4735.834110635838	Raw
1525	2017-10-02	630136	15:10:00	Pedestrian	1	NA	FALSE	FALSE	1	Broad St	THURBERS AVE	2017-10-02	Two-Way , Not Divided	Dry	Daylight	Clear	Not a Collision Between Two Motor Vehicles in Transport	No	Traffic Control Signal	2	1	Complains Of Pain	NA	41.7982	-71.41467	FALSE	FALSE	Broad Street and Thurbers Ave, Providence, RI, USA	FALSE	-71.4072534	41.7996465	route	geometric_center	thurbers ave, providence, ri 02905, usa	Broad Street & Thurbers Ave, Providence, RI, USA	EjBCcm9hZCBTdHJlZXQgJiBUaHVyYmVycyBBdmUsIFByb3ZpZGVuY2UsIFJJLCBVU0EiZiJkChQKEgnVbsoGiU_kiRFIi3UXtPpeWRIUChIJ1W7KBolP5IkRSIt1F7T6XlkaFAoSCYPefdWMT-SJESyiypOYSwijGhQKEgkroyggYEXkiRGzStN47BclxSIKDUjm6RgVr_xu1Q	41.7982024	-71.4146641	41.7982024	-71.4146641	Med	0.5577784453146942	NA
1526	2017-09-30	629027	10:59:00	Bicycle	1	NA	FALSE	FALSE	1	BOND ST	ATWELLS AVE	2017-09-30	Two-Way , Not Divided	Dry	Daylight	Clear	Not a Collision Between Two Motor Vehicles in Transport	No	No Controls	3	0	No Injury	NA	41.82329	-71.42313	FALSE	FALSE	Bond Street and Atwells Ave, Providence, RI, USA	FALSE	-71.4363598	41.8244829	route	geometric_center	atwells ave, providence, ri, usa	Bond Street & Atwells Ave, Providence, RI, USA	Ei5Cb25kIFN0cmVldCAmIEF0d2VsbHMgQXZlLCBQcm92aWRlbmNlLCBSSSwgVVNBImYiZAoUChIJhz7GjwxF5IkRn6nLeZ_KtU0SFAoSCYc-xo8MReSJEZ-py3mfyrVNGhQKEglDJR-PDEXkiRGOixKkHhnewxoUChIJ7W1EBqJF5IkRRornUFgoCTQiCg3-u-0YFT2ybdU	41.8233342	-71.4231235	41.8233342	-71.4231235	Med	4.949779188738947	NA
1527	2017-09-28	628264	15:15:00	Pedestrian	1	NA	FALSE	FALSE	1	Smith St	Chalkstone Ave	2017-09-28	Two-Way, Divided, Unprotected (painted>4feet) Medium	Dry	Daylight	Clear	Not a Collision Between Two Motor Vehicles in Transport	Yes, M/V and Driver Left Scene	No Controls	1	1	Complains Of Pain	NA	41.83525	-71.42574	FALSE	FALSE	Smith Street and Chalkstone Ave, Providence, RI, USA	FALSE	-71.4256425	41.83522139999999	intersection	geometric_center	chalkstone ave & smith st, providence, ri 02908, usa	NA	NA	NA	NA	41.83522139999999	-71.4256425	Med High	8.6908379538845	NA
1528	2017-09-28	628267	17:57:00	Pedestrian	1	NA	FALSE	FALSE	1	WESTMINSTER ST	DORRANCE ST	2017-09-28	Two-Way, Divided, Unprotected (painted>4feet) Medium	Dry	Daylight	Clear	Not a Collision Between Two Motor Vehicles in Transport	No	No Controls	4	1	Complains Of Pain	NA	41.82361	-71.41167	FALSE	FALSE	Westminster Street and Dorrance Street, Providence, RI, USA	FALSE	-71.4116693	41.8236083	intersection	geometric_center	westminster st & dorrance st, providence, ri 02903, usa	NA	NA	NA	NA	41.8236083	-71.4116693	Med High	0.1979518866131529	NA
1529	2017-09-27	627848	19:13:00	Bicycle	NA	1	FALSE	FALSE	1	KNIGHT ST	WESTMINSTER ST	2017-09-27	Two-Way, Divided, Positive Median Barrier	Dry	Dark - Lighted	Clear	Other	No	Person	3	1	Complains Of Pain	NA	41.81719	-71.42627	FALSE	FALSE	Knight Street and Westminster Street, Providence, RI, USA	FALSE	-71.4261832	41.8171545	intersection	geometric_center	knight st & westminster st, providence, ri 02903, usa	NA	NA	NA	NA	41.8171545	-71.4261832	Med High	8.214324541179328	NA
1530	2017-09-26	626749	11:10:00	Bicycle	NA	1	FALSE	FALSE	1	LAUREL AVE	ELMGROVE AVE	2017-09-26	Two-Way , Not Divided	Dry	Daylight	Clear	Not a Collision Between Two Motor Vehicles in Transport	No	Stop Signs	5	1	Complains Of Pain	NA	41.83699	-71.39177	FALSE	FALSE	Laurel Ave and Elmgrove Ave, Providence, RI, USA	FALSE	-71.39178079999999	41.8370083	intersection	geometric_center	elmgrove ave & laurel ave, providence, ri 02906, usa	NA	NA	NA	NA	41.8370083	-71.39178079999999	Med High	2.225376608676238	NA
1531	2017-09-26	626991	18:59:00	Pedestrian	1	NA	FALSE	FALSE	1	HENRIETTA ST	MOY ST	2017-09-26	Two-Way , Not Divided	Dry	Dark - Lighted	Clear	Not a Collision Between Two Motor Vehicles in Transport	No	Stop Signs	4	1	Complains Of Pain	NA	41.85423	-71.43637	FALSE	FALSE	Henrietta Street and Moy Street, Providence, RI, USA	FALSE	-71.4363867	41.85424400000001	intersection	geometric_center	moy st & henrietta st, providence, ri 02904, usa	NA	NA	NA	NA	41.85424400000001	-71.4363867	Med High	2.0847570017350407	NA
1532	2017-09-26	627035	17:38:00	Pedestrian	1	NA	FALSE	FALSE	1	ELMA ST	Broad Street	2017-09-26	One-Way Trafficway	Dry	Daylight	Clear	Not a Collision Between Two Motor Vehicles in Transport	Yes, M/V and Driver Left Scene	Other	2	1	Complains Of Pain	NA	41.79693	-71.41298	FALSE	FALSE	Elma Street and Broad Street, Providence, RI, USA	FALSE	-71.4130553	41.7969288	intersection	geometric_center	elma st & broad st, providence, ri 02905, usa	NA	NA	NA	NA	41.7969288	-71.4130553	Med High	6.2505734635049786	NA
1533	2017-09-24	625705	16:10:00	Bicycle	NA	1	FALSE	FALSE	1	HENDRICK ST	ACADEMY AVE	2017-09-24	Two-Way, Divided, Unprotected (painted>4feet) Medium	Dry	Daylight	Clear	Head-On (Front - to - Front)	Yes, M/V and Driver Left Scene	No Controls	1	1	Non-Incapacitating	NA	41.8279	-71.44383	FALSE	FALSE	Hendrick Street and Academy Ave, Providence, RI, USA	FALSE	-71.44382329999999	41.8279096	intersection	geometric_center	hendrick st & academy ave, providence, ri 02908, usa	NA	NA	NA	NA	41.8279096	-71.44382329999999	Med High	1.2045426955822542	NA
1534	2017-09-24	625718	18:24:00	Bicycle	NA	1	FALSE	FALSE	1	200 Exchange Street	STILLMAN ST	2017-09-24	Two-Way , Not Divided	Dry	Daylight	Clear	Not a Collision Between Two Motor Vehicles in Transport	No	Stop Signs	3	0	No Injury	NA	41.82778	-71.41276	TRUE	FALSE	200 Exchange Street, Providence, RI, USA	FALSE	-71.4132846	41.82729800000001	premise	rooftop	200 exchange st, providence, ri 02903, usa	NA	NA	NA	NA	41.82729800000001	-71.4132846	High	69.08390499262283	NA
1535	2017-09-24	625747	16:15:00	Bicycle	NA	1	FALSE	FALSE	1	VEAZIE ST	DOUGLAS AVE	2017-09-24	Two-Way , Not Divided	Dry	Daylight	Clear	Not a Collision Between Two Motor Vehicles in Transport	No	No Controls	2	1	Non-Incapacitating	2	41.85086	-71.43433	FALSE	FALSE	Veazie Street and Douglas Ave, Providence, RI, USA	FALSE	-71.4341761	41.8505578	intersection	geometric_center	douglas ave & veazie st, providence, ri 02904, usa	NA	NA	NA	NA	41.8505578	-71.4341761	Med High	35.979915266176135	NA
1536	2017-09-23	624829	13:01:00	Pedestrian	1	NA	FALSE	TRUE	1	BROAD ST	SERVICE ROAD 7	2017-09-23	One-Way Trafficway	Dry	Daylight	Clear	Not a Collision Between Two Motor Vehicles in Transport	No	Traffic Control Signal	3	1	Complains Of Pain	NA	41.81736	-71.41696	FALSE	FALSE	Broad Street and Service Road 7, Providence, RI, USA	FALSE	-71.4200451	41.8199608	route	geometric_center	service rd 1, providence, ri, usa	Broad Street & Service Road 7th, Providence, RI, USA	EjRCcm9hZCBTdHJlZXQgJiBTZXJ2aWNlIFJvYWQgN3RoLCBQcm92aWRlbmNlLCBSSSwgVVNBImYiZAoUChIJbbRukG1F5IkRg0XEjUgVvRgSFAoSCW20bpBtReSJEYNFxI1IFb0YGhQKEgmD3n3VjE_kiREsosqTmEsIoxoUChIJB3h0QnZF5IkRyxFdBkwhBUwiCg0k0-wYFUejbtU	41.8173732	-71.4169529	41.8173732	-71.4169529	Med	1.583084453358004	NA
1537	2017-09-23	625212	19:39:00	Bicycle	NA	1	FALSE	FALSE	1	1000 Elmwood Ave	ROSE AVE	2017-09-23	Two-Way, Divided, Unprotected (painted>4feet) Medium	Dry	Dark - Lighted	Clear	Not a Collision Between Two Motor Vehicles in Transport	No	No Controls	2	0	No Injury	NA	41.78427	-71.41877	TRUE	FALSE	1000 Elmwood Ave, Providence, RI, USA	FALSE	-71.42028619999999	41.7792003	street_address	rooftop	1000 elmwood ave, providence, ri 02907, usa	NA	NA	NA	NA	41.7792003	-71.42028619999999	High	578.2203044758472	Raw
1538	2017-09-22	624629	19:19:00	Pedestrian	1	NA	FALSE	FALSE	1	LINWOOD AVE	DEXTER ST	2017-09-22	Two-Way, Divided, Unprotected (painted>4feet) Medium	Wet	Dark - Lighted	Rain	Not a Collision Between Two Motor Vehicles in Transport	Yes, M/V and Driver Left Scene	No Controls	1	1	Complains Of Pain	NA	41.80536	-71.42958	FALSE	FALSE	Linwood Ave and Dexter Street, Providence, RI, USA	FALSE	-71.4295867	41.80537640000001	intersection	geometric_center	linwood ave & dexter st, providence, ri 02907, usa	NA	NA	NA	NA	41.80537640000001	-71.4295867	Med High	1.9084159127256184	NA
1539	2017-09-22	624633	21:34:00	Pedestrian	1	NA	FALSE	FALSE	1	BRADFORD ST	ATWELLS AVE	2017-09-22	Two-Way, Divided, Unprotected (painted>4feet) Medium	Wet	Dark - Lighted	Rain	Not a Collision Between Two Motor Vehicles in Transport	Yes, M/V and Driver Left Scene	No Controls	1	1	Complains Of Pain	NA	41.82323	-71.42178	FALSE	FALSE	Bradford Street and Atwells Ave, Providence, RI, USA	FALSE	-71.42178969999999	41.8232404	intersection	geometric_center	atwells ave & bradford st, providence, ri 02903, usa	NA	NA	NA	NA	41.8232404	-71.42178969999999	Med High	1.409900510072912	NA
1540	2017-09-21	623943	11:28:00	Pedestrian	1	NA	FALSE	FALSE	1	Manton Ave	RIDGEWAY AVE	2017-09-21	Two-Way , Not Divided	Dry	Daylight	Clear	Sidwswipe, Opposite Direction	No	No Controls	3	1	Complains Of Pain	NA	41.82721	-71.46093	FALSE	FALSE	Manton Ave and Ridgeway Ave, Providence, RI, USA	FALSE	-71.46110759999999	41.8274206	intersection	geometric_center	manton ave & ridgeway ave, providence, ri 02909, usa	NA	NA	NA	NA	41.8274206	-71.46110759999999	Med High	27.68841770300852	NA