row_number	crash_date	crash_report_id	crash_time	collision_type	count_pedestrian	count_bicycle	scooter	wheel_chair	number_of_vehicles	street_or_highway	nearest_intersection	report_date	type_of_roadway	road_surface_condition	light_condition	weather_condition	manner_of_impact	hit_and_run	traffic_control	person_count	injury_count	most_serious_injury	number_of_lanes	lat_raw	lon_raw	has_st_number	is_intersection_null	address_sent_to_geocoder	is_address_blank	lon_api_first_try	lat_api_first_try	type	loctype	address_returned_by_geocoder	address_returned_by_autocomplete	place_ids_autocompleted	lat_api_second_try	lon_api_second_try	lat_api_best	lon_api_best	api_coord_conf	distance_btwn_coords_meters	best_coordinate_set
1585	2017-08-05	600073	16:49:00	Bicycle	NA	1	FALSE	FALSE	1	Academy Ave/Dover St	ACADEMY AVE	2017-08-05	Two-Way , Not Divided	Wet	Daylight	Rain	Not a Collision Between Two Motor Vehicles in Transport	No	Stop Signs	3	1	Complains Of Pain	NA	41.83004	-71.44416	FALSE	FALSE	Academy Ave/Dover Street and Academy Ave, Providence, RI, USA	FALSE	-71.4441731	41.8300641	intersection	geometric_center	dover st & academy ave, providence, ri 02908, usa	NA	NA	NA	NA	41.8300641	-71.4441731	Med High	2.894499716021302	NA
1586	2017-08-04	599821	19:19:00	Bicycle	NA	1	FALSE	FALSE	1	CARPENTER ST	DEAN ST	2017-08-04	Two-Way , Not Divided	Dry	Daylight	Clear	Not a Collision Between Two Motor Vehicles in Transport	No	Stop Signs	3	0	No Injury	NA	41.82061	-71.42189	FALSE	FALSE	Carpenter Street and Dean Street, Providence, RI, USA	FALSE	-71.4218937	41.82062759999999	intersection	geometric_center	carpenter st & dean st, providence, ri 02903, usa	NA	NA	NA	NA	41.82062759999999	-71.4218937	Med High	1.9831219958025963	NA
1587	2017-08-03	599527	12:00:00	Pedestrian	1	NA	FALSE	FALSE	1	BARROWS ST	HARLAM ST	2017-08-03	Two-Way, Divided, Unprotected (painted>4feet) Medium	Dry	Daylight	Clear	Other	No	No Controls	3	1	Complains Of Pain	NA	41.81226	-71.45721	FALSE	FALSE	Barrows Street and Harlam Street, Providence, RI, USA	FALSE	-71.4570581	41.8122	intersection	geometric_center	harlam st & barrows st, providence, ri 02909, usa	NA	NA	NA	NA	41.8122	-71.4570581	Med High	14.263630843510416	NA
1588	2017-08-01	598305	11:55:00	Pedestrian	1	NA	FALSE	FALSE	1	N MAIN ST	WALGREENS PHARMACY PARKING LOT	2017-08-01	Unknown	Dry	Daylight	Clear	Not a Collision Between Two Motor Vehicles in Transport	No	No Controls	4	1	Complains Of Pain	NA	41.85174	-71.40213	FALSE	FALSE	N Main Street and Walgreens Pharmacy Parking Lot, Providence, RI, USA	FALSE	-71.4128343	41.8239891	locality	approximate	providence, ri, usa	NA	NA	NA	NA	41.8239891	-71.4128343	Med	3214.251510946382	Raw
1589	2017-07-30	597822	19:35:00	Bicycle	NA	NA	FALSE	FALSE	2	HOPE ST	BLACKSTONE BLVD	2017-07-30	Two-Way , Not Divided	Dry	Daylight	Clear	Rear End(Front-to-Rear)	Yes, M/V and Driver Left Scene	No Controls	4	2	Complains Of Pain	2	41.85622	-71.39145	FALSE	FALSE	Hope Street and Blackstone Blvd, Providence, RI, USA	FALSE	-71.3915342	41.8561535	intersection	geometric_center	hope st & blackstone blvd, providence, ri 02906, usa	NA	NA	NA	NA	41.8561535	-71.3915342	Med High	10.17541589735755	NA
1590	2017-07-28	597200	09:57:00	Bicycle	NA	1	FALSE	FALSE	2	OLNEYVILLE SQ	MANTON AVE	2017-07-28	Two-Way , Not Divided	Dry	Daylight	Clear	Angle (Front - to - Side) Same Direction	Yes, M/V and Driver Left Scene	Traffic Control Signal	1	1	Complains Of Pain	NA	41.81676	-71.44324	FALSE	FALSE	Olneyville Sq and Manton Ave, Providence, RI, USA	FALSE	-71.442835	41.816834	establishment	geometric_center	olneyville square, providence, ri 02909, usa	NA	NA	NA	NA	41.816834	-71.442835	Med	34.595575741043696	NA
1591	2017-07-27	596853	14:59:00	Other	NA	1	TRUE	FALSE	1	Hartford Ave	EDNA ST	2017-07-27	Two-Way, Divided, Unprotected (painted>4feet) Medium	Wet	Daylight	Cloudy	Angle (Front - to - Side) Right Angle (Includes Broadside)	No	No Controls	3	1	Complains Of Pain	NA	41.81685	-71.4455	FALSE	FALSE	Hartford Ave and Edna Street, Providence, RI, USA	FALSE	-71.44650229999999	41.8169568	intersection	geometric_center	hartford ave & edna st, providence, ri 02909, usa	NA	NA	NA	NA	41.8169568	-71.44650229999999	Med High	84.00053141079927	NA
1592	2017-07-27	597125	21:20:00	Bicycle	NA	1	FALSE	FALSE	1	NEWARK ST	ACADEMY AVE	2017-07-27	Two-Way , Not Divided	Dry	Dark - Lighted	Clear	Other	No	No Controls	2	1	Complains Of Pain	NA	41.8254	-71.44256	FALSE	FALSE	Newark Street and Academy Ave, Providence, RI, USA	FALSE	-71.4434441	41.8254949	intersection	geometric_center	academy ave & newark st, providence, ri 02908, usa	NA	NA	NA	NA	41.8254949	-71.4434441	Med High	74.09575266808149	NA
1593	2017-07-26	596415	15:58:00	Bicycle	NA	1	FALSE	FALSE	1	TRASK ST	EDDY ST	2017-07-26	Two-Way , Not Divided	Dry	Daylight	Clear	Other	Yes, M/V and Driver Left Scene	No Controls	2	1	Complains Of Pain	NA	41.8052	-71.40714	FALSE	FALSE	Trask Street and Eddy Street, Providence, RI, USA	FALSE	-71.4071353	41.80520200000001	intersection	geometric_center	trask st & eddy st, providence, ri 02905, usa	NA	NA	NA	NA	41.80520200000001	-71.4071353	Med High	0.44907697766320087	NA
1594	2017-07-25	595993	01:00:00	Bicycle	NA	1	FALSE	FALSE	1	SERVICE ROAD 3	WESTMINSTER ST	2017-07-25	Two-Way , Not Divided	Wet	Dark - Lighted	Rain	Not a Collision Between Two Motor Vehicles in Transport	No	Stop Signs	3	1	Complains Of Pain	NA	41.81632	-71.44059	FALSE	FALSE	Service Road 3 and Westminster Street, Providence, RI, USA	FALSE	-71.40892649999999	41.8252921	street_address	range_interpolated	3 westminster st, providence, ri 02903, usa	NA	NA	NA	NA	41.8252921	-71.40892649999999	Med High	2810.2461045519303	Raw
1595	2017-07-24	595568	13:53:00	Pedestrian	1	NA	FALSE	FALSE	1	DEXTER ST	POTTERS AVE	2017-07-24	Two-Way , Not Divided	Wet	Daylight	Rain	Not a Collision Between Two Motor Vehicles in Transport	No	No Controls	2	1	Complains Of Pain	NA	41.80187	-71.43094	FALSE	FALSE	Dexter Street and Potters Ave, Providence, RI, USA	FALSE	-71.4305866	41.8024973	intersection	geometric_center	potters ave & dexter st, providence, ri 02907, usa	NA	NA	NA	NA	41.8024973	-71.4305866	Med High	75.73875014661277	NA
1596	2017-07-24	595747	19:29:00	Pedestrian	1	NA	FALSE	FALSE	1	244 UNION AVE	NA	2017-07-24	Two-Way , Not Divided	Wet	Dusk	Rain	Not a Collision Between Two Motor Vehicles in Transport	Yes, M/V and Driver Left Scene	No Controls	2	1	Complains Of Pain	2	41.80752	-71.44491	TRUE	TRUE	244 Union Ave, Providence, RI, USA	FALSE	-71.4448017	41.80738789999999	premise	rooftop	244 union ave, providence, ri 02909, usa	NA	NA	NA	NA	41.80738789999999	-71.4448017	High	17.233696081330798	NA
1597	2017-07-23	595305	21:01:00	Bicycle	NA	1	FALSE	FALSE	1	Cranston Street	WALDO ST	2017-07-24	Two-Way, Divided, Unprotected (painted>4feet) Medium	Dry	Dark - Lighted	Cloudy	Not a Collision Between Two Motor Vehicles in Transport	Yes, M/V and Driver Left Scene	No Controls	1	1	Complains Of Pain	NA	41.80634	-71.4363	FALSE	FALSE	Cranston Street and Waldo Street, Providence, RI, USA	FALSE	-71.4363086	41.8063492	intersection	geometric_center	cranston st & waldo st, providence, ri 02909, usa	NA	NA	NA	NA	41.8063492	-71.4363086	Med High	1.2482384211569764	NA
1598	2017-07-20	594468	17:48:00	Bicycle	NA	1	FALSE	FALSE	1	WESTMINSTER ST	BARTON ST	2017-07-20	Two-Way , Not Divided	Wet	Daylight	Rain	Not a Collision Between Two Motor Vehicles in Transport	No	Traffic Control Signal	2	1	Complains Of Pain	NA	41.81592	-71.43653	FALSE	FALSE	Westminster Street and Barton Street, Providence, RI, USA	FALSE	-71.4365339	41.8159344	intersection	geometric_center	barton st & westminster st, providence, ri 02909, usa	NA	NA	NA	NA	41.8159344	-71.4365339	Med High	1.6353303755184845	NA
1599	2017-07-19	593649	10:07:00	Pedestrian	1	NA	FALSE	FALSE	1	978 Manton Ave	HERSCHEL ST	2017-07-19	Two-Way , Not Divided	Dry	Daylight	Clear	Not a Collision Between Two Motor Vehicles in Transport	Yes, Driver Left Scene	No Controls	3	1	Complains Of Pain	2	41.83335	-71.46952	TRUE	FALSE	978 Manton Ave, Providence, RI, USA	FALSE	-71.4694665	41.8332348	premise	rooftop	978 manton ave, providence, ri 02909, usa	NA	NA	NA	NA	41.8332348	-71.4694665	High	13.570041392267253	NA
1600	2017-07-16	592707	11:39:00	Bicycle	NA	1	FALSE	FALSE	1	N MAIN ST	CEMETERY ST	2017-07-16	Two-Way , Not Divided	Dry	Daylight	Clear	Not a Collision Between Two Motor Vehicles in Transport	No	Traffic Control Signal	4	1	Complains Of Pain	NA	41.84681	-71.40519	FALSE	FALSE	N Main Street and Cemetery Street, Providence, RI, USA	FALSE	-71.4043938	41.851482	route	geometric_center	cemetery st, providence, ri 02904, usa	North Main Street & Cemetery Street, Providence, RI, USA	EjhOb3J0aCBNYWluIFN0cmVldCAmIENlbWV0ZXJ5IFN0cmVldCwgUHJvdmlkZW5jZSwgUkksIFVTQSJmImQKFAoSCQXq4fjCROSJEWmmy9KX7dmWEhQKEgkF6uH4wkTkiRFppsvSl-3ZlhoUChIJ-fpBPd5E5IkRX9etvg1cIz8aFAoSCf3n8BbCROSJEatTgueuydGOIgoNAqnxGBX-pnDV	41.8490626	-71.4037506	41.8490626	-71.4037506	Med	277.7169165737093	Raw
1601	2017-07-16	592765	15:21:00	Pedestrian	1	NA	FALSE	FALSE	1	DOUGLAS AVE	DOUGLAS AVE	2017-07-16	Two-Way , Not Divided	Dry	Daylight	Clear	Not a Collision Between Two Motor Vehicles in Transport	No	No Controls	2	1	Complains Of Pain	NA	41.83717	-71.4223	FALSE	FALSE	Douglas Ave and Douglas Ave, Providence, RI, USA	FALSE	-71.4649957	41.8715442	intersection	geometric_center	douglas turnpike & douglas ave, north providence, ri 02904, usa	NA	NA	NA	NA	41.8715442	-71.4649957	Med High	5212.947699628089	Raw
1602	2017-07-15	592555	18:27:00	Bicycle	NA	1	FALSE	FALSE	1	PUBLIC ST	PRAIRIE AVE	2017-07-15	Two-Way , Not Divided	Dry	Daylight	Clear	Other	Yes, M/V and Driver Left Scene	Traffic Control Signal	2	1	Complains Of Pain	NA	41.80556	-71.41481	FALSE	FALSE	Public Street and Prairie Ave, Providence, RI, USA	FALSE	-71.41481200000001	41.8055601	intersection	geometric_center	public st & prairie ave, providence, ri 02907, usa	NA	NA	NA	NA	41.8055601	-71.41481200000001	Med High	0.16633054688877882	NA
1603	2017-07-14	592392	21:34:00	Pedestrian	1	NA	FALSE	FALSE	1	CHALKSTONE AVE	DOUGLAS AVE	2017-07-14	Two-Way , Not Divided	Dry	Dark - Lighted	Clear	Other	No	No Controls	5	1	Complains Of Pain	NA	41.83625	-71.42075	FALSE	FALSE	Chalkstone Ave and Douglas Ave, Providence, RI, USA	FALSE	-71.4202644	41.8363536	intersection	geometric_center	chalkstone ave & douglas ave, providence, ri 02908, usa	NA	NA	NA	NA	41.8363536	-71.4202644	Med High	41.89382306739367	NA
1604	2017-07-12	591972	17:13:00	Pedestrian	1	NA	FALSE	FALSE	1	BROAD ST	EARLY ST	2017-07-12	Two-Way , Not Divided	Wet	Daylight	Rain	Not a Collision Between Two Motor Vehicles in Transport	No	No Controls	3	1	Complains Of Pain	NA	41.79542	-71.41121	FALSE	FALSE	Broad Street and Early Street, Providence, RI, USA	FALSE	-71.4132727	41.7947406	route	geometric_center	early st, providence, ri, usa	Broad Street & Early Street, Providence, RI, USA	EjBCcm9hZCBTdHJlZXQgJiBFYXJseSBTdHJlZXQsIFByb3ZpZGVuY2UsIFJJLCBVU0EiZiJkChQKEgmXU933i0_kiREGVbKb8h8HNxIUChIJl1Pd94tP5IkRBlWym_IfBzcaFAoSCYPefdWMT-SJESyiypOYSwijGhQKEgnvKWa8jk_kiRGRtjQvItEbESIKDWN86RgVooBv1Q	41.7954915	-71.41128619999999	41.7954915	-71.41128619999999	Med	10.165820285147356	NA
1605	2017-07-09	591224	22:39:00	Pedestrian	1	NA	FALSE	FALSE	1	BROADWAY	VINTON ST	2017-07-09	Two-Way, Divided, Unprotected (painted>4feet) Medium	Dry	Dark - Lighted	Clear	Not a Collision Between Two Motor Vehicles in Transport	No	No Controls	3	1	Complains Of Pain	NA	41.82007	-71.42819	FALSE	FALSE	Broadway and Vinton Street, Providence, RI, USA	FALSE	-71.4285663	41.8207514	route	geometric_center	vinton st, providence, ri, usa	Broadway & Vinton Street, Providence, RI, USA	Ei1Ccm9hZHdheSAmIFZpbnRvbiBTdHJlZXQsIFByb3ZpZGVuY2UsIFJJLCBVU0EiZiJkChQKEglF5rYLdUXkiRHipmasZ-JhnRIUChIJRea2C3VF5IkR4qZmrGfiYZ0aFAoSCaW15YZ1ReSJERrCM7HXpG-zGhQKEgnN2QdAdUXkiRHzHzv0hMO0lyIKDVg97RgVUexs1Q	41.820092	-71.4281903	41.820092	-71.4281903	Med	2.449155254801079	NA
1606	2017-07-08	590953	12:44:00	Pedestrian	1	NA	FALSE	FALSE	1	BROADWAY	DEAN ST	2017-07-08	Two-Way , Not Divided	Dry	Daylight	Clear	Not a Collision Between Two Motor Vehicles in Transport	No	No Controls	4	1	Complains Of Pain	NA	41.82132	-71.4229	FALSE	FALSE	Broadway and Dean Street, Providence, RI, USA	FALSE	-71.4242155	41.8234078	route	geometric_center	dean st, providence, ri, usa	Broadway & Dean Street, Providence, RI, USA	EitCcm9hZHdheSAmIERlYW4gU3RyZWV0LCBQcm92aWRlbmNlLCBSSSwgVVNBImYiZAoUChIJCcRZtQxF5IkRWJynngBsfzMSFAoSCQnEWbUMReSJEVicp54AbH8zGhQKEgmlteWGdUXkiREawjOx16RvsxoUChIJWwZsfgxF5IkRyLSf36DnQOQiCg38cO0YFWLJbdU	41.821414	-71.42253099999999	41.821414	-71.42253099999999	Med	32.35069609821925	NA
1607	2017-07-06	590468	17:32:00	Pedestrian	1	NA	FALSE	FALSE	1	W EXCHANGE ST	W EXCHANGE ST EXIT 22A	2017-07-06	One-Way Trafficway	Dry	Daylight	Clear	Rear - to - Side	No	Traffic Control Signal	3	1	Complains Of Pain	NA	41.82485	-71.41611	FALSE	FALSE	W Exchange Street and W Exchange St Exit 22a, Providence, RI, USA	FALSE	-71.4202531	41.825222	route	geometric_center	w exchange st, providence, ri 02903, usa	NA	NA	NA	NA	41.825222	-71.4202531	Med	346.17079552071164	Raw
1608	2017-07-06	590547	22:15:00	Pedestrian	1	NA	FALSE	TRUE	1	DOUGLAS AVE	PUMGANSETT ST	2017-07-07	Two-Way , Not Divided	Dry	Dark - Lighted	Clear	Other	No	No Controls	3	1	Non-Incapacitating	2	41.83977	-71.4263	FALSE	FALSE	Douglas Ave and Pumgansett Street, Providence, RI, USA	FALSE	-71.4263948	41.839878	intersection	geometric_center	pumgansett st & douglas ave, providence, ri 02908, usa	NA	NA	NA	NA	41.839878	-71.4263948	Med High	14.3650458837349	NA
1609	2017-07-06	590681	NA	Pedestrian	1	NA	FALSE	FALSE	1	343 BROAD ST	BROAD ST	2017-07-07	Two-Way , Not Divided	Dry	Dark - Lighted	Clear	Not a Collision Between Two Motor Vehicles in Transport	Yes, Driver Left Scene	No Controls	2	1	Complains Of Pain	NA	41.81402	-71.42137	TRUE	FALSE	343 Broad Street, Providence, RI, USA	FALSE	-71.4221475	41.813852	premise	rooftop	343 broad st, providence, ri 02907, usa	NA	NA	NA	NA	41.813852	-71.4221475	High	67.16384118753521	NA
1610	2017-07-05	590158	16:52:00	Bicycle	NA	1	FALSE	FALSE	1	PLEASANT VALLEY PKWY	SHARON ST	2017-07-05	Two-Way , Not Divided	Dry	Daylight	Clear	Not a Collision Between Two Motor Vehicles in Transport	No	No Controls	4	1	Complains Of Pain	NA	41.83521	-71.44103	FALSE	FALSE	Pleasant Valley Pkwy and Sharon Street, Providence, RI, USA	FALSE	-71.4409526	41.8352486	intersection	geometric_center	sharon st & pleasant valley pkwy, providence, ri 02908, usa	NA	NA	NA	NA	41.8352486	-71.4409526	Med High	7.724939839811833	NA
1611	2017-07-04	589805	23:33:00	Pedestrian	2	NA	FALSE	FALSE	1	OSBORN ST	CHALKSTONE AVE	2017-07-05	Two-Way , Not Divided	Dry	Dark - Lighted	Clear	Not a Collision Between Two Motor Vehicles in Transport	No	No Controls	4	2	Non-Incapacitating	NA	41.83759	-71.42538	FALSE	FALSE	Osborn Street and Chalkstone Ave, Providence, RI, USA	FALSE	-71.4246148	41.8355026	intersection	geometric_center	chalkstone ave & osborn st, providence, ri 02908, usa	NA	NA	NA	NA	41.8355026	-71.4246148	Med High	240.87920837830393	Geocoded
1612	2017-07-03	589312	03:08:00	Bicycle	NA	1	FALSE	FALSE	1	MEMORIAL BLVD	FRANCIS ST	2017-07-03	Two-Way, Divided, Positive Median Barrier	Dry	Dark - Lighted	Clear	Angle (Front - to - Side) Right Angle (Includes Broadside)	No	Traffic Control Signal	3	1	Non-Incapacitating	NA	41.8259	-71.41535	FALSE	FALSE	Memorial Blvd and Francis Street, Providence, RI, USA	FALSE	-71.4153098	41.8257791	intersection	geometric_center	memorial blvd & francis st, providence, ri 02903, usa	NA	NA	NA	NA	41.8257791	-71.4153098	Med High	13.865500523563528	NA
1613	2017-07-02	589045	12:10:00	Pedestrian	2	NA	FALSE	FALSE	1	UNION AVE	UNION AVE ON RAMP	2017-07-02	Two-Way , Not Divided	Dry	Daylight	Clear	Not a Collision Between Two Motor Vehicles in Transport	No	Pavement Markings	3	2	Complains Of Pain	NA	41.80893	-71.44004	FALSE	FALSE	Union Ave and Union Ave On Ramp, Providence, RI, USA	FALSE	-71.4484592	41.8065901	route	geometric_center	union ave, rhode island, usa	NA	NA	NA	NA	41.8065901	-71.4484592	Med	745.572026354849	Raw
1614	2017-07-02	589245	22:38:00	Pedestrian	1	NA	FALSE	FALSE	1	PARNELL ST	FOWLER ST	2017-07-02	Two-Way , Not Divided	Dry	Dark - Lighted	Clear	Other	No	No Controls	3	1	Non-Incapacitating	2	41.82609	-71.45378	FALSE	FALSE	Parnell Street and Fowler Street, Providence, RI, USA	FALSE	-71.453728	41.826229	intersection	geometric_center	parnell st & fowler st, providence, ri 02909, usa	NA	NA	NA	NA	41.826229	-71.453728	Med High	16.06339830252654	NA
1615	2017-07-01	588899	11:28:00	Pedestrian	1	NA	FALSE	FALSE	1	BRANCH AVE	VEAZIE ST	2017-07-01	Two-Way , Not Divided	Dry	Daylight	Clear	Not a Collision Between Two Motor Vehicles in Transport	No	No Controls	2	1	Complains Of Pain	NA	41.85472	-71.43464	FALSE	FALSE	Branch Ave and Veazie Street, Providence, RI, USA	FALSE	-71.43467450000001	41.8547389	intersection	geometric_center	branch ave & veazie st, providence, ri 02904, usa	NA	NA	NA	NA	41.8547389	-71.43467450000001	Med High	3.5509748107070385	NA
1616	2017-07-01	588942	20:57:00	Pedestrian	1	NA	FALSE	FALSE	1	NORTH MAIN ST	N MAIN ST	2017-07-01	Two-Way, Divided, Positive Median Barrier	Dry	Dark - Lighted	Clear	Other	No	No Controls	2	1	Non-Incapacitating	4	41.83926	-71.40902	FALSE	FALSE	North Main Street and N Main Street, Providence, RI, USA	FALSE	-71.700964	41.9595187	intersection	geometric_center	n main st & pascoag main st, burrillville, ri 02859, usa	NA	NA	NA	NA	41.9595187	-71.700964	Med High	27646.944754286207	Raw
1617	2017-06-30	588502	06:59:00	Pedestrian	1	NA	FALSE	FALSE	1	FRANCIS STREET	I 95	2017-06-30	Two-Way , Not Divided	Dry	Daylight	Clear	Other	No	Traffic Control Signal	4	1	Non-Incapacitating	NA	41.83572	-71.41578	FALSE	FALSE	Francis Street and I 95, Providence, RI, USA	FALSE	-71.4167284	41.817505	route	geometric_center	i-95, providence, ri, usa	NA	NA	NA	NA	41.817505	-71.4167284	Med	2029.2101161555474	Neither
1618	2017-06-30	588561	15:24:00	Pedestrian	1	NA	FALSE	FALSE	1	SABIN ST	SABIN ST	2017-06-30	One-Way Trafficway	Dry	Daylight	Clear	Angle (Front - to - Side) Right Angle (Includes Broadside)	No	No Controls	4	1	Complains Of Pain	NA	41.82453	-71.41566	FALSE	FALSE	Sabin Street and Sabin Street, Providence, RI, USA	FALSE	-71.4163184	41.8239955	route	geometric_center	sabin st, providence, ri, usa	NA	NA	NA	NA	41.8239955	-71.4163184	Med	80.76714001580002	NA
1619	2017-06-30	588591	17:50:00	Pedestrian	1	NA	FALSE	FALSE	1	RHODES ST	EDDY ST	2017-06-30	Two-Way , Not Divided	Dry	Daylight	Cloudy	Not a Collision Between Two Motor Vehicles in Transport	No	No Controls	2	1	Complains Of Pain	NA	41.80807	-71.40766	FALSE	FALSE	Rhodes Street and Eddy Street, Providence, RI, USA	FALSE	-71.4072355	41.808252	intersection	geometric_center	rhodes st & eddy st, providence, ri 02905, usa	NA	NA	NA	NA	41.808252	-71.4072355	Med High	40.63420371776422	NA
1620	2017-06-29	588281	17:14:00	Bicycle	NA	1	FALSE	FALSE	1	WASHINGTON ST	GREENE ST	2017-06-29	One-Way Trafficway	Dry	Daylight	Cloudy	Not a Collision Between Two Motor Vehicles in Transport	No	Traffic Control Signal	2	1	Non-Incapacitating	NA	41.82125	-71.41721	FALSE	FALSE	Washington Street and Greene Street, Providence, RI, USA	FALSE	-71.4168727	41.8210088	route	geometric_center	greene st, providence, ri 02903, usa	Washington Street & Greene Street, Providence, RI, USA	EjZXYXNoaW5ndG9uIFN0cmVldCAmIEdyZWVuZSBTdHJlZXQsIFByb3ZpZGVuY2UsIFJJLCBVU0EiZiJkChQKEgm34he7EkXkiRGsc_jDIc_nwRIUChIJt-IXuxJF5IkRrHP4wyHP58EaFAoSCanazZwSReSJERoH0JajEjT2GhQKEgn9APC2EkXkiRFL2JV2CXi6tSIKDatr7RgVkphu1Q	41.8212779	-71.417227	41.8212779	-71.417227	Med	3.411012792522418	NA
1621	2017-06-28	587971	18:13:00	Bicycle	NA	1	FALSE	FALSE	1	GLENHAM ST	PRAIRIE AVE	2017-06-28	Two-Way , Not Divided	Dry	Daylight	Clear	Not a Collision Between Two Motor Vehicles in Transport	No	No Controls	3	0	No Injury	NA	41.8061	-71.41504	FALSE	FALSE	Glenham Street and Prairie Ave, Providence, RI, USA	FALSE	-71.4150396	41.8061135	intersection	geometric_center	glenham st & prairie ave, providence, ri 02905, usa	NA	NA	NA	NA	41.8061135	-71.4150396	Med High	1.5031796133768038	NA
1622	2017-06-26	588868	12:11:00	Bicycle	NA	1	FALSE	FALSE	1	ADELAIDE AVE	EMERSON ST	2017-07-01	Two-Way , Not Divided	Dry	Daylight	Clear	Angle (Front - to - Side) Right Angle (Includes Broadside)	No	Stop Signs	4	0	No Injury	2	41.79855	-71.4164	FALSE	FALSE	Adelaide Ave and Emerson Street, Providence, RI, USA	FALSE	-71.41641419999999	41.7985663	intersection	geometric_center	adelaide ave & emerson st, providence, ri 02907, usa	NA	NA	NA	NA	41.7985663	-71.41641419999999	Med High	2.1635920035367424	NA
1623	2017-06-25	586614	04:07:00	Pedestrian	1	1	FALSE	FALSE	1	WOODWARD RD	BRANCH AVE	2017-06-25	Two-Way , Not Divided	Dry	Dark - Lighted	Clear	Not a Collision Between Two Motor Vehicles in Transport	Yes, M/V and Driver Left Scene	No Controls	3	2	Complains Of Pain	2	41.8537	-71.42796	FALSE	FALSE	Woodward Rd and Branch Ave, Providence, RI, USA	FALSE	-71.42806279999999	41.8534892	intersection	geometric_center	woodward rd & branch ave, providence, ri 02904, usa	NA	NA	NA	NA	41.8534892	-71.42806279999999	Med High	24.966291145758454	NA
1624	2017-06-25	586812	10:56:00	Bicycle	NA	1	FALSE	FALSE	1	HOPE ST	ALUMNI AVE	2017-06-25	Two-Way , Not Divided	Dry	Daylight	Clear	Not a Collision Between Two Motor Vehicles in Transport	Yes, M/V and Driver Left Scene	No Controls	2	1	Incapacitating	2	41.83462	-71.40144	FALSE	FALSE	Hope Street and Alumni Ave, Providence, RI, USA	FALSE	-71.4014577	41.8348462	intersection	geometric_center	hope st & alumni ave, providence, ri 02906, usa	NA	NA	NA	NA	41.8348462	-71.4014577	Med High	25.22322735353922	NA
1625	2017-06-24	586355	01:11:00	Pedestrian	1	NA	FALSE	FALSE	1	PILSUDSKI ST	PLAINFIELD ST	2017-06-24	Two-Way , Not Divided	Dry	Dark - Lighted	Clear	Other	Yes, M/V and Driver Left Scene	No Controls	3	1	Incapacitating	2	41.81482	-71.44633	FALSE	FALSE	Pilsudski Street and Plainfield Street, Providence, RI, USA	FALSE	-71.4464939	41.8149149	intersection	geometric_center	pilsudski st & plainfield st, providence, ri 02909, usa	NA	NA	NA	NA	41.8149149	-71.4464939	Med High	17.21961557520039	NA
1626	2017-06-24	586579	20:29:00	Pedestrian	1	NA	FALSE	FALSE	1	105 ALVERSON AVE	NYE ST	2017-06-24	Two-Way , Not Divided	Dry	Dark - Lighted	Clear	Not a Collision Between Two Motor Vehicles in Transport	No	No Controls	2	1	Complains Of Pain	NA	41.81662	-71.45934	TRUE	FALSE	105 Alverson Ave, Providence, RI, USA	FALSE	-71.4591779	41.8166117	premise	rooftop	105 alverson ave, providence, ri 02909, usa	NA	NA	NA	NA	41.8166117	-71.4591779	High	13.48024509363381	NA
1627	2017-06-23	586115	13:11:00	Pedestrian	1	NA	FALSE	FALSE	1	BELMONT AVE	ACADEMY AVE	2017-06-23	One-Way Trafficway	Dry	Daylight	Cloudy	Other	No	Other	2	1	Complains Of Pain	NA	41.81438	-71.445	FALSE	FALSE	Belmont Ave and Academy Ave, Providence, RI, USA	FALSE	-71.4445179	41.8322837	intersection	geometric_center	academy ave & belmont ave, providence, ri 02908, usa	NA	NA	NA	NA	41.8322837	-71.4445179	Med High	1993.4319848607965	Geocoded
1628	2017-06-23	586445	17:21:00	Pedestrian	1	NA	FALSE	FALSE	1	ARMSTRONG AVE	THOMPSON ST	2017-06-24	Two-Way , Not Divided	Dry	Daylight	Clear	Other	No	No Controls	2	1	Complains Of Pain	NA	41.81903	-71.39714	FALSE	FALSE	Armstrong Ave and Thompson Street, Providence, RI, USA	FALSE	-71.39683500000001	41.8190834	intersection	geometric_center	armstrong ave & thompson st, providence, ri 02903, usa	NA	NA	NA	NA	41.8190834	-71.39683500000001	Med High	25.992090401034254	NA
1629	2017-06-22	585911	17:39:00	Pedestrian	1	NA	FALSE	FALSE	1	CHALKSTONE AVENU	FERN STREET	2017-06-22	Two-Way , Not Divided	Dry	Daylight	Clear	Not a Collision Between Two Motor Vehicles in Transport	No	No Controls	3	1	Non-Incapacitating	NA	41.81541	-71.44637	FALSE	FALSE	Chalkstone Avenu and Fern Street, Providence, RI, USA	FALSE	-71.4378466	41.8328452	intersection	geometric_center	fern st & chalkstone ave, providence, ri 02908, usa	NA	NA	NA	NA	41.8328452	-71.4378466	Med High	2065.656016884951	Geocoded