row_number	crash_date	crash_report_id	crash_time	collision_type	count_pedestrian	count_bicycle	scooter	wheel_chair	number_of_vehicles	street_or_highway	nearest_intersection	report_date	type_of_roadway	road_surface_condition	light_condition	weather_condition	manner_of_impact	hit_and_run	traffic_control	person_count	injury_count	most_serious_injury	number_of_lanes	lat_raw	lon_raw	has_st_number	is_intersection_null	address_sent_to_geocoder	is_address_blank	lon_api_first_try	lat_api_first_try	type	loctype	address_returned_by_geocoder	address_returned_by_autocomplete	place_ids_autocompleted	lat_api_second_try	lon_api_second_try	lat_api_best	lon_api_best	api_coord_conf	distance_btwn_coords_meters	best_coordinate_set
1630	2017-06-22	585933	22:23:00	Pedestrian	1	NA	FALSE	FALSE	1	WESTMINSTER ST	HARKNESS ST	2017-06-23	Two-Way , Not Divided	Dry	Dark - Lighted	Clear	Not a Collision Between Two Motor Vehicles in Transport	No	No Controls	2	1	Incapacitating	NA	41.81628	-71.43396	FALSE	FALSE	Westminster Street and Harkness Street, Providence, RI, USA	FALSE	-71.4339426	41.816302	intersection	geometric_center	westminster st & harkness st, providence, ri 02909, usa	NA	NA	NA	NA	41.816302	-71.4339426	Med High	2.842831762952112	NA
1631	2017-06-19	584867	16:42:00	Bicycle	NA	1	FALSE	FALSE	1	SMITH ST	CHALKSTONE AVE	2017-06-19	Two-Way , Not Divided	Dry	Daylight	Clear	Not a Collision Between Two Motor Vehicles in Transport	No	Traffic Control Signal	3	1	Complains Of Pain	2	41.83521	-71.42565	FALSE	FALSE	Smith Street and Chalkstone Ave, Providence, RI, USA	FALSE	-71.4256425	41.83522139999999	intersection	geometric_center	chalkstone ave & smith st, providence, ri 02908, usa	NA	NA	NA	NA	41.83522139999999	-71.4256425	Med High	1.413300364710605	NA
1632	2017-06-18	584586	18:56:00	Pedestrian	1	NA	FALSE	FALSE	1	MERCY ST	POCASSET AVE	2017-06-18	Two-Way , Not Divided	Dry	Daylight	Clear	Sidwswipe, Opposite Direction	No	No Controls	2	1	Non-Incapacitating	NA	41.80898	-71.4563	FALSE	FALSE	Mercy Street and Pocasset Ave, Providence, RI, USA	FALSE	-71.4543806	41.8103315	route	geometric_center	pocasset ave, providence, ri 02909, usa	Mercy Street & Pocasset Ave, Providence, RI, USA	EjBNZXJjeSBTdHJlZXQgJiBQb2Nhc3NldCBBdmUsIFByb3ZpZGVuY2UsIFJJLCBVU0EiZiJkChQKEgl9zpdu9UXkiRFnFfPO_oiOwhIUChIJfc6XbvVF5IkRZxXzzv6IjsIaFAoSCY_Uusn1ReSJEd7-ma1YId3wGhQKEgl1Nawmi0XkiRGcN_50_xMz6CIKDap56xgVQrxo1Q	41.808529	-71.455635	41.808529	-71.455635	Med	74.60013400236477	NA
1633	2017-06-17	583727	09:13:00	Pedestrian	1	NA	FALSE	FALSE	1	ATWELLS AVE	ACADEMY AVE	2017-06-17	Two-Way, Divided, Unprotected (painted>4feet) Medium	Wet	Daylight	Cloudy	Not a Collision Between Two Motor Vehicles in Transport	No	Traffic Control Signal	3	1	Complains Of Pain	2	41.82478	-71.4434	FALSE	FALSE	Atwells Ave and Academy Ave, Providence, RI, USA	FALSE	-71.4435191	41.8247997	intersection	geometric_center	atwells ave & academy ave, providence, ri 02909, usa	NA	NA	NA	NA	41.8247997	-71.4435191	Med High	10.120269440065131	NA
1634	2017-06-17	583797	18:15:00	Pedestrian	1	NA	FALSE	FALSE	1	ELMWOOD AVE	ELMWOOD AVE	2017-06-17	Two-Way , Not Divided	Dry	Daylight	Cloudy	Not a Collision Between Two Motor Vehicles in Transport	No	No Controls	2	1	Incapacitating	NA	41.80965	-71.42421	FALSE	FALSE	Elmwood Ave and Elmwood Ave, Providence, RI, USA	FALSE	-71.4229658	41.7920613	route	geometric_center	elmwood ave, providence, ri, usa	NA	NA	NA	NA	41.7920613	-71.4229658	Med	1960.685585456621	Raw
1635	2017-06-15	582589	12:42:00	Pedestrian	1	NA	FALSE	FALSE	1	BUTLER DR	BLACKSTONE BLVD	2017-06-15	Two-Way , Not Divided	Dry	Daylight	Clear	Not a Collision Between Two Motor Vehicles in Transport	No	Other	2	1	Complains Of Pain	NA	41.84622	-71.38698	FALSE	FALSE	Butler Dr and Blackstone Blvd, Providence, RI, USA	FALSE	-71.3870926	41.8450883	route	geometric_center	blackstone blvd, providence, ri 02906, usa	NA	NA	NA	NA	41.8450883	-71.3870926	Med	126.32584045824169	Raw
1636	2017-06-15	582950	17:51:00	Bicycle	NA	1	FALSE	FALSE	1	RIVER AVE	ADMIRAL ST	2017-06-15	Two-Way, Divided, Unprotected (painted>4feet) Medium	Dry	Daylight	Clear	Not a Collision Between Two Motor Vehicles in Transport	No	Traffic Control Signal	2	1	Non-Incapacitating	NA	41.8492	-71.43894	FALSE	FALSE	River Ave and Admiral Street, Providence, RI, USA	FALSE	-71.4460552	41.853176	intersection	geometric_center	admiral st & river ave, providence, ri 02904, usa	NA	NA	NA	NA	41.853176	-71.4460552	Med High	737.5559084825628	Raw
1637	2017-06-13	582052	19:59:00	Bicycle	NA	1	FALSE	FALSE	1	PEARL ST	PRAIRIE AVE	2017-06-13	Two-Way , Not Divided	Dry	Daylight	Clear	Angle (Front - to - Side) Right Angle (Includes Broadside)	Yes, M/V and Driver Left Scene	Stop Signs	2	1	Incapacitating	2	41.81185	-71.41527	FALSE	FALSE	Pearl Street and Prairie Ave, Providence, RI, USA	FALSE	-71.41427	41.8042755	route	geometric_center	prairie ave, providence, ri, usa	Pearl Street & Prairie Ave, Providence, RI, USA	Ei9QZWFybCBTdHJlZXQgJiBQcmFpcmllIEF2ZSwgUHJvdmlkZW5jZSwgUkksIFVTQSJmImQKFAoSCaVnsqFvReSJEdeu3DOR6wWYEhQKEgmlZ7Khb0XkiRHXrtwzkesFmBoUChIJDZuFNG5F5IkRuqHtdeVKVQoaFAoSCU9p3-5jReSJERxJRMa12xo0IgoN2PvrGBVU5G7V	41.8118616	-71.4152876	41.8118616	-71.4152876	Med	1.949333049035709	NA
1638	2017-06-12	581408	23:13:00	Pedestrian	1	NA	FALSE	FALSE	1	WATERMAN ST	COOKE ST	2017-06-13	One-Way Trafficway	Dry	Dark - Lighted	Clear	Other	No	No Controls	2	1	Non-Incapacitating	1	41.82762	-71.39502	FALSE	FALSE	Waterman Street and Cooke Street, Providence, RI, USA	FALSE	-71.3954406	41.8276173	intersection	geometric_center	cooke st & waterman st, providence, ri 02906, usa	NA	NA	NA	NA	41.8276173	-71.3954406	Med High	34.8901625775677	NA
1639	2017-06-11	580350	03:36:00	Bicycle	NA	1	FALSE	FALSE	1	BROADWAY	EMPIRE ST	2017-06-11	Two-Way , Not Divided	Dry	Dark - Unknown Lighting	Clear	Not a Collision Between Two Motor Vehicles in Transport	Yes, M/V and Driver Left Scene	No Controls	1	1	Complains Of Pain	2	41.82256	-71.41744	FALSE	FALSE	Broadway and Empire Street, Providence, RI, USA	FALSE	-71.4157797	41.821349	route	geometric_center	empire st, providence, ri 02903, usa	Broadway & Empire Street, Providence, RI, USA	Ei1Ccm9hZHdheSAmIEVtcGlyZSBTdHJlZXQsIFByb3ZpZGVuY2UsIFJJLCBVU0EiZiJkChQKEglNlP-DEkXkiRHtQ_ofNG0sSxIUChIJTZT_gxJF5IkR7UP6HzRtLEsaFAoSCaW15YZ1ReSJERrCM7HXpG-zGhQKEgnHPO_pEkXkiRGhxI4iuiomFSIKDV6l7RgVloNu1Q	41.822755	-71.4177642	41.822755	-71.4177642	Med	34.56188206180385	NA
1640	2017-06-09	579795	15:40:00	Bicycle	NA	1	FALSE	FALSE	1	POINT ST	PARSONAGE ST	2017-06-09	Two-Way , Not Divided	Dry	Daylight	Cloudy	Not a Collision Between Two Motor Vehicles in Transport	No	No Controls	6	1	Complains Of Pain	NA	41.81596	-71.40876	FALSE	FALSE	Point Street and Parsonage Street, Providence, RI, USA	FALSE	-71.4087555	41.81596529999999	intersection	geometric_center	point st & parsonage st, providence, ri 02903, usa	NA	NA	NA	NA	41.81596529999999	-71.4087555	Med High	0.698196131597269	NA
1641	2017-06-07	578785	07:51:00	Pedestrian	1	NA	FALSE	FALSE	1	SMITH STREET	STATE ST / GASPEE ST	2017-06-07	Two-Way, Divided, Unprotected (painted>4feet) Medium	Dry	Daylight	Clear	Not a Collision Between Two Motor Vehicles in Transport	No	Traffic Control Signal	3	1	Complains Of Pain	NA	41.83152	-71.41278	FALSE	FALSE	Smith Street and State Street / Gaspee Street, Providence, RI, USA	FALSE	-71.4128107	41.8315462	intersection	geometric_center	state st & gaspee st, providence, ri 02908, usa	NA	NA	NA	NA	41.8315462	-71.4128107	Med High	3.871772342182485	NA
1642	2017-06-07	578795	07:54:00	Pedestrian	1	NA	FALSE	FALSE	1	US HWY 6 E	WESTMINSTER ST	2017-06-07	One-Way Trafficway	Dry	Daylight	Cloudy	Head-On (Front - to - Front)	No	Traffic Control Signal	2	1	Complains Of Pain	2	41.81576	-71.43875	FALSE	FALSE	Us Hwy 6 E and Westminster Street, Providence, RI, USA	FALSE	-71.40892649999999	41.8252921	street_address	range_interpolated	6 westminster st, providence, ri 02903, usa	NA	NA	NA	NA	41.8252921	-71.40892649999999	Med High	2692.084977878308	Raw
1643	2017-06-05	577920	15:00:00	Pedestrian	1	NA	FALSE	FALSE	1	PUBLIC ST	HILTON ST	2017-06-05	Two-Way , Not Divided	Dry	Daylight	Cloudy	Not a Collision Between Two Motor Vehicles in Transport	No	No Controls	2	1	Complains Of Pain	NA	41.80593	-71.41316	FALSE	FALSE	Public Street and Hilton Street, Providence, RI, USA	FALSE	-71.41312169999999	41.8059524	intersection	geometric_center	public st & hilton st, providence, ri 02905, usa	NA	NA	NA	NA	41.8059524	-71.41312169999999	Med High	4.039548226009121	NA
1644	2017-06-05	577944	18:50:00	Bicycle	NA	1	FALSE	FALSE	1	4TH ST	SUMMIT AVE	2017-06-05	Two-Way , Not Divided	Dry	Dark - Lighted	Clear	Other	Yes, M/V and Driver Left Scene	No Controls	2	0	No Injury	NA	41.85052	-71.39825	FALSE	FALSE	4th Street and Summit Ave, Providence, RI, USA	FALSE	-71.398247	41.850533	route	geometric_center	summit ave, providence, ri 02906, usa	4th Street & Summit Ave, Providence, RI, USA	Eiw0dGggU3RyZWV0ICYgU3VtbWl0IEF2ZSwgUHJvdmlkZW5jZSwgUkksIFVTQSJmImQKFAoSCYWlTyTEROSJEbAGfT0wMgxAEhQKEgmFpU8kxETkiRGwBn09MDIMQBoUChIJ7QsqzsVE5IkRdJ5UApq7RJ0aFAoSCWc0otTFROSJEcuWttDdYL4lIgoNcuLxGBX6fXHV	41.850533	-71.398247	41.850533	-71.398247	Med	1.468378443952311	NA
1645	2017-06-02	576913	16:45:00	Bicycle	NA	1	FALSE	FALSE	1	PUMGANSETT ST	ADMIRAL ST	2017-06-02	Two-Way , Not Divided	Wet	Daylight	Cloudy	Not a Collision Between Two Motor Vehicles in Transport	No	Pavement Markings	3	1	Complains Of Pain	NA	41.84268	-71.422	FALSE	FALSE	Pumgansett Street and Admiral Street, Providence, RI, USA	FALSE	-71.42198599999999	41.84269870000001	intersection	geometric_center	admiral st & pumgansett st, providence, ri 02908, usa	NA	NA	NA	NA	41.84269870000001	-71.42198599999999	Med High	2.383560137004931	NA
1646	2017-06-02	576980	20:08:00	Bicycle	NA	1	FALSE	FALSE	1	HAMLIN ST	ELMWOOD AVE	2017-06-02	Two-Way , Not Divided	Dry	Daylight	Clear	Not a Collision Between Two Motor Vehicles in Transport	No	No Controls	2	0	No Injury	NA	41.7809	-71.42112	FALSE	FALSE	Hamlin Street and Elmwood Ave, Providence, RI, USA	FALSE	-71.4200348	41.7806968	intersection	geometric_center	hamlin st & elmwood ave, providence, ri 02907, usa	NA	NA	NA	NA	41.7806968	-71.4200348	Med High	92.87996624517798	NA
1647	2017-06-01	576803	21:40:00	Pedestrian	1	NA	FALSE	FALSE	1	PLAINFIELD ST	DUXBURY ST	2017-06-01	Two-Way , Not Divided	Dry	Dark - Lighted	Clear	Other	No	No Controls	2	1	Complains Of Pain	NA	41.81215	-71.46159	FALSE	FALSE	Plainfield Street and Duxbury Street, Providence, RI, USA	FALSE	-71.461586	41.8121529	intersection	geometric_center	duxbury st & plainfield st, providence, ri 02909, usa	NA	NA	NA	NA	41.8121529	-71.461586	Med High	0.46299245893714946	NA
1648	2017-05-31	576369	12:47:00	Bicycle	NA	1	FALSE	FALSE	1	391 CHARLES ST	SILVER SPRING ST	2017-05-31	Two-Way , Not Divided	Dry	Daylight	Clear	Other	No	No Controls	4	1	Complains Of Pain	NA	41.84455	-71.41863	TRUE	FALSE	391 Charles Street, Providence, RI, USA	FALSE	-71.418266	41.8447294	premise	rooftop	391 charles st, providence, ri 02904, usa	NA	NA	NA	NA	41.8447294	-71.418266	High	36.194135014298034	NA
1649	2017-05-29	575796	21:01:00	Pedestrian	1	NA	FALSE	FALSE	1	Huntington Ave	NA	2017-05-30	One-Way Trafficway	Dry	Dark - Lighted	Clear	Not a Collision Between Two Motor Vehicles in Transport	No	No Controls	5	1	Complains Of Pain	NA	41.80394	-71.43901	FALSE	TRUE	Huntington Ave, Providence, RI, USA	FALSE	-71.4361117	41.8025522	route	geometric_center	huntington ave, providence, ri, usa	NA	NA	NA	NA	41.8025522	-71.4361117	Inaccurate	285.84982946155446	Geocoded
1650	2017-05-25	574021	13:24:00	Pedestrian	1	NA	FALSE	FALSE	1	ATWELLS AVE	VALLEY ST	2017-05-25	Two-Way , Not Divided	Wet	Daylight	Rain	Not a Collision Between Two Motor Vehicles in Transport	No	Traffic Control Signal	4	1	Complains Of Pain	2	41.82456	-71.43949	FALSE	FALSE	Atwells Ave and Valley Street, Providence, RI, USA	FALSE	-71.4394736	41.8245768	intersection	geometric_center	valley st & atwells ave, providence, ri 02908, usa	NA	NA	NA	NA	41.8245768	-71.4394736	Med High	2.3126492950802264	NA
1651	2017-05-22	573119	15:40:00	Pedestrian	1	NA	FALSE	FALSE	1	SMITH ST	CHALKSTONE AVE	2017-05-22	Two-Way , Not Divided	Dry	Daylight	Rain	Not a Collision Between Two Motor Vehicles in Transport	No	No Controls	3	1	Complains Of Pain	NA	41.83521	-71.42565	FALSE	FALSE	Smith Street and Chalkstone Ave, Providence, RI, USA	FALSE	-71.4256425	41.83522139999999	intersection	geometric_center	chalkstone ave & smith st, providence, ri 02908, usa	NA	NA	NA	NA	41.83522139999999	-71.4256425	Med High	1.413300364710605	NA
1652	2017-05-22	573133	15:03:00	Pedestrian	1	NA	FALSE	FALSE	1	UNION AVE	SORRENTO ST	2017-05-22	Two-Way, Divided, Unprotected (painted>4feet) Medium	Wet	Daylight	Cloudy	Not a Collision Between Two Motor Vehicles in Transport	No	No Controls	2	1	Non-Incapacitating	NA	41.81003	-71.4355	FALSE	FALSE	Union Ave and Sorrento Street, Providence, RI, USA	FALSE	-71.4354899	41.8100607	intersection	geometric_center	sorrento st & union ave, providence, ri 02909, usa	NA	NA	NA	NA	41.8100607	-71.4354899	Med High	3.518757334215386	NA
1653	2017-05-21	572355	03:47:00	Pedestrian	1	NA	FALSE	FALSE	1	BROAD ST	SOMERSET ST	2017-05-21	Two-Way , Not Divided	Dry	Dark - Lighted	Clear	Other	Yes, M/V and Driver Left Scene	No Controls	3	1	Incapacitating	2	41.81373	-71.42156	FALSE	FALSE	Broad Street and Somerset Street, Providence, RI, USA	FALSE	-71.4189293	41.8120584	route	geometric_center	somerset st, providence, ri, usa	Broad Street & Somerset Street, Providence, RI, USA	EjNCcm9hZCBTdHJlZXQgJiBTb21lcnNldCBTdHJlZXQsIFByb3ZpZGVuY2UsIFJJLCBVU0EiZiJkChQKEgkL8cb6cEXkiRFbmigrIHJHkRIUChIJC_HG-nBF5IkRW5ooKyByR5EaFAoSCYPefdWMT-SJESyiypOYSwijGhQKEgnrwx8ZcEXkiRHDryh8sOglTSIKDT067BgVsO5t1Q	41.8134589	-71.421576	41.8134589	-71.421576	Med	30.207896605566454	NA
1654	2017-05-19	571646	15:16:00	Bicycle	NA	1	FALSE	FALSE	1	WESTMINSTER ST	DEXTER ST	2017-05-19	Two-Way , Not Divided	Dry	Daylight	Clear	Not a Collision Between Two Motor Vehicles in Transport	Yes, M/V and Driver Left Scene	Pavement Markings	1	0	No Injury	NA	41.81659	-71.43134	FALSE	FALSE	Westminster Street and Dexter Street, Providence, RI, USA	FALSE	-71.4313462	41.8166033	intersection	geometric_center	dexter st & westminster st, providence, ri 02909, usa	NA	NA	NA	NA	41.8166033	-71.4313462	Med High	1.567358534700792	NA
1655	2017-05-19	572160	13:23:00	Bicycle	NA	NA	FALSE	FALSE	2	I 95 N	DOUGLAS AVE	2017-05-19	Two-Way , Not Divided	Dry	Daylight	Clear	Angle (Front - to - Side) Same Direction	Yes, M/V and Driver Left Scene	No Controls	1	0	No Injury	NA	41.8347	-71.41607	FALSE	FALSE	I 95 N and Douglas Ave, Providence, RI, USA	FALSE	-71.4192655	41.8361835	street_address	range_interpolated	95 douglas ave, providence, ri 02908, usa	NA	NA	NA	NA	41.8361835	-71.4192655	Med High	312.2749190223981	Raw
1656	2017-05-18	570932	07:57:00	Pedestrian	1	NA	FALSE	FALSE	1	ATWELLS AVE	VALLEY ST	2017-05-18	Two-Way, Divided, Unprotected (painted>4feet) Medium	Dry	Daylight	Clear	Not a Collision Between Two Motor Vehicles in Transport	No	Traffic Control Signal	2	0	No Injury	NA	41.82456	-71.43948	FALSE	FALSE	Atwells Ave and Valley Street, Providence, RI, USA	FALSE	-71.4394736	41.8245768	intersection	geometric_center	valley st & atwells ave, providence, ri 02908, usa	NA	NA	NA	NA	41.8245768	-71.4394736	Med High	1.9440648883575875	NA
1657	2017-05-18	571007	13:00:00	Bicycle	NA	1	FALSE	FALSE	1	DOUGLAS AVE	LUBEC ST	2017-05-18	Two-Way, Divided, Unprotected (painted>4feet) Medium	Dry	Daylight	Clear	Not a Collision Between Two Motor Vehicles in Transport	No	No Controls	2	1	Complains Of Pain	NA	41.84258	-71.44515	FALSE	FALSE	Douglas Ave and Lubec Street, Providence, RI, USA	FALSE	-71.4416833	41.8557294	intersection	geometric_center	lubec st & douglas ave, providence, ri 02904, usa	NA	NA	NA	NA	41.8557294	-71.4416833	Med High	1491.744705898506	Geocoded
1658	2017-05-18	571177	15:38:00	Pedestrian	1	NA	FALSE	FALSE	1	RICHMOND ST	POINT ST	2017-05-18	Two-Way , Not Divided	Dry	Daylight	Clear	Not a Collision Between Two Motor Vehicles in Transport	No	Traffic Control Signal	3	1	Complains Of Pain	NA	41.81657	-71.40728	FALSE	FALSE	Richmond Street and Point Street, Providence, RI, USA	FALSE	-71.407245	41.8165589	intersection	geometric_center	point st & richmond st, providence, ri 02903, usa	NA	NA	NA	NA	41.8165589	-71.407245	Med High	3.155731379910807	NA
1659	2017-05-16	570432	14:23:00	Pedestrian	1	NA	FALSE	FALSE	1	DUTTON ST	ATWELLS AVE	2017-05-16	Two-Way , Not Divided	Dry	Daylight	Clear	Not a Collision Between Two Motor Vehicles in Transport	Yes, M/V and Driver Left Scene	No Controls	1	1	Complains Of Pain	NA	41.82558	-71.45317	FALSE	FALSE	Dutton Street and Atwells Ave, Providence, RI, USA	FALSE	-71.45302280000001	41.82529	intersection	geometric_center	atwells ave & dutton st, providence, ri 02909, usa	NA	NA	NA	NA	41.82529	-71.45302280000001	Med High	34.51478828081588	NA
1660	2017-05-16	570503	17:47:00	Pedestrian	1	NA	FALSE	FALSE	1	BROAD ST	CLAVERICK ST	2017-05-16	Two-Way , Not Divided	Dry	Daylight	Clear	Not a Collision Between Two Motor Vehicles in Transport	No	Traffic Control Signal	7	1	Complains Of Pain	NA	41.81938	-71.41493	FALSE	FALSE	Broad Street and Claverick Street, Providence, RI, USA	FALSE	-71.413061	41.8182487	route	geometric_center	claverick st, providence, ri 02903, usa	Broad Street & Claverick Street, Providence, RI, USA	EjRCcm9hZCBTdHJlZXQgJiBDbGF2ZXJpY2sgU3RyZWV0LCBQcm92aWRlbmNlLCBSSSwgVVNBImYiZAoUChIJN-H52GxF5IkR-aG6rjTYAMMSFAoSCTfh-dhsReSJEfmhuq402ADDGhQKEgmD3n3VjE_kiREsosqTmEsIoxoUChIJCd0jlGxF5IkRCow_XvXZa3YiCg2rIO0YFTrwbtU	41.8193579	-71.41498299999999	41.8193579	-71.41498299999999	Med	5.038390015580217	NA
1661	2017-05-15	569919	10:59:00	Pedestrian	1	NA	FALSE	FALSE	1	635 ELMWOOD AVE	NA	2017-05-15	Two-Way, Divided, Positive Median Barrier	Wet	Daylight	Rain	Not a Collision Between Two Motor Vehicles in Transport	No	No Controls	4	1	Complains Of Pain	4	41.79479	-71.4245	TRUE	TRUE	635 Elmwood Ave, Providence, RI, USA	FALSE	-71.4250531	41.7947298	premise	rooftop	635 elmwood ave, providence, ri 02907, usa	NA	NA	NA	NA	41.7947298	-71.4250531	High	46.38990722015954	NA
1662	2017-05-15	569971	15:30:00	Bicycle	NA	1	FALSE	FALSE	1	GALLUP ST	GORDON AVE	2017-05-15	Two-Way , Not Divided	Dry	Daylight	Cloudy	Not a Collision Between Two Motor Vehicles in Transport	No	Stop Signs	3	1	Complains Of Pain	NA	41.79971	-71.41403	FALSE	FALSE	Gallup Street and Gordon Ave, Providence, RI, USA	FALSE	-71.4140427	41.7997126	intersection	geometric_center	gordon ave & gallup st, providence, ri 02907, usa	NA	NA	NA	NA	41.7997126	-71.4140427	Med High	1.0929466418437286	NA
1663	2017-05-13	570185	13:06:00	Bicycle	NA	1	FALSE	FALSE	1	cranston st	wendell st	2017-05-16	Two-Way , Not Divided	Dry	Daylight	Cloudy	Not a Collision Between Two Motor Vehicles in Transport	No	No Controls	2	0	No Injury	NA	41.80938	-71.42439	FALSE	FALSE	Cranston Street and Wendell Street, Providence, RI, USA	FALSE	-71.4315335	41.8115212	intersection	geometric_center	cranston st & wendell st, providence, ri 02909, usa	NA	NA	NA	NA	41.8115212	-71.4315335	Med High	638.8457767923156	Geocoded
1664	2017-05-12	569842	21:27:00	Pedestrian	1	NA	FALSE	FALSE	1	375 Plainfield St	NA	2017-05-12	Two-Way , Not Divided	Dry	Dark - Lighted	Clear	Not a Collision Between Two Motor Vehicles in Transport	No	No Controls	2	1	Complains Of Pain	NA	41.81377	-71.44875	TRUE	TRUE	375 Plainfield Street, Providence, RI, USA	FALSE	-71.45055959999999	41.813786	street_address	rooftop	375 plainfield st, providence, ri 02909, usa	NA	NA	NA	NA	41.813786	-71.45055959999999	High	150.1497535094232	Geocoded
1665	2017-05-10	567889	08:59:00	Pedestrian	1	NA	FALSE	FALSE	1	PUBLIC ST	PRAIRIE AVE	2017-05-10	Two-Way, Divided, Unprotected (painted>4feet) Medium	Dry	Daylight	Clear	Not a Collision Between Two Motor Vehicles in Transport	Yes, M/V and Driver Left Scene	Traffic Control Signal	5	1	Incapacitating	NA	41.80556	-71.41481	FALSE	FALSE	Public Street and Prairie Ave, Providence, RI, USA	FALSE	-71.41481200000001	41.8055601	intersection	geometric_center	public st & prairie ave, providence, ri 02907, usa	NA	NA	NA	NA	41.8055601	-71.41481200000001	Med High	0.16633054688877882	NA
1666	2017-05-10	567996	14:16:00	Pedestrian	1	NA	FALSE	FALSE	1	DEAN ST	W FOUNTAIN ST	2017-05-10	Two-Way , Not Divided	Dry	Daylight	Cloudy	Not a Collision Between Two Motor Vehicles in Transport	No	Pavement Markings	2	1	Complains Of Pain	NA	41.81955	-71.42104	FALSE	FALSE	Dean Street and W Fountain Street, Providence, RI, USA	FALSE	-71.4237818	41.8186738	route	geometric_center	w fountain st, providence, ri 02903, usa	Dean Street & West Fountain Street, Providence, RI, USA	EjdEZWFuIFN0cmVldCAmIFdlc3QgRm91bnRhaW4gU3RyZWV0LCBQcm92aWRlbmNlLCBSSSwgVVNBImYiZAoUChIJpfXr4nJF5IkRDSAALlSdC2oSFAoSCaX16-JyReSJEQ0gAC5UnQtqGhQKEglbBmx-DEXkiRHItJ_foOdA5BoUChIJU_0fgXNF5IkRIZ432AOnResiCg0kIu0YFVIIbtU	41.8193956	-71.4209198	41.8193956	-71.4209198	Med	19.870998026988477	NA
1667	2017-05-10	568407	23:06:00	Pedestrian	1	NA	FALSE	FALSE	1	VALLEY ST	DEAN ST	2017-05-11	Two-Way, Divided, Unprotected (painted>4feet) Medium	Dry	Dark - Lighted	Clear	Not a Collision Between Two Motor Vehicles in Transport	No	Traffic Control Signal	2	1	Non-Incapacitating	NA	41.83149	-71.42836	FALSE	FALSE	Valley Street and Dean Street, Providence, RI, USA	FALSE	-71.4242155	41.8234078	route	geometric_center	dean st, providence, ri, usa	NA	NA	NA	NA	41.8234078	-71.4242155	Med	963.1520534548036	Raw
1668	2017-05-07	567253	18:42:00	Pedestrian	1	NA	FALSE	FALSE	1	15 CLEMATIS ST	CHALKSTONE AVE	2017-05-07	Two-Way , Not Divided	Dry	Daylight	Clear	Not a Collision Between Two Motor Vehicles in Transport	No	No Controls	3	1	Complains Of Pain	NA	41.83303	-71.4459	TRUE	FALSE	15 Clematis Street, Providence, RI, USA	FALSE	-71.4457351	41.8331102	premise	rooftop	15 clematis st, providence, ri 02908, usa	NA	NA	NA	NA	41.8331102	-71.4457351	High	16.33325881357016	NA
1669	2017-05-07	567341	00:01:00	Bicycle	NA	1	FALSE	FALSE	1	BROADWAY	COURTLAND ST	2017-05-07	Two-Way , Not Divided	Wet	Dark - Lighted	Cloudy	Other	Yes, M/V and Driver Left Scene	No Controls	2	1	Complains Of Pain	2	41.81936	-71.43122	FALSE	FALSE	Broadway and Courtland Street, Providence, RI, USA	FALSE	-71.4312276	41.8193752	route	geometric_center	courtland st, providence, ri 02909, usa	Broadway & Courtland Street, Providence, RI, USA	EjBCcm9hZHdheSAmIENvdXJ0bGFuZCBTdHJlZXQsIFByb3ZpZGVuY2UsIFJJLCBVU0EiZiJkChQKEgkfTP4-nkXkiRHaRpD1HdCAZxIUChIJH0z-Pp5F5IkR2kaQ9R3QgGcaFAoSCaW15YZ1ReSJERrCM7HXpG-zGhQKEgmBJD9HnkXkiREEPU6rEi8kayIKDVgh7RgVrHVs1Q	41.8193752	-71.4312276	41.8193752	-71.4312276	Med	1.8057099544562136	NA
1670	2017-05-05	566337	00:08:00	Bicycle	NA	1	FALSE	FALSE	1	CRANSTON ST	POTTERS AVE	2017-05-05	Two-Way, Divided, Unprotected (painted>4feet) Medium	Dry	Dark - Lighted	Clear	Not a Collision Between Two Motor Vehicles in Transport	No	No Controls	3	1	Non-Incapacitating	NA	41.80505	-71.43778	FALSE	FALSE	Cranston Street and Potters Ave, Providence, RI, USA	FALSE	-71.43779049999999	41.8050672	intersection	geometric_center	potters ave & cranston st, providence, ri 02909, usa	NA	NA	NA	NA	41.8050672	-71.43779049999999	Med High	2.1036145564996684	NA
1671	2017-05-05	566566	14:59:00	Pedestrian	1	NA	FALSE	FALSE	1	DOUGLAS AVE	EATON ST	2017-05-05	Two-Way , Not Divided	Wet	Daylight	Rain	Not a Collision Between Two Motor Vehicles in Transport	Yes, M/V and Driver Left Scene	No Controls	1	1	Complains Of Pain	NA	41.84099	-71.4273	FALSE	FALSE	Douglas Ave and Eaton Street, Providence, RI, USA	FALSE	-71.42730879999999	41.8410051	intersection	geometric_center	eaton st & douglas ave, providence, ri 02908, usa	NA	NA	NA	NA	41.8410051	-71.42730879999999	Med High	1.8325196900648466	NA
1672	2017-05-04	566153	17:37:00	Pedestrian	1	NA	FALSE	FALSE	1	MANTON AVE	PALFREY PL	2017-05-04	Two-Way , Not Divided	Dry	Daylight	Clear	Other	Yes, M/V and Driver Left Scene	Traffic Control Signal	2	1	Complains Of Pain	NA	41.83389	-71.4677	FALSE	FALSE	Manton Ave and Palfrey Pl, Providence, RI, USA	FALSE	-71.4678819	41.8338956	intersection	geometric_center	palfrey pl & manton ave, providence, ri 02909, usa	NA	NA	NA	NA	41.8338956	-71.4678819	Med High	15.10004199754664	NA