row_number	crash_date	crash_report_id	crash_time	collision_type	count_pedestrian	count_bicycle	scooter	wheel_chair	number_of_vehicles	street_or_highway	nearest_intersection	report_date	type_of_roadway	road_surface_condition	light_condition	weather_condition	manner_of_impact	hit_and_run	traffic_control	person_count	injury_count	most_serious_injury	number_of_lanes	lat_raw	lon_raw	has_st_number	is_intersection_null	address_sent_to_geocoder	is_address_blank	lon_api_first_try	lat_api_first_try	type	loctype	address_returned_by_geocoder	address_returned_by_autocomplete	place_ids_autocompleted	lat_api_second_try	lon_api_second_try	lat_api_best	lon_api_best	api_coord_conf	distance_btwn_coords_meters	best_coordinate_set
1673	2017-05-02	565279	16:42:00	Bicycle	NA	1	FALSE	FALSE	1	MANTON AVE	Unit St	2017-05-02	Two-Way, Divided, Unprotected (painted>4feet) Medium	Dry	Daylight	Clear	Angle (Front - to - Side) Right Angle (Includes Broadside)	No	No Controls	2	1	Complains Of Pain	NA	41.82538	-71.45468	FALSE	FALSE	Manton Ave and Unit Street, Providence, RI, USA	FALSE	-71.4546644	41.8253651	intersection	geometric_center	unit st & manton ave, providence, ri 02909, usa	NA	NA	NA	NA	41.8253651	-71.4546644	Med High	2.103751180232995	NA
1674	2017-05-01	564705	12:07:00	Bicycle	NA	1	FALSE	FALSE	1	GROVE ST	VINTON ST	2017-05-01	One-Way Trafficway	Dry	Daylight	Clear	Not a Collision Between Two Motor Vehicles in Transport	Yes, M/V and Driver Left Scene	No Controls	3	1	Complains Of Pain	NA	41.82075	-71.42856	FALSE	FALSE	Grove Street and Vinton Street, Providence, RI, USA	FALSE	-71.42856630000001	41.8207514	intersection	geometric_center	vinton st & grove st, providence, ri 02909, usa	NA	NA	NA	NA	41.8207514	-71.42856630000001	Med High	0.5453838906856425	NA
1675	2017-04-30	564319	11:53:00	Pedestrian	1	NA	FALSE	FALSE	1	CRANSTON ST	HARRISON ST	2017-04-30	Two-Way , Not Divided	Dry	Daylight	Clear	Not a Collision Between Two Motor Vehicles in Transport	No	Stop Signs	3	1	Complains Of Pain	NA	41.81305	-71.42872	FALSE	FALSE	Cranston Street and Harrison Street, Providence, RI, USA	FALSE	-71.4286583	41.8130997	intersection	geometric_center	cranston st & harrison st, providence, ri 02907, usa	NA	NA	NA	NA	41.8130997	-71.4286583	Med High	7.537609217518223	NA
1676	2017-04-29	564089	16:22:00	Pedestrian	1	NA	FALSE	FALSE	1	895 ELMWOOD AVENUE	NA	2017-04-29	Two-Way , Not Divided	Dry	Daylight	Clear	Not a Collision Between Two Motor Vehicles in Transport	No	No Controls	4	1	Non-Incapacitating	NA	41.7882	-71.42084	TRUE	TRUE	895 Elmwood Avenue, Providence, RI, USA	FALSE	-71.4211699	41.78798949999999	premise	rooftop	895 elmwood ave, providence, ri 02907, usa	NA	NA	NA	NA	41.78798949999999	-71.4211699	High	36.039937980495296	NA
1677	2017-04-28	563569	00:51:00	Pedestrian	1	NA	FALSE	FALSE	1	STONELAW AVE	SHARON ST	2017-04-28	Two-Way , Not Divided	Dry	Dark - Lighted	Cloudy	Other	No	No Controls	3	0	No Injury	2	41.84682	-71.44274	FALSE	FALSE	Stonelaw Ave and Sharon Street, Providence, RI, USA	FALSE	-71.4429111	41.8468367	intersection	geometric_center	stonelaw ave & sharon st, providence, ri 02908, usa	NA	NA	NA	NA	41.8468367	-71.4429111	Med High	14.3097961286828	NA
1678	2017-04-28	563645	14:40:00	Pedestrian	1	NA	TRUE	FALSE	1	MANTON AVE	FRUIT HILL AVE	2017-04-28	Two-Way , Not Divided	Dry	Daylight	Clear	Not a Collision Between Two Motor Vehicles in Transport	No	Traffic Control Signal	3	0	No Injury	NA	41.83388	-71.46783	FALSE	FALSE	Manton Ave and Fruit Hill Ave, Providence, RI, USA	FALSE	-71.46779980000001	41.8339162	intersection	geometric_center	manton ave & fruit hill ave, providence, ri 02909, usa	NA	NA	NA	NA	41.8339162	-71.46779980000001	Med High	4.744817231824867	NA
1679	2017-04-25	563003	18:35:00	Pedestrian	1	NA	FALSE	FALSE	1	ACADEMY AVE	CHALKSTONE AVE	2017-04-25	Two-Way , Not Divided	Wet	Daylight	Rain	Not a Collision Between Two Motor Vehicles in Transport	No	Traffic Control Signal	3	1	Complains Of Pain	NA	41.83243	-71.44453	FALSE	FALSE	Academy Ave and Chalkstone Ave, Providence, RI, USA	FALSE	-71.44452489999999	41.8324538	intersection	geometric_center	academy ave & chalkstone ave, providence, ri 02908, usa	NA	NA	NA	NA	41.8324538	-71.44452489999999	Med High	2.6829614304383695	NA
1680	2017-04-23	561942	13:01:00	Pedestrian	1	NA	FALSE	FALSE	1	SMITH ST	HUXLEY AVE	2017-04-23	Two-Way , Not Divided	Dry	Daylight	Clear	Not a Collision Between Two Motor Vehicles in Transport	No	No Controls	3	1	Complains Of Pain	NA	41.83783	-71.43405	FALSE	FALSE	Smith Street and Huxley Ave, Providence, RI, USA	FALSE	-71.434502	41.838032	intersection	geometric_center	huxley ave & smith st, providence, ri 02908, usa	NA	NA	NA	NA	41.838032	-71.434502	Med High	43.7144643944637	NA
1681	2017-04-19	560650	14:13:00	Pedestrian	1	NA	FALSE	FALSE	1	PENNSYLVANIA AVE	PRAIRIE AVE	2017-04-19	Two-Way , Not Divided	Dry	Daylight	Clear	Not a Collision Between Two Motor Vehicles in Transport	Yes, M/V and Driver Left Scene	Stop Signs	2	1	Non-Incapacitating	NA	41.79785	-71.41152	FALSE	FALSE	Pennsylvania Ave and Prairie Ave, Providence, RI, USA	FALSE	-71.41427	41.8042755	route	geometric_center	prairie ave, providence, ri, usa	Pennsylvania Ave & Prairie Ave, Providence, RI, USA	EjNQZW5uc3lsdmFuaWEgQXZlICYgUHJhaXJpZSBBdmUsIFByb3ZpZGVuY2UsIFJJLCBVU0EiZiJkChQKEgnfA9vSi0_kiRHBHGTLcxHawRIUChIJ3wPb0otP5IkRwRxky3MR2sEaFAoSCUuoqHuJT-SJEQDIPL1jp1qKGhQKEglPad_uY0XkiREcSUTGtdsaNCIKDfjY6RgVB3dv1Q	41.7978616	-71.4115321	41.7978616	-71.4115321	Med	1.6357925823016735	NA
1682	2017-04-18	560537	19:57:00	Bicycle	NA	1	FALSE	FALSE	1	COLLEGE ST	COLLEGE ST	2017-04-18	Two-Way , Not Divided	Dry	Dark - Lighted	Clear	Not a Collision Between Two Motor Vehicles in Transport	No	Traffic Control Signal	2	1	Complains Of Pain	NA	41.82564	-71.40785	FALSE	FALSE	College Street and College Street, Providence, RI, USA	FALSE	-71.4066485	41.8260241	route	geometric_center	college st, providence, ri 02903, usa	NA	NA	NA	NA	41.8260241	-71.4066485	Med	108.45201081837325	Raw
1683	2017-04-17	560145	18:47:00	Pedestrian	1	NA	TRUE	FALSE	1	Branch Avenue	RT 146 South Exit Ramp	2017-04-17	Two-Way, Divided, Unprotected (painted>4feet) Medium	Dry	Dusk	Clear	Not a Collision Between Two Motor Vehicles in Transport	No	Traffic Control Signal	3	0	No Injury	NA	41.85338	-71.42771	FALSE	FALSE	Branch Avenue and Rt 146 South Exit Ramp, Providence, RI, USA	FALSE	-71.4105378	41.8453481	street_address	range_interpolated	146 branch ave, providence, ri 02904, usa	NA	NA	NA	NA	41.8453481	-71.4105378	Med High	1681.3900447706687	Raw
1684	2017-04-16	559728	12:55:00	Bicycle	NA	1	FALSE	FALSE	1	HILLCREST AVE	CHALKSTONE AVE	2017-04-16	Two-Way, Divided, Unprotected (painted>4feet) Medium	Dry	Daylight	Clear	Not a Collision Between Two Motor Vehicles in Transport	No	Stop Signs	2	1	Complains Of Pain	NA	41.83289	-71.45858	FALSE	FALSE	Hillcrest Ave and Chalkstone Ave, Providence, RI, USA	FALSE	-71.4417437	41.8322912	route	geometric_center	chalkstone ave, providence, ri, usa	Hillcrest Ave & Chalkstone Ave, Providence, RI, USA	EjNIaWxsY3Jlc3QgQXZlICYgQ2hhbGtzdG9uZSBBdmUsIFByb3ZpZGVuY2UsIFJJLCBVU0EiZiJkChQKEgnxRDm6xkXkiREKcecd0oK0zxIUChIJ8UQ5usZF5IkRCnHnHdKCtM8aFAoSCd1I737nReSJEbpcDJdneh_IGhQKEgl3MzGbr0XkiREUzkiEAbjOqyIKDXkx7xgVdElo1Q	41.8328953	-71.458574	41.8328953	-71.458574	Med	0.7718535887233201	NA
1685	2017-04-16	559787	17:07:00	Bicycle	NA	1	FALSE	FALSE	1	EARLY ST	BROAD ST	2017-04-16	Two-Way , Not Divided	Dry	Daylight	Clear	Not a Collision Between Two Motor Vehicles in Transport	Yes, M/V and Driver Left Scene	No Controls	1	1	Complains Of Pain	NA	41.79547	-71.41127	FALSE	FALSE	Early Street and Broad Street, Providence, RI, USA	FALSE	-71.41128619999999	41.7954915	intersection	geometric_center	early st & broad st, providence, ri 02905, usa	NA	NA	NA	NA	41.7954915	-71.41128619999999	Med High	2.7451429850805558	NA
1686	2017-04-15	559294	12:47:00	Pedestrian	1	NA	FALSE	FALSE	1	E GEORGE ST	IVES ST	2017-04-15	Two-Way , Not Divided	Dry	Daylight	Clear	Other	No	Stop Signs	3	1	Complains Of Pain	NA	41.82567	-71.39262	FALSE	FALSE	E George Street and Ives Street, Providence, RI, USA	FALSE	-71.3925936	41.8256756	intersection	geometric_center	e george st & ives st, providence, ri 02906, usa	NA	NA	NA	NA	41.8256756	-71.3925936	Med High	2.276951226426138	NA
1687	2017-04-15	559491	15:15:00	Bicycle	NA	1	FALSE	FALSE	1	Valley St	BARSTOW ST	2017-04-15	Two-Way, Divided, Unprotected (painted>4feet) Medium	Dry	Daylight	Clear	Not a Collision Between Two Motor Vehicles in Transport	No	No Controls	2	0	No Injury	NA	41.82406	-71.43959	FALSE	FALSE	Valley Street and Barstow Street, Providence, RI, USA	FALSE	-71.4395871	41.8241707	intersection	geometric_center	valley st & barstow st, providence, ri 02909, usa	NA	NA	NA	NA	41.8241707	-71.4395871	Med High	12.325415579180117	NA
1688	2017-04-14	558762	00:09:00	Pedestrian	1	NA	FALSE	FALSE	1	MEMORIAL BLVD	WASHINGTON ST	2017-04-14	Two-Way, Divided, Positive Median Barrier	Dry	Dark - Lighted	Clear	Other	No	Traffic Control Signal	2	1	Non-Incapacitating	4	41.8263	-71.41009	FALSE	FALSE	Memorial Blvd and Washington Street, Providence, RI, USA	FALSE	-71.41016259999999	41.8263513	intersection	geometric_center	memorial blvd & washington st, providence, ri 02903, usa	NA	NA	NA	NA	41.8263513	-71.41016259999999	Med High	8.299408349625052	NA
1689	2017-04-12	558143	11:17:00	Pedestrian	1	NA	FALSE	FALSE	1	THOMAS ST	ANGELL ST	2017-04-12	One-Way Trafficway	Dry	Daylight	Clear	Not a Collision Between Two Motor Vehicles in Transport	No	Traffic Control Signal	2	1	Complains Of Pain	NA	41.82751	-71.40765	FALSE	FALSE	Thomas Street and Angell Street, Providence, RI, USA	FALSE	-71.393109	41.8291785	route	geometric_center	angell st, providence, ri, usa	Thomas Street & Angell Street, Providence, RI, USA	EjJUaG9tYXMgU3RyZWV0ICYgQW5nZWxsIFN0cmVldCwgUHJvdmlkZW5jZSwgUkksIFVTQSJmImQKFAoSCQv4fpQXReSJEVIbwf-WRvtqEhQKEgkL-H6UF0XkiRFSG8H_lkb7ahoUChIJC_h-lBdF5IkRWqPjIvgbnyoaFAoSCSmyDGEvReSJEahqkC3Cw04kIgoNbF_uGBVbDnDV	41.827518	-71.40765809999999	41.827518	-71.40765809999999	Med	1.1155880780994005	NA
1690	2017-04-12	558315	14:58:00	Pedestrian	1	NA	FALSE	FALSE	1	FELIX ST	CHALKSTONE AVE	2017-04-12	Two-Way , Not Divided	Dry	Daylight	Clear	Not a Collision Between Two Motor Vehicles in Transport	No	Stop Signs	3	1	Complains Of Pain	NA	41.83457	-71.42839	FALSE	FALSE	Felix Street and Chalkstone Ave, Providence, RI, USA	FALSE	-71.4283949	41.8345788	intersection	geometric_center	felix st & chalkstone ave, providence, ri 02908, usa	NA	NA	NA	NA	41.8345788	-71.4283949	Med High	1.0605703301687308	NA
1691	2017-04-12	558422	20:30:00	Pedestrian	1	NA	FALSE	FALSE	1	ELMWOOD AVE	PARKIS AVE	2017-04-12	Two-Way , Not Divided	Dry	Dark - Lighted	Clear	Other	Yes, M/V and Driver Left Scene	Unknown	2	1	Complains Of Pain	4	41.80913	-71.42451	FALSE	FALSE	Elmwood Ave and Parkis Ave, Providence, RI, USA	FALSE	-71.4245337	41.809159	intersection	geometric_center	elmwood ave & parkis ave, providence, ri 02907, usa	NA	NA	NA	NA	41.809159	-71.4245337	Med High	3.7800489912631634	NA
1692	2017-04-11	557829	14:31:00	Pedestrian	1	NA	FALSE	FALSE	1	Pitman St	E GEORGE ST	2017-04-11	One-Way Trafficway	Dry	Daylight	Clear	Not a Collision Between Two Motor Vehicles in Transport	No	No Controls	5	1	Complains Of Pain	NA	41.8268	-71.38731	FALSE	FALSE	Pitman Street and E George Street, Providence, RI, USA	FALSE	-71.3916012	41.8257612	route	geometric_center	e george st, providence, ri 02906, usa	NA	NA	NA	NA	41.8257612	-71.3916012	Med	374.2757061831541	Neither
1693	2017-04-09	557105	15:23:00	Bicycle	NA	1	FALSE	FALSE	1	BATTEY ST	WASHINGTON ST	2017-04-09	Two-Way , Not Divided	Dry	Daylight	Clear	Not a Collision Between Two Motor Vehicles in Transport	No	Stop Signs	3	1	Complains Of Pain	NA	41.81794	-71.42472	FALSE	FALSE	Battey Street and Washington Street, Providence, RI, USA	FALSE	-71.42472169999999	41.8179448	intersection	geometric_center	battey st & washington st, providence, ri 02903, usa	NA	NA	NA	NA	41.8179448	-71.42472169999999	Med High	0.5526334242864838	NA
1694	2017-04-08	556707	02:09:00	Pedestrian	1	NA	FALSE	FALSE	1	CRANSTON ST	PARADE ST	2017-04-08	Two-Way , Not Divided	Dry	Dark - Lighted	Clear	Not a Collision Between Two Motor Vehicles in Transport	Yes, M/V and Driver Left Scene	Unknown	1	1	Complains Of Pain	NA	41.8118	-71.43114	FALSE	FALSE	Cranston Street and Parade Street, Providence, RI, USA	FALSE	-71.4310747	41.8118451	intersection	geometric_center	cranston st & parade st, providence, ri 02907, usa	NA	NA	NA	NA	41.8118451	-71.4310747	Med High	7.3864801249000696	NA
1695	2017-04-08	556790	17:50:00	Pedestrian	1	NA	FALSE	FALSE	1	SABIN ST	W EXCHANGE ST	2017-04-08	One-Way Trafficway	Dry	Daylight	Clear	Not a Collision Between Two Motor Vehicles in Transport	No	No Controls	3	1	Complains Of Pain	3	41.82462	-71.41556	FALSE	FALSE	Sabin Street and W Exchange Street, Providence, RI, USA	FALSE	-71.4152876	41.8248645	intersection	geometric_center	sabin st & w exchange st, providence, ri 02903, usa	NA	NA	NA	NA	41.8248645	-71.4152876	Med High	35.375239569321295	NA
1696	2017-04-07	556651	20:09:00	Pedestrian	1	NA	FALSE	FALSE	1	100 LAURA ST	HAMILTON ST	2017-04-07	Two-Way , Not Divided	Dry	Dark - Lighted	Clear	Not a Collision Between Two Motor Vehicles in Transport	No	No Controls	2	1	Complains Of Pain	NA	41.80116	-71.42243	TRUE	FALSE	100 Laura Street, Providence, RI, USA	FALSE	-71.4225526	41.8009685	street_address	rooftop	100 laura st, providence, ri 02907, usa	NA	NA	NA	NA	41.8009685	-71.4225526	High	23.62101071462006	NA
1697	2017-04-03	554764	15:54:00	Pedestrian	2	NA	FALSE	FALSE	1	BRIDGHAM ST	ELMWOOD AVE	2017-04-03	Two-Way , Not Divided	Dry	Daylight	Clear	Not a Collision Between Two Motor Vehicles in Transport	Yes, M/V and Driver Left Scene	Traffic Control Signal	2	2	Complains Of Pain	NA	41.81277	-71.42218	FALSE	FALSE	Bridgham Street and Elmwood Ave, Providence, RI, USA	FALSE	-71.4221436	41.8127945	intersection	geometric_center	bridgham st & elmwood ave, providence, ri 02907, usa	NA	NA	NA	NA	41.8127945	-71.4221436	Med High	4.06930554617504	NA
1698	2017-04-03	554767	16:11:00	Pedestrian	1	NA	FALSE	FALSE	1	PRAIRIE AVE	POTTERS AVE	2017-04-03	Two-Way , Not Divided	Dry	Daylight	Clear	Not a Collision Between Two Motor Vehicles in Transport	No	No Controls	3	1	Complains Of Pain	NA	41.80375	-71.41406	FALSE	FALSE	Prairie Ave and Potters Ave, Providence, RI, USA	FALSE	-71.41419739999999	41.804104	intersection	geometric_center	potters ave & prairie ave, providence, ri 02905, usa	NA	NA	NA	NA	41.804104	-71.41419739999999	Med High	41.02335322251792	NA
1699	2017-04-01	553984	12:25:00	Pedestrian	1	NA	FALSE	FALSE	1	CHALKSTONE AVE	ACADEMY AVE	2017-04-01	Two-Way, Divided, Unprotected (painted>4feet) Medium	Wet	Daylight	Sleet, Hail (Freezing Rain or Drizzle)	Not a Collision Between Two Motor Vehicles in Transport	Yes, M/V and Driver Left Scene	Traffic Control Signal	4	1	Complains Of Pain	2	41.83245	-71.44453	FALSE	FALSE	Chalkstone Ave and Academy Ave, Providence, RI, USA	FALSE	-71.44452489999999	41.8324538	intersection	geometric_center	academy ave & chalkstone ave, providence, ri 02908, usa	NA	NA	NA	NA	41.8324538	-71.44452489999999	Med High	0.5982323586659378	NA
1700	2017-04-01	554144	20:55:00	Pedestrian	1	NA	FALSE	FALSE	1	MEMORIAL BLVD	EXCHANGE ST	2017-04-01	Two-Way , Not Divided	Dry	Dark - Lighted	Cloudy	Not a Collision Between Two Motor Vehicles in Transport	No	Traffic Control Signal	4	1	Incapacitating	NA	41.8268	-71.41207	FALSE	FALSE	Memorial Blvd and Exchange Street, Providence, RI, USA	FALSE	-71.4121426	41.8269244	intersection	geometric_center	memorial blvd & exchange st, providence, ri 02903, usa	NA	NA	NA	NA	41.8269244	-71.4121426	Med High	15.100950386480047	NA
1701	2017-03-31	553543	15:10:00	Pedestrian	1	NA	FALSE	FALSE	1	PUBLIC ST	OCEAN ST	2017-03-31	Two-Way, Divided, Unprotected (painted>4feet) Medium	Wet	Daylight	Rain	Not a Collision Between Two Motor Vehicles in Transport	No	No Controls	4	1	Complains Of Pain	NA	41.80623	-71.41188	FALSE	FALSE	Public Street and Ocean Street, Providence, RI, USA	FALSE	-71.4119347	41.806231	intersection	geometric_center	public st & ocean st, providence, ri 02905, usa	NA	NA	NA	NA	41.806231	-71.4119347	Med High	4.540258190282095	NA
1702	2017-03-31	553643	22:34:00	Pedestrian	1	NA	FALSE	FALSE	1	Elmwood Ave	Princeton Ave	2017-04-01	Two-Way , Not Divided	Wet	Dark - Lighted	Rain	Not a Collision Between Two Motor Vehicles in Transport	Yes, M/V and Driver Left Scene	Pavement Markings	1	1	Complains Of Pain	NA	41.80542	-71.42521	FALSE	FALSE	Elmwood Ave and Princeton Ave, Providence, RI, USA	FALSE	-71.4252446	41.8053667	intersection	geometric_center	princeton ave & elmwood ave, providence, ri 02907, usa	NA	NA	NA	NA	41.8053667	-71.4252446	Med High	6.591468619714891	NA
1703	2017-03-30	552934	08:03:00	Bicycle	NA	1	FALSE	FALSE	1	ACADEMY AVE	WHITFORD AVE	2017-03-30	Two-Way , Not Divided	Dry	Daylight	Clear	Not a Collision Between Two Motor Vehicles in Transport	No	Stop Signs	3	1	Complains Of Pain	NA	41.83897	-71.44487	FALSE	FALSE	Academy Ave and Whitford Ave, Providence, RI, USA	FALSE	-71.4448616	41.83897169999999	intersection	geometric_center	whitford ave & academy ave, providence, ri 02908, usa	NA	NA	NA	NA	41.83897169999999	-71.4448616	Med High	0.7219043362153887	NA
1704	2017-03-26	551314	21:02:00	Pedestrian	1	NA	FALSE	FALSE	1	ADMIRAL ST	GRAPE ST	2017-03-26	Two-Way , Not Divided	Wet	Dark - Lighted	Cloudy	Not a Collision Between Two Motor Vehicles in Transport	No	No Controls	3	1	Complains Of Pain	NA	41.84625	-71.43011	FALSE	FALSE	Admiral Street and Grape Street, Providence, RI, USA	FALSE	-71.4301684	41.8462823	intersection	geometric_center	admiral st & grape st, providence, ri 02908, usa	NA	NA	NA	NA	41.8462823	-71.4301684	Med High	6.031748423083102	NA
1705	2017-03-24	550717	13:35:00	Pedestrian	1	NA	FALSE	FALSE	1	FLOWER ST	WHELAN ST	2017-03-24	Two-Way , Not Divided	Wet	Daylight	Sleet, Hail (Freezing Rain or Drizzle)	Not a Collision Between Two Motor Vehicles in Transport	No	No Controls	2	1	Complains Of Pain	NA	41.83921	-71.43712	FALSE	FALSE	Flower Street and Whelan Street, Providence, RI, USA	FALSE	-71.456749	41.8189349	intersection	geometric_center	flower st & whelan rd, providence, ri 02909, usa	NA	NA	NA	NA	41.8189349	-71.456749	Med High	2783.006313859507	Geocoded
1706	2017-03-23	550352	12:05:00	Pedestrian	1	NA	FALSE	FALSE	1	BROAD ST	HARVARD AVE	2017-03-23	Two-Way , Not Divided	Dry	Daylight	Clear	Not a Collision Between Two Motor Vehicles in Transport	No	No Controls	3	1	Complains Of Pain	NA	41.80867	-71.4207	FALSE	FALSE	Broad Street and Harvard Ave, Providence, RI, USA	FALSE	-71.4195976	41.8086139	route	geometric_center	harvard ave, providence, ri 02907, usa	Broad Street & Harvard Ave, Providence, RI, USA	Ei9Ccm9hZCBTdHJlZXQgJiBIYXJ2YXJkIEF2ZSwgUHJvdmlkZW5jZSwgUkksIFVTQSJmImQKFAoSCX17gAZ7ReSJEfAd7KV6lYkhEhQKEgl9e4AGe0XkiRHwHeylepWJIRoUChIJg9591YxP5IkRLKLKk5hLCKMaFAoSCRc_ESF7ReSJEZYBayjYu4EeIgoNcHzrGBUWEm7V	41.8086	-71.4206698	41.8086	-71.4206698	Med	8.185363461040918	NA
1707	2017-03-22	549708	08:57:00	Pedestrian	1	NA	FALSE	FALSE	1	PLAIN ST	PUBLIC ST	2017-03-22	Two-Way , Not Divided	Dry	Daylight	Clear	Not a Collision Between Two Motor Vehicles in Transport	Yes, M/V and Driver Left Scene	Stop Signs	3	1	Complains Of Pain	NA	41.80665	-71.40997	FALSE	FALSE	Plain Street and Public Street, Providence, RI, USA	FALSE	-71.40997999999999	41.8066822	intersection	geometric_center	public st & plain st, providence, ri 02905, usa	NA	NA	NA	NA	41.8066822	-71.40997999999999	Med High	3.6792765408841723	NA
1708	2017-03-18	547480	01:06:00	Pedestrian	1	NA	FALSE	FALSE	1	ELMWOOD AVE	HEMPSTEAD ST	2017-03-18	Two-Way, Divided, Unprotected (painted>4feet) Medium	Dry	Dark - Lighted	Clear	Angle (Front - to - Side) Opposite Direction	Yes, M/V and Driver Left Scene	No Controls	1	1	Complains Of Pain	NA	41.78987	-71.42175	FALSE	FALSE	Elmwood Ave and Hempstead Street, Providence, RI, USA	FALSE	-71.4215974	41.7897857	intersection	geometric_center	hempstead st & elmwood ave, providence, ri 02907, usa	NA	NA	NA	NA	41.7897857	-71.4215974	Med High	15.763348359189536	NA
1709	2017-03-18	548223	20:20:00	Pedestrian	1	NA	FALSE	FALSE	1	Charles St.	Randall St.	2017-03-19	One-Way Trafficway	Dry	Dark - Lighted	Clear	Not a Collision Between Two Motor Vehicles in Transport	Yes, M/V and Driver Left Scene	No Controls	1	1	Complains Of Pain	NA	41.83665	-71.41272	FALSE	FALSE	Charles St. and Randall St., Providence, RI, USA	FALSE	-71.4107138	41.837311	route	geometric_center	randall st, providence, ri, usa	Charles St & Randall St, Providence, RI, USA	EixDaGFybGVzIFN0ICYgUmFuZGFsbCBTdCwgUHJvdmlkZW5jZSwgUkksIFVTQSJmImQKFAoSCSuf-ykcReSJEQuABsXtdm3UEhQKEgkrn_spHEXkiRELgAbF7XZt1BoUChIJdQvObPFE5IkRy2TLLjVV_TIaFAoSCZeAIW8eReSJEQVHw17hokuqIgoNErHvGBXDX2_V	41.8361618	-71.4121277	41.8361618	-71.4121277	Med	73.25804279191563	NA
1710	2017-03-17	547416	20:33:00	Pedestrian	1	NA	FALSE	FALSE	1	Francis St	NA	2017-03-17	Two-Way , Not Divided	Dry	Dark - Lighted	Clear	Not a Collision Between Two Motor Vehicles in Transport	Yes, M/V and Driver Left Scene	No Controls	2	1	Complains Of Pain	NA	41.8309	-71.41638	FALSE	TRUE	Francis Street, Providence, RI, USA	FALSE	-71.4233339	41.8348041	route	geometric_center	francis smith way, providence, ri 02904, usa	NA	NA	NA	NA	41.8348041	-71.4233339	Inaccurate	722.1876313767823	Raw
1711	2017-03-13	545647	14:56:00	Pedestrian	1	NA	FALSE	FALSE	1	BROAD ST	SUMTER ST	2017-03-13	Two-Way , Not Divided	Dry	Daylight	Clear	Not a Collision Between Two Motor Vehicles in Transport	No	No Controls	2	1	Complains Of Pain	2	41.79775	-71.41413	FALSE	FALSE	Broad Street and Sumter Street, Providence, RI, USA	FALSE	-71.4175735	41.7967042	route	geometric_center	sumter st, providence, ri 02907, usa	Broad Street & Sumter Street, Providence, RI, USA	EjFCcm9hZCBTdHJlZXQgJiBTdW10ZXIgU3RyZWV0LCBQcm92aWRlbmNlLCBSSSwgVVNBImYiZAoUChIJgcInDolP5IkROAY9LY3iGUISFAoSCYHCJw6JT-SJETgGPS2N4hlCGhQKEgmD3n3VjE_kiREsosqTmEsIoxoUChIJGcGW_oVP5IkRgKEM4Er3cL4iCg171ekYFUgSb9U	41.79777230000001	-71.4141112	41.79777230000001	-71.4141112	Med	2.9320009459055645	NA
1712	2017-03-09	543757	07:24:00	Pedestrian	1	NA	FALSE	FALSE	1	MEETING ST	HOPE ST	2017-03-09	Two-Way , Not Divided	Dry	Daylight	Clear	Not a Collision Between Two Motor Vehicles in Transport	Yes, M/V and Driver Left Scene	Person	2	0	No Injury	NA	41.82936	-71.39816	FALSE	FALSE	Meeting Street and Hope Street, Providence, RI, USA	FALSE	-71.3981831	41.82940749999999	intersection	geometric_center	hope st & meeting st, providence, ri 02906, usa	NA	NA	NA	NA	41.82940749999999	-71.3981831	Med High	5.624139516646694	NA
1713	2017-03-09	544271	19:45:00	Pedestrian	1	NA	FALSE	FALSE	1	HAWKINS ST	ADMIRAL ST	2017-03-09	Two-Way , Not Divided	Dry	Dark - Lighted	Clear	Not a Collision Between Two Motor Vehicles in Transport	No	Stop Signs	2	1	Complains Of Pain	2	41.84594	-71.42837	FALSE	FALSE	Hawkins Street and Admiral Street, Providence, RI, USA	FALSE	-71.4283351	41.8459297	intersection	geometric_center	admiral st & hawkins st, providence, ri 02908, usa	NA	NA	NA	NA	41.8459297	-71.4283351	Med High	3.112986694112314	NA
1714	2017-03-04	541776	19:53:00	Pedestrian	1	NA	FALSE	FALSE	1	847 BROAD ST	NA	2017-03-04	Two-Way , Not Divided	Dry	Dark - Lighted	Clear	Not a Collision Between Two Motor Vehicles in Transport	Yes, M/V and Driver Left Scene	No Controls	1	1	Complains Of Pain	NA	41.80094	-71.41796	TRUE	TRUE	847 Broad Street, Providence, RI, USA	FALSE	-71.4182922	41.8007324	premise	rooftop	847 broad st, providence, ri 02907, usa	NA	NA	NA	NA	41.8007324	-71.4182922	High	35.972779166656395	NA
1715	2017-03-03	541589	21:25:00	Pedestrian	1	NA	FALSE	FALSE	1	2 SACKETT ST	NA	2017-03-03	Two-Way , Not Divided	Dry	Dark - Lighted	Clear	Not a Collision Between Two Motor Vehicles in Transport	No	No Controls	2	1	Complains Of Pain	2	41.79611	-71.41228	TRUE	TRUE	2 Sackett Street, Providence, RI, USA	FALSE	-71.4122828	41.7959685	premise	rooftop	2 sackett st, providence, ri 02907, usa	NA	NA	NA	NA	41.7959685	-71.4122828	High	15.753421897522472	NA