row_number	crash_date	crash_report_id	crash_time	collision_type	count_pedestrian	count_bicycle	scooter	wheel_chair	number_of_vehicles	street_or_highway	nearest_intersection	report_date	type_of_roadway	road_surface_condition	light_condition	weather_condition	manner_of_impact	hit_and_run	traffic_control	person_count	injury_count	most_serious_injury	number_of_lanes	lat_raw	lon_raw	has_st_number	is_intersection_null	address_sent_to_geocoder	is_address_blank	lon_api_first_try	lat_api_first_try	type	loctype	address_returned_by_geocoder	address_returned_by_autocomplete	place_ids_autocompleted	lat_api_second_try	lon_api_second_try	lat_api_best	lon_api_best	api_coord_conf	distance_btwn_coords_meters	best_coordinate_set
1716	2017-02-28	540168	08:00:00	Pedestrian	1	NA	FALSE	FALSE	1	SMITHFIELD AVE	NELLIE ST	2017-02-28	Two-Way , Not Divided	Dry	Daylight	Clear	Not a Collision Between Two Motor Vehicles in Transport	No	No Controls	2	1	Complains Of Pain	NA	41.85759	-71.41084	FALSE	FALSE	Smithfield Ave and Nellie Street, Providence, RI, USA	FALSE	-71.4107648	41.8574011	intersection	geometric_center	nellie st & smithfield ave, providence, ri 02904, usa	NA	NA	NA	NA	41.8574011	-71.4107648	Med High	21.93312381823529	NA
1717	2017-02-28	540331	18:04:00	Pedestrian	1	NA	FALSE	FALSE	1	ADMIRAL ST	DURHAM ST	2017-02-28	Two-Way , Not Divided	Dry	Dark - Lighted	Cloudy	Not a Collision Between Two Motor Vehicles in Transport	No	No Controls	2	1	Complains Of Pain	NA	41.84788	-71.43576	FALSE	FALSE	Admiral Street and Durham Street, Providence, RI, USA	FALSE	-71.435772	41.8479089	intersection	geometric_center	admiral st & durham st, providence, ri 02908, usa	NA	NA	NA	NA	41.8479089	-71.435772	Med High	3.3675132737336417	NA
1718	2017-02-27	539713	08:08:00	Pedestrian	1	NA	FALSE	FALSE	1	BROADWAY	KNIGHT ST	2017-02-27	Two-Way , Not Divided	Dry	Daylight	Clear	Not a Collision Between Two Motor Vehicles in Transport	No	Traffic Control Signal	7	1	Complains Of Pain	NA	41.8198	-71.42936	FALSE	FALSE	Broadway and Knight Street, Providence, RI, USA	FALSE	-71.4298401	41.8202496	route	geometric_center	knight st, providence, ri, usa	Broadway & Knight Street, Providence, RI, USA	Ei1Ccm9hZHdheSAmIEtuaWdodCBTdHJlZXQsIFByb3ZpZGVuY2UsIFJJLCBVU0EiZiJkChQKEgmvZYGEdUXkiRHAVmwJ-u4XKRIUChIJr2WBhHVF5IkRwFZsCfruFykaFAoSCaW15YZ1ReSJERrCM7HXpG-zGhQKEgkPqvF6dUXkiRGsZxyELkktfCIKDcQy7RgVV79s1Q	41.8198212	-71.4293417	41.8198212	-71.4293417	Med	2.8061231257427877	NA
1719	2017-02-24	538783	14:48:00	Pedestrian	1	NA	FALSE	FALSE	1	ELMWOOD AVE	BROAD ST	2017-02-24	Two-Way , Not Divided	Dry	Daylight	Clear	Not a Collision Between Two Motor Vehicles in Transport	No	Traffic Control Signal	3	1	Complains Of Pain	NA	41.813	-71.42203	FALSE	FALSE	Elmwood Ave and Broad Street, Providence, RI, USA	FALSE	-71.42199649999999	41.8130501	intersection	geometric_center	elmwood ave & broad st, providence, ri 02907, usa	NA	NA	NA	NA	41.8130501	-71.42199649999999	Med High	6.231336045976127	NA
1720	2017-02-23	538398	09:23:00	Bicycle	NA	1	FALSE	FALSE	1	BRANCH AVE	N MAIN ST	2017-02-23	Two-Way , Not Divided	Dry	Daylight	Clear	Not a Collision Between Two Motor Vehicles in Transport	No	Traffic Control Signal	2	0	No Injury	NA	41.84199	-71.40798	FALSE	FALSE	Branch Ave and N Main Street, Providence, RI, USA	FALSE	-71.37025750000001	41.8264716	establishment	rooftop	105 wilmarth ave, east providence, ri 02914, usa	Branch Ave & North Main Street, Providence, RI, USA	EjNCcmFuY2ggQXZlICYgTm9ydGggTWFpbiBTdHJlZXQsIFByb3ZpZGVuY2UsIFJJLCBVU0EiZiJkChQKEglv1IfG4ETkiREr3MZ4wvyGhxIUChIJb9SHxuBE5IkRK9zGeML8hocaFAoSCem084X5ROSJEbp9Ht5SQ7aoGhQKEgn5-kE93kTkiRFf162-DVwjPyIKDfWW8BgVfwRw1Q	41.8420469	-71.4079105	41.8420469	-71.4079105	Med	8.563953835183533	NA
1721	2017-02-23	538515	15:05:00	Bicycle	NA	1	FALSE	FALSE	1	859 North Main St.	NA	2017-02-23	Two-Way, Divided, Positive Median Barrier	Dry	Daylight	Clear	Not a Collision Between Two Motor Vehicles in Transport	Yes, M/V and Driver Left Scene	No Controls	3	1	Complains Of Pain	NA	41.84376	-71.40679	TRUE	TRUE	859 North Main St., Providence, RI, USA	FALSE	-71.4064776	41.8438635	premise	rooftop	859 n main st, providence, ri 02904, usa	NA	NA	NA	NA	41.8438635	-71.4064776	High	28.35355700788689	NA
1722	2017-02-22	538024	15:13:00	Pedestrian	1	NA	FALSE	FALSE	1	BROADWAY	DE PASQUALE AVE	2017-02-22	Two-Way, Divided, Unprotected (painted>4feet) Medium	Dry	Daylight	Clear	Not a Collision Between Two Motor Vehicles in Transport	No	No Controls	2	1	Complains Of Pain	NA	41.82077	-71.42526	FALSE	FALSE	Broadway and De Pasquale Ave, Providence, RI, USA	FALSE	-71.4262101	41.8224893	route	geometric_center	de pasquale ave, providence, ri 02903, usa	Broadway & De Pasquale Ave, Providence, RI, USA	Ei9Ccm9hZHdheSAmIERlIFBhc3F1YWxlIEF2ZSwgUHJvdmlkZW5jZSwgUkksIFVTQSJmImQKFAoSCTd39r50ReSJEQRLbIypVmNIEhQKEgk3d_a-dEXkiREES2yMqVZjSBoUChIJpbXlhnVF5IkRGsIzsdekb7MaFAoSCeVqSDILReSJEem1Phldyo7CIgoNM1jtGBX2X23V	41.8207795	-71.4252298	41.8207795	-71.4252298	Med	2.7194178584725206	NA
1723	2017-02-22	538035	16:09:00	Pedestrian	1	NA	FALSE	FALSE	1	BROAD ST	ROGER WILLIAMS PARK	2017-02-22	Two-Way, Divided, Unprotected (painted>4feet) Medium	Dry	Daylight	Clear	Not a Collision Between Two Motor Vehicles in Transport	Yes, M/V and Driver Left Scene	Traffic Control Signal	3	1	Complains Of Pain	NA	41.8133	-71.42185	FALSE	FALSE	Broad Street and Roger Williams Park, Providence, RI, USA	FALSE	-71.4117265	41.7829832	establishment	geometric_center	roger williams park, pine hill ave, providence, ri 02907, usa	NA	NA	NA	NA	41.7829832	-71.4117265	Med	3477.850094657658	Neither
1724	2017-02-20	537110	07:48:00	Pedestrian	1	NA	FALSE	FALSE	1	48 OLIVE ST	NA	2017-02-20	Unknown	Dry	Daylight	Clear	Not a Collision Between Two Motor Vehicles in Transport	No	No Controls	3	1	Complains Of Pain	NA	41.82841	-71.40207	TRUE	TRUE	48 Olive Street, Providence, RI, USA	FALSE	-71.4025546	41.8286931	street_address	range_interpolated	48 olive st, providence, ri 02906, usa	NA	NA	NA	NA	41.8286931	-71.4025546	High	51.07811018444498	NA
1725	2017-02-20	537384	22:11:00	Pedestrian	1	NA	FALSE	FALSE	1	CANAL ST	SMITH ST	2017-02-21	One-Way Trafficway	Dry	Dark - Lighted	Clear	Not a Collision Between Two Motor Vehicles in Transport	Yes, M/V and Driver Left Scene	Traffic Control Signal	3	1	Complains Of Pain	NA	41.8314	-71.41134	FALSE	FALSE	Canal Street and Smith Street, Providence, RI, USA	FALSE	-71.4433053	41.8418141	route	geometric_center	smith st, providence, ri, usa	Canal Street & Smith Street, Providence, RI, USA	EjBDYW5hbCBTdHJlZXQgJiBTbWl0aCBTdHJlZXQsIFByb3ZpZGVuY2UsIFJJLCBVU0EiZiJkChQKEgmNIDqdGUXkiRF9HyMoQizAgRIUChIJjSA6nRlF5IkRfR8jKEIswIEaFAoSCcvUmNAZReSJEftrQiUQSQCyGhQKEgm1rnBMS0TkiREhtaMwuIyrhCIKDcn37hgV7n5v1Q	41.8314185	-71.41132979999999	41.8314185	-71.41132979999999	Med	2.2264230207758735	NA
1726	2017-02-17	535255	07:58:00	Pedestrian	1	NA	FALSE	FALSE	1	BARTON ST	WESTMINSTER ST	2017-02-17	Two-Way , Not Divided	Dry	Daylight	Clear	Not a Collision Between Two Motor Vehicles in Transport	No	No Controls	4	1	Complains Of Pain	2	41.81677	-71.43675	FALSE	FALSE	Barton Street and Westminster Street, Providence, RI, USA	FALSE	-71.4365339	41.8159344	intersection	geometric_center	barton st & westminster st, providence, ri 02909, usa	NA	NA	NA	NA	41.8159344	-71.4365339	Med High	94.73062854215969	NA
1727	2017-02-15	534617	17:43:00	Pedestrian	1	NA	FALSE	FALSE	1	SILVER SPRING ST	BISMARK ST	2017-02-15	Two-Way , Not Divided	Wet	Dark - Lighted	Cloudy	Not a Collision Between Two Motor Vehicles in Transport	No	No Controls	5	1	Incapacitating	NA	41.85441	-71.41203	FALSE	FALSE	Silver Spring Street and Bismark Street, Providence, RI, USA	FALSE	-71.4120217	41.85443679999999	intersection	geometric_center	silver spring st & bismark st, providence, ri 02904, usa	NA	NA	NA	NA	41.85443679999999	-71.4120217	Med High	3.061710016550731	NA
1728	2017-02-14	533947	16:25:00	Pedestrian	1	NA	FALSE	FALSE	1	Dean st	ATWELLS AVE	2017-02-14	Two-Way , Not Divided	Dry	Daylight	Clear	Other	No	No Controls	3	1	Non-Incapacitating	NA	41.82332	-71.42413	FALSE	FALSE	Dean Street and Atwells Ave, Providence, RI, USA	FALSE	-71.4242155	41.8234078	intersection	geometric_center	atwells ave & dean st, providence, ri 02903, usa	NA	NA	NA	NA	41.8234078	-71.4242155	Med High	12.076207714014418	NA
1729	2017-02-14	533969	16:28:00	Pedestrian	1	NA	FALSE	FALSE	1	WESTMINSTER ST	TOBEY ST	2017-02-14	Two-Way , Not Divided	Dry	Daylight	Clear	Not a Collision Between Two Motor Vehicles in Transport	No	No Controls	3	1	Non-Incapacitating	NA	41.81617	-71.43472	FALSE	FALSE	Westminster Street and Tobey Street, Providence, RI, USA	FALSE	-71.4346637	41.8162029	intersection	geometric_center	tobey st & westminster st, providence, ri 02909, usa	NA	NA	NA	NA	41.8162029	-71.4346637	Med High	5.935559083286052	NA
1730	2017-02-14	533979	18:28:00	Pedestrian	1	NA	FALSE	FALSE	1	SUPERIOR ST	CRANSTON ST	2017-02-14	Two-Way , Not Divided	Slush	Dark - Lighted	Clear	Not a Collision Between Two Motor Vehicles in Transport	Yes, M/V and Driver Left Scene	No Controls	2	1	Complains Of Pain	NA	41.81042	-71.43262	FALSE	FALSE	Superior Street and Cranston Street, Providence, RI, USA	FALSE	-71.4326468	41.8104443	intersection	geometric_center	cranston st & superior st, providence, ri 02907, usa	NA	NA	NA	NA	41.8104443	-71.4326468	Med High	3.5017204457815754	NA
1731	2017-02-12	532510	10:39:00	Pedestrian	1	NA	FALSE	FALSE	1	850 MANTON AVE	NA	2017-02-12	Unknown	Slush	Daylight	Cloudy	Not a Collision Between Two Motor Vehicles in Transport	No	No Controls	5	1	Non-Incapacitating	NA	41.83391	-71.46728	TRUE	TRUE	850 Manton Ave, Providence, RI, USA	FALSE	-71.46590429999999	41.8329814	premise	rooftop	850 manton ave, providence, ri 02909, usa	NA	NA	NA	NA	41.8329814	-71.46590429999999	High	153.9655831340884	Raw
1732	2017-02-08	530740	12:53:00	Bicycle	NA	1	FALSE	FALSE	1	BROAD ST	CAHIR ST	2017-02-08	Two-Way, Divided, Unprotected (painted>4feet) Medium	Dry	Daylight	Clear	Other	No	Traffic Control Signal	3	0	No Injury	NA	41.81692	-71.41795	FALSE	FALSE	Broad Street and Cahir Street, Providence, RI, USA	FALSE	-71.4189877	41.8178471	route	geometric_center	cahir st, providence, ri 02903, usa	Broad Street & Cahir Street, Providence, RI, USA	EjBCcm9hZCBTdHJlZXQgJiBDYWhpciBTdHJlZXQsIFByb3ZpZGVuY2UsIFJJLCBVU0EiZiJkChQKEglxchb1bUXkiRHx6X_pfAz-ChIUChIJcXIW9W1F5IkR8el_6XwM_goaFAoSCYPefdWMT-SJESyiypOYSwijGhQKEgmx_OtuckXkiRFRWF6nVg1mziIKDXPC7BgVlX5u1Q	41.8169459	-71.41789229999999	41.8169459	-71.41789229999999	Med	5.588231094641271	NA
1733	2017-02-08	531678	12:48:00	Pedestrian	1	NA	FALSE	FALSE	1	PRAIRIE AVE	PAVILION AVE	2017-02-10	Two-Way , Not Divided	Dry	Daylight	Clear	Not a Collision Between Two Motor Vehicles in Transport	Yes, M/V and Driver Left Scene	No Controls	2	1	Complains Of Pain	NA	41.79505	-71.41036	FALSE	FALSE	Prairie Ave and Pavilion Ave, Providence, RI, USA	FALSE	-71.41032229999999	41.7950392	intersection	geometric_center	pavilion ave & prairie ave, providence, ri 02905, usa	NA	NA	NA	NA	41.7950392	-71.41032229999999	Med High	3.351848162618965	NA
1734	2017-02-04	529337	12:00:00	Pedestrian	1	NA	FALSE	FALSE	1	BROAD ST	CAHIR ST	2017-02-04	Two-Way, Not Divided With a Continuous Left Turn Lane	Dry	Daylight	Clear	Not a Collision Between Two Motor Vehicles in Transport	No	Traffic Control Signal	2	1	Complains Of Pain	NA	41.8169	-71.41798	FALSE	FALSE	Broad Street and Cahir Street, Providence, RI, USA	FALSE	-71.4189877	41.8178471	route	geometric_center	cahir st, providence, ri 02903, usa	Broad Street & Cahir Street, Providence, RI, USA	EjBCcm9hZCBTdHJlZXQgJiBDYWhpciBTdHJlZXQsIFByb3ZpZGVuY2UsIFJJLCBVU0EiZiJkChQKEglxchb1bUXkiRHx6X_pfAz-ChIUChIJcXIW9W1F5IkR8el_6XwM_goaFAoSCYPefdWMT-SJESyiypOYSwijGhQKEgmx_OtuckXkiRFRWF6nVg1mziIKDXPC7BgVlX5u1Q	41.8169459	-71.41789229999999	41.8169459	-71.41789229999999	Med	8.890844109595443	NA
1735	2017-02-02	527670	15:51:00	Bicycle	NA	1	FALSE	FALSE	1	SERVICE ROAD 7	BROADWAY	2017-02-02	One-Way Trafficway	Dry	Daylight	Clear	Not a Collision Between Two Motor Vehicles in Transport	No	Traffic Control Signal	2	0	No Injury	NA	41.82169	-71.4208	FALSE	FALSE	Service Road 7 and Broadway, Providence, RI, USA	FALSE	-71.420801	41.8218463	intersection	geometric_center	service rd 1 & broadway, providence, ri 02903, usa	NA	NA	NA	NA	41.8218463	-71.420801	Med High	17.39943417709207	NA
1736	2017-01-31	527074	15:39:00	Pedestrian	1	NA	FALSE	FALSE	1	THURBERS AVE	PRAIRIE AVE	2017-01-31	Two-Way , Not Divided	Snow	Daylight	Snow	Other	No	Traffic Control Signal	2	1	Incapacitating	NA	41.79873	-71.41191	FALSE	FALSE	Thurbers Ave and Prairie Ave, Providence, RI, USA	FALSE	-71.41191049999999	41.7987434	intersection	geometric_center	thurbers ave & prairie ave, providence, ri 02905, usa	NA	NA	NA	NA	41.7987434	-71.41191049999999	Med High	1.4922581778487964	NA
1737	2017-01-28	525334	01:22:00	Bicycle	NA	1	FALSE	FALSE	1	ATWELLS AVE	HANNAH ST	2017-01-28	Two-Way , Not Divided	Dry	Dark - Lighted	Clear	Not a Collision Between Two Motor Vehicles in Transport	Yes, M/V and Driver Left Scene	Traffic Control Signal	1	1	Complains Of Pain	NA	41.82507	-71.44867	FALSE	FALSE	Atwells Ave and Hannah Street, Providence, RI, USA	FALSE	-71.4486537	41.8250697	intersection	geometric_center	hannah st & atwells ave, providence, ri 02909, usa	NA	NA	NA	NA	41.8250697	-71.4486537	Med High	1.3525549756728141	NA
1738	2017-01-26	524755	14:51:00	Pedestrian	1	NA	FALSE	FALSE	1	PRAIRIE AVE	THURBERS AVE	2017-01-26	Two-Way , Not Divided	Wet	Daylight	Clear	Not a Collision Between Two Motor Vehicles in Transport	No	No Controls	4	1	Complains Of Pain	NA	41.79856	-71.41183	FALSE	FALSE	Prairie Ave and Thurbers Ave, Providence, RI, USA	FALSE	-71.41191049999999	41.7987434	intersection	geometric_center	thurbers ave & prairie ave, providence, ri 02905, usa	NA	NA	NA	NA	41.7987434	-71.41191049999999	Med High	21.481203566333203	NA
1739	2017-01-26	524921	19:46:00	Pedestrian	1	NA	FALSE	FALSE	1	353 SMITH ST	ORMS ST	2017-01-26	Two-Way , Not Divided	Wet	Dark - Lighted	Clear	Other	No	No Controls	2	1	Complains Of Pain	NA	41.83428	-71.4233	TRUE	FALSE	353 Smith Street, Providence, RI, USA	FALSE	-71.4233848	41.8345869	subpremise	rooftop	353 smith st, providence, ri 02908, usa	NA	NA	NA	NA	41.8345869	-71.4233848	High	34.88043503034664	NA
1740	2017-01-24	523489	12:15:00	Pedestrian	1	NA	FALSE	FALSE	1	601 North Main St	N MAIN ST	2017-01-24	Two-Way , Not Divided	Wet	Daylight	Rain	Not a Collision Between Two Motor Vehicles in Transport	No	No Controls	3	0	No Injury	NA	41.83723	-71.40947	TRUE	FALSE	601 North Main Street, Providence, RI, USA	FALSE	-71.40832139999999	41.83723930000001	subpremise	rooftop	601 n main st, providence, ri 02904, usa	NA	NA	NA	NA	41.83723930000001	-71.40832139999999	High	95.26795052077982	NA
1741	2017-01-24	523713	20:47:00	Pedestrian	1	NA	FALSE	FALSE	1	DAVE GAVITT WAY	ATWELLS AVE	2017-01-24	One-Way Trafficway	Wet	Dark - Lighted	Clear	Not a Collision Between Two Motor Vehicles in Transport	Yes, M/V and Driver Left Scene	Traffic Control Signal	4	2	Complains Of Pain	1	41.82317	-71.42053	FALSE	FALSE	Dave Gavitt Way and Atwells Ave, Providence, RI, USA	FALSE	-71.41949249999999	41.8230784	intersection	geometric_center	atwells ave & dave gavitt way, providence, ri 02903, usa	NA	NA	NA	NA	41.8230784	-71.41949249999999	Med High	86.66884530843377	NA
1742	2017-01-21	522425	15:41:00	Pedestrian	1	NA	FALSE	FALSE	1	LLOYD AVE	ARLINGTON AVE	2017-01-21	Two-Way , Not Divided	Dry	Daylight	Clear	Not a Collision Between Two Motor Vehicles in Transport	No	Stop Signs	4	1	Complains Of Pain	NA	41.83348	-71.3943	FALSE	FALSE	Lloyd Ave and Arlington Ave, Providence, RI, USA	FALSE	-71.3942841	41.83350859999999	intersection	geometric_center	arlington ave & lloyd ave, providence, ri 02906, usa	NA	NA	NA	NA	41.83350859999999	-71.3942841	Med High	3.4460680379707305	NA
1743	2017-01-17	520281	17:11:00	Pedestrian	1	NA	FALSE	FALSE	1	FRIENDSHIP ST	DORRANCE ST	2017-01-17	One-Way Trafficway	Wet	Dark - Lighted	Rain	Not a Collision Between Two Motor Vehicles in Transport	No	Traffic Control Signal	2	1	Complains Of Pain	1	41.82197	-71.40948	FALSE	FALSE	Friendship Street and Dorrance Street, Providence, RI, USA	FALSE	-71.40944019999999	41.8220269	intersection	geometric_center	friendship st & dorrance st, providence, ri 02903, usa	NA	NA	NA	NA	41.8220269	-71.40944019999999	Med High	7.142957367294425	NA
1744	2017-01-17	520447	21:35:00	Pedestrian	1	NA	FALSE	FALSE	1	Raymond St	Chalkstone Ave	2017-01-18	Two-Way , Not Divided	Wet	Dark - Lighted	Rain	Not a Collision Between Two Motor Vehicles in Transport	No	Traffic Control Signal	5	1	Incapacitating	NA	41.83419	-71.43024	FALSE	FALSE	Raymond Street and Chalkstone Ave, Providence, RI, USA	FALSE	-71.4417437	41.8322912	route	geometric_center	chalkstone ave, providence, ri, usa	Raymond Street & Chalkstone Ave, Providence, RI, USA	EjRSYXltb25kIFN0cmVldCAmIENoYWxrc3RvbmUgQXZlLCBQcm92aWRlbmNlLCBSSSwgVVNBImYiZAoUChIJp43aKKhF5IkRAO9FcVWHqsQSFAoSCaeN2iioReSJEQDvRXFVh6rEGhQKEglNsK7xB0XkiRFE20j-Blhv0RoUChIJdzMxm69F5IkRFM5IhAG4zqsiCg2OZO8YFeqbbNU	41.834203	-71.4302486	41.834203	-71.4302486	Med	1.613396399665612	NA
1745	2017-01-13	518744	18:45:00	Pedestrian	1	NA	FALSE	FALSE	1	FRANCIS ST	MEMORIAL BLVD	2017-01-13	Two-Way, Not Divided With a Continuous Left Turn Lane	Dry	Dark - Lighted	Clear	Not a Collision Between Two Motor Vehicles in Transport	No	Traffic Control Signal	3	1	Complains Of Pain	NA	41.82601	-71.4154	FALSE	FALSE	Francis Street and Memorial Blvd, Providence, RI, USA	FALSE	-71.4134258	41.8263996	route	geometric_center	memorial blvd, providence, ri 02903, usa	Francis Street & Memorial Blvd, Providence, RI, USA	EjNGcmFuY2lzIFN0cmVldCAmIE1lbW9yaWFsIEJsdmQsIFByb3ZpZGVuY2UsIFJJLCBVU0EiZiJkChQKEgkDtc6dEUXkiRFK7mftfMbegBIUChIJA7XOnRFF5IkRSu5n7XzG3oAaFAoSCeMKJVkQReSJEQnXa5JsDkKbGhQKEgn3LDO1FkXkiRGsznR5eOTavSIKDRwg7hgVW-Bu1Q	41.8258972	-71.4153893	41.8258972	-71.4153893	Med	12.588169512978054	NA
1746	2017-01-12	518123	17:05:00	Bicycle	NA	1	FALSE	FALSE	1	ATWELLS AVE	EAGLE ST	2017-01-12	Two-Way, Not Divided With a Continuous Left Turn Lane	Dry	Dark - Lighted	Clear	Not a Collision Between Two Motor Vehicles in Transport	No	Traffic Control Signal	2	0	No Injury	NA	41.82446	-71.4355	FALSE	FALSE	Atwells Ave and Eagle Street, Providence, RI, USA	FALSE	-71.4354014	41.8244572	intersection	geometric_center	atwells ave & eagle st, providence, ri 02909, usa	NA	NA	NA	NA	41.8244572	-71.4354014	Med High	8.185233498549849	NA
1747	2017-01-10	517086	22:26:00	Pedestrian	1	NA	FALSE	FALSE	1	MEMORIAL BLVD	STEEPLE ST	2017-01-10	Two-Way , Not Divided	Wet	Dark - Lighted	Rain	Not a Collision Between Two Motor Vehicles in Transport	No	Pavement Markings	3	1	Complains Of Pain	NA	41.82677	-71.41063	FALSE	FALSE	Memorial Blvd and Steeple Street, Providence, RI, USA	FALSE	-71.409299	41.8273889	route	geometric_center	steeple st, providence, ri 02903, usa	NA	NA	NA	NA	41.8273889	-71.409299	Med	130.14017905182072	Raw
1748	2017-01-09	517284	17:10:00	Pedestrian	1	NA	FALSE	FALSE	1	Broad Street	BROAD ST	2017-01-11	Two-Way , Not Divided	Slush	Dark - Lighted	Clear	Not a Collision Between Two Motor Vehicles in Transport	Yes, M/V and Driver Left Scene	No Controls	1	0	No Injury	NA	41.81634	-71.41923	FALSE	FALSE	Broad Street and Broad Street, Providence, RI, USA	FALSE	-71.4101636	41.7945838	route	geometric_center	broad st, providence, ri, usa	NA	NA	NA	NA	41.7945838	-71.4101636	Med	2536.046633238343	Raw
1749	2017-01-05	514569	16:48:00	Pedestrian	1	NA	FALSE	FALSE	1	PLAINFIELD ST	POCASSET AVE	2017-01-05	Two-Way , Not Divided	Dry	Dark - Lighted	Clear	Not a Collision Between Two Motor Vehicles in Transport	No	No Controls	3	1	Fatal	2	41.81398	-71.44758	FALSE	FALSE	Plainfield Street and Pocasset Ave, Providence, RI, USA	FALSE	-71.44779419999999	41.8138447	intersection	geometric_center	pocasset ave & plainfield st, providence, ri 02909, usa	NA	NA	NA	NA	41.8138447	-71.44779419999999	Med High	23.2955889011241	NA
1750	2017-01-05	514695	22:30:00	Pedestrian	1	NA	FALSE	FALSE	1	ATWELLS AVE	DEAN ST	2017-01-05	Two-Way, Divided, Unprotected (painted>4feet) Medium	Dry	Dark - Lighted	Clear	Not a Collision Between Two Motor Vehicles in Transport	No	Traffic Control Signal	5	1	Complains Of Pain	NA	41.82339	-71.4242	FALSE	FALSE	Atwells Ave and Dean Street, Providence, RI, USA	FALSE	-71.4242155	41.8234078	intersection	geometric_center	atwells ave & dean st, providence, ri 02903, usa	NA	NA	NA	NA	41.8234078	-71.4242155	Med High	2.3621190603671844	NA
1751	2017-01-03	513653	17:16:00	Pedestrian	1	NA	FALSE	FALSE	1	CRANSTON ST	WESTMINSTER ST	2017-01-03	Two-Way , Not Divided	Wet	Dark - Lighted	Rain	Not a Collision Between Two Motor Vehicles in Transport	No	Traffic Control Signal	5	1	Non-Incapacitating	NA	41.81765	-71.42139	FALSE	FALSE	Cranston Street and Westminster Street, Providence, RI, USA	FALSE	-71.42230959999999	41.817219	intersection	geometric_center	cranston st & westminster st, providence, ri 02903, usa	NA	NA	NA	NA	41.817219	-71.42230959999999	Med High	90.1254854586338	NA
1752	2017-01-03	513775	21:17:00	Pedestrian	1	NA	FALSE	FALSE	1	HARRIS AVE	ATWELLS AVE	2017-01-03	Two-Way , Not Divided	Wet	Dark - Lighted	Rain	Not a Collision Between Two Motor Vehicles in Transport	No	No Controls	3	1	Complains Of Pain	NA	41.82449	-71.43538	FALSE	FALSE	Harris Ave and Atwells Ave, Providence, RI, USA	FALSE	-71.4354014	41.8244572	intersection	geometric_center	atwells ave & harris ave, providence, ri 02909, usa	NA	NA	NA	NA	41.8244572	-71.4354014	Med High	4.059957429419697	NA
1753	2017-01-01	512799	12:30:00	Pedestrian	1	NA	FALSE	FALSE	1	PINE ST	CHESTNUT ST	2017-01-01	One-Way Trafficway	Wet	Dark - Unknown Lighting	Rain	Not a Collision Between Two Motor Vehicles in Transport	Yes, M/V and Driver Left Scene	Traffic Control Signal	1	1	Non-Incapacitating	1	41.81944	-71.41294	FALSE	FALSE	Pine Street and Chestnut Street, Providence, RI, USA	FALSE	-71.4108086	41.818517	route	geometric_center	chestnut st, providence, ri, usa	NA	NA	NA	NA	41.818517	-71.4108086	Med	204.50880353195836	Raw
1754	2016-12-30	512244	09:35:00	Pedestrian	1	NA	FALSE	FALSE	1	HAYWARD ST	PORTLAND ST	2016-12-30	Two-Way , Not Divided	Dry	Daylight	Clear	Unknown	Yes, M/V and Driver Left Scene	No Controls	1	1	Complains Of Pain	NA	41.81368	-71.42041	FALSE	FALSE	Hayward Street and Portland Street, Providence, RI, USA	FALSE	-71.4204254	41.8136836	intersection	geometric_center	portland st & hayward st, providence, ri 02907, usa	NA	NA	NA	NA	41.8136836	-71.4204254	Med High	1.339084662687623	NA
1755	2016-12-30	512458	18:43:00	Pedestrian	1	NA	FALSE	FALSE	1	ROYAL LITTLE DR	BRANCH AVE	2016-12-30	Two-Way , Not Divided	Dry	Dark - Lighted	Clear	Not a Collision Between Two Motor Vehicles in Transport	No	No Controls	2	1	Non-Incapacitating	NA	41.84724	-71.41342	FALSE	FALSE	Royal Little Dr and Branch Ave, Providence, RI, USA	FALSE	-71.4109359	41.8526881	route	geometric_center	royal little dr, rhode island, usa	NA	NA	NA	NA	41.8526881	-71.4109359	Med	640.50554987356	Raw
1756	2016-12-20	508303	15:39:00	Bicycle	NA	1	FALSE	FALSE	1	Federal St	VINTON ST	2016-12-20	Two-Way , Not Divided	Dry	Daylight	Clear	Not a Collision Between Two Motor Vehicles in Transport	No	Stop Signs	3	0	No Injury	NA	41.82152	-71.42902	FALSE	FALSE	Federal Street and Vinton Street, Providence, RI, USA	FALSE	-71.42902529999999	41.8215615	intersection	geometric_center	vinton st & federal st, providence, ri 02903, usa	NA	NA	NA	NA	41.8215615	-71.42902529999999	Med High	4.640634516987483	NA
1757	2016-12-19	507491	14:21:00	Pedestrian	1	NA	FALSE	FALSE	1	ANGELL STREET	S ANGELL ST	2016-12-19	One-Way Trafficway	Dry	Daylight	Cloudy	Other	No	Traffic Control Signal	5	1	Non-Incapacitating	NA	41.83008	-71.38825	FALSE	FALSE	Angell Street and S Angell Street, Providence, RI, USA	FALSE	-71.38795379999999	41.8300494	intersection	geometric_center	s angell st & angell st, providence, ri 02906, usa	NA	NA	NA	NA	41.8300494	-71.38795379999999	Med High	24.803935978453037	NA