row_number	crash_date	crash_report_id	crash_time	collision_type	count_pedestrian	count_bicycle	scooter	wheel_chair	number_of_vehicles	street_or_highway	nearest_intersection	report_date	type_of_roadway	road_surface_condition	light_condition	weather_condition	manner_of_impact	hit_and_run	traffic_control	person_count	injury_count	most_serious_injury	number_of_lanes	lat_raw	lon_raw	has_st_number	is_intersection_null	address_sent_to_geocoder	is_address_blank	lon_api_first_try	lat_api_first_try	type	loctype	address_returned_by_geocoder	address_returned_by_autocomplete	place_ids_autocompleted	lat_api_second_try	lon_api_second_try	lat_api_best	lon_api_best	api_coord_conf	distance_btwn_coords_meters	best_coordinate_set
1758	2016-12-16	505764	00:01:00	Pedestrian	1	NA	FALSE	FALSE	1	FEDERAL ST	DEAN ST	2016-12-16	Two-Way , Not Divided	Wet	Dark - Lighted	Severe Crosswinds	Not a Collision Between Two Motor Vehicles in Transport	Yes, M/V and Driver Left Scene	Stop Signs	1	1	Complains Of Pain	NA	41.82228	-71.42328	FALSE	FALSE	Federal Street and Dean Street, Providence, RI, USA	FALSE	-71.42327159999999	41.8222988	intersection	geometric_center	dean st & federal st, providence, ri 02903, usa	NA	NA	NA	NA	41.8222988	-71.42327159999999	Med High	2.2057707642746878	NA
1759	2016-12-14	505250	20:01:00	Pedestrian	1	NA	FALSE	FALSE	1	Hope St	George St	2016-12-14	Two-Way , Not Divided	Dry	Dark - Lighted	Clear	Not a Collision Between Two Motor Vehicles in Transport	No	Stop Signs	3	1	Complains Of Pain	NA	41.82586	-71.39727	FALSE	FALSE	Hope Street and George Street, Providence, RI, USA	FALSE	-71.3972697	41.8257801	intersection	geometric_center	hope st & george st, providence, ri 02906, usa	NA	NA	NA	NA	41.8257801	-71.3972697	Med High	8.89446212767143	NA
1760	2016-12-13	504801	18:00:00	Pedestrian	1	NA	FALSE	FALSE	1	Butler Avenue	E ORCHARD AVE	2016-12-13	Two-Way , Not Divided	Dry	Dark - Not Lighted	Clear	Not a Collision Between Two Motor Vehicles in Transport	No	No Controls	2	0	No Injury	NA	41.83234	-71.38406	FALSE	FALSE	Butler Avenue and E Orchard Ave, Providence, RI, USA	FALSE	-71.3840755	41.8323452	intersection	geometric_center	butler ave & e orchard ave, providence, ri 02906, usa	NA	NA	NA	NA	41.8323452	-71.3840755	Med High	1.409941330657777	NA
1761	2016-12-09	502348	08:22:00	Pedestrian	1	NA	FALSE	FALSE	1	BROADWAY	KNIGHT ST	2016-12-09	Two-Way , Not Divided	Dry	Daylight	Clear	Not a Collision Between Two Motor Vehicles in Transport	No	No Controls	2	1	Complains Of Pain	NA	41.8198	-71.42936	FALSE	FALSE	Broadway and Knight Street, Providence, RI, USA	FALSE	-71.4298401	41.8202496	route	geometric_center	knight st, providence, ri, usa	Broadway & Knight Street, Providence, RI, USA	Ei1Ccm9hZHdheSAmIEtuaWdodCBTdHJlZXQsIFByb3ZpZGVuY2UsIFJJLCBVU0EiZiJkChQKEgmvZYGEdUXkiRHAVmwJ-u4XKRIUChIJr2WBhHVF5IkRwFZsCfruFykaFAoSCaW15YZ1ReSJERrCM7HXpG-zGhQKEgkPqvF6dUXkiRGsZxyELkktfCIKDcQy7RgVV79s1Q	41.8198212	-71.4293417	41.8198212	-71.4293417	Med	2.8061231257427877	NA
1762	2016-12-06	500189	07:31:00	Pedestrian	1	NA	FALSE	FALSE	1	PUBLIC ST	BROAD ST	2016-12-06	Two-Way, Divided, Unprotected (painted>4feet) Medium	Dry	Daylight	Clear	Not a Collision Between Two Motor Vehicles in Transport	No	Traffic Control Signal	2	1	Complains Of Pain	NA	41.80442	-71.41935	FALSE	FALSE	Public Street and Broad Street, Providence, RI, USA	FALSE	-71.41935959999999	41.804449	intersection	geometric_center	public st & broad st, providence, ri 02907, usa	NA	NA	NA	NA	41.804449	-71.41935959999999	Med High	3.325099214272177	NA
1763	2016-12-03	498913	15:43:00	Pedestrian	1	NA	FALSE	FALSE	1	ELMWOOD AVE	WILSON ST	2016-12-03	Two-Way , Not Divided	Dry	Daylight	Clear	Not a Collision Between Two Motor Vehicles in Transport	Yes, M/V and Driver Left Scene	No Controls	1	1	Complains Of Pain	2	41.81123	-71.42315	FALSE	FALSE	Elmwood Ave and Wilson Street, Providence, RI, USA	FALSE	-71.42317059999999	41.8112147	intersection	geometric_center	wilson st & elmwood ave, providence, ri 02907, usa	NA	NA	NA	NA	41.8112147	-71.42317059999999	Med High	2.412935346581375	NA
1764	2016-12-02	498742	14:40:00	Bicycle	NA	1	FALSE	FALSE	1	ANGELL ST	ARLINGTON AVE	2016-12-02	One-Way Trafficway	Dry	Daylight	Clear	Not a Collision Between Two Motor Vehicles in Transport	No	No Controls	3	1	Complains Of Pain	NA	41.82937	-71.39217	FALSE	FALSE	Angell Street and Arlington Ave, Providence, RI, USA	FALSE	-71.3921469	41.8293632	intersection	geometric_center	arlington ave & angell st, providence, ri 02906, usa	NA	NA	NA	NA	41.8293632	-71.3921469	Med High	2.0602036788137528	NA
1765	2016-12-01	497554	07:55:00	Pedestrian	1	NA	FALSE	FALSE	1	14 BODELL AVE	SYRACUSE ST	2016-12-01	Unknown	Wet	Daylight	Clear	Not a Collision Between Two Motor Vehicles in Transport	Yes, M/V and Driver Left Scene	No Controls	1	1	Complains Of Pain	NA	41.817	-71.45355	TRUE	FALSE	14 Bodell Ave, Providence, RI, USA	FALSE	-71.4535676	41.8162092	premise	rooftop	14 bodell ave, providence, ri 02909, usa	NA	NA	NA	NA	41.8162092	-71.4535676	High	88.04356242882493	NA
1766	2016-11-30	496826	16:00:00	Pedestrian	1	NA	FALSE	FALSE	1	SACKETT ST	MELROSE ST	2016-11-30	Two-Way , Not Divided	Wet	Daylight	Clear	Other	Yes, M/V and Driver Left Scene	Person	1	1	Complains Of Pain	NA	41.79365	-71.42019	FALSE	FALSE	Sackett Street and Melrose Street, Providence, RI, USA	FALSE	-71.420233	41.7936568	intersection	geometric_center	melrose st & sackett st, providence, ri 02907, usa	NA	NA	NA	NA	41.7936568	-71.420233	Med High	3.648149744247054	NA
1767	2016-11-30	497008	18:29:00	Pedestrian	1	NA	FALSE	FALSE	1	STEEPLE ST	N MAIN ST	2016-11-30	One-Way Trafficway	Wet	Dark - Lighted	Rain	Not a Collision Between Two Motor Vehicles in Transport	No	Traffic Control Signal	2	1	Complains Of Pain	NA	41.82749	-71.40906	FALSE	FALSE	Steeple Street and N Main Street, Providence, RI, USA	FALSE	-71.37025750000001	41.8264716	establishment	rooftop	105 wilmarth ave, east providence, ri 02914, usa	Steeple Street & North Main Street, Providence, RI, USA	EjdTdGVlcGxlIFN0cmVldCAmIE5vcnRoIE1haW4gU3RyZWV0LCBQcm92aWRlbmNlLCBSSSwgVVNBImYiZAoUChIJUS88oBdF5IkRhG9IWd2q99wSFAoSCVEvPKAXReSJEYRvSFndqvfcGhQKEgln0uQLF0XkiRFQpCIGGQGeZRoUChIJ-fpBPd5E5IkRX9etvg1cIz8iCg2wXe4YFQzYb9U	41.8274736	-71.4090484	41.8274736	-71.4090484	Med	2.06369489296572	NA
1768	2016-11-29	496143	18:05:00	Pedestrian	1	NA	FALSE	FALSE	1	RHODE ISLAND COLL	RI COL NEEDS NAME 4	2016-11-29	Two-Way , Not Divided	Wet	Dark - Lighted	Rain	Not a Collision Between Two Motor Vehicles in Transport	No	No Controls	2	1	Complains Of Pain	NA	41.84131	-71.45992	FALSE	FALSE	Rhode Island Coll and Ri Col Needs Name 4, Providence, RI, USA	FALSE	-71.3970393	41.850095	route	geometric_center	4th st, providence, ri 02906, usa	NA	NA	NA	NA	41.850095	-71.3970393	Med	5305.405502003819	Raw
1769	2016-11-28	495322	12:44:00	Bicycle	NA	1	FALSE	FALSE	1	BENEFIT ST	COLLEGE ST	2016-11-28	Two-Way , Not Divided	Dry	Daylight	Clear	Not a Collision Between Two Motor Vehicles in Transport	Yes, M/V and Driver Left Scene	Stop Signs	2	0	No Injury	NA	41.826	-71.40683	FALSE	FALSE	Benefit Street and College Street, Providence, RI, USA	FALSE	-71.40683539999999	41.8260134	intersection	geometric_center	benefit st & college st, providence, ri 02903, usa	NA	NA	NA	NA	41.8260134	-71.40683539999999	Med High	1.5574868370005728	NA
1770	2016-11-26	494137	03:26:00	Bicycle	NA	NA	FALSE	FALSE	2	ORMS ST	ASHBURTON ST	2016-11-26	Two-Way , Not Divided	Dry	Dark - Lighted	Fog, Smog, Smoke	Not a Collision Between Two Motor Vehicles in Transport	No	No Controls	2	0	No Injury	NA	41.83523	-71.41175	FALSE	FALSE	Orms Street and Ashburton Street, Providence, RI, USA	FALSE	-71.4191013	41.8342191	route	geometric_center	orms st, providence, ri, usa	NA	NA	NA	NA	41.8342191	-71.4191013	Med	620.022128783477	Raw
1771	2016-11-22	491736	17:03:00	Pedestrian	1	NA	FALSE	FALSE	1	COLLEGE ST	PROSPECT ST	2016-11-22	Two-Way , Not Divided	Dry	Dark - Lighted	Clear	Not a Collision Between Two Motor Vehicles in Transport	No	Stop Signs	3	1	Complains Of Pain	2	41.82611	-71.4046	FALSE	FALSE	College Street and Prospect Street, Providence, RI, USA	FALSE	-71.4054386	41.830211	route	geometric_center	prospect st, providence, ri, usa	College Street & Prospect Street, Providence, RI, USA	EjVDb2xsZWdlIFN0cmVldCAmIFByb3NwZWN0IFN0cmVldCwgUHJvdmlkZW5jZSwgUkksIFVTQSJmImQKFAoSCR30ag09ReSJEfKgH0NDwX03EhQKEgkd9GoNPUXkiRHyoB9DQ8F9NxoUChIJ0eXLLRZF5IkR9U78WzXwZD4aFAoSCf3MkoUiReSJEXnsEW5gGPVjIgoN5yjuGBWnhXDV	41.8261223	-71.4046041	41.8261223	-71.4046041	Med	1.4108369005164565	NA
1772	2016-11-22	491967	18:33:00	Pedestrian	1	NA	FALSE	FALSE	1	WHIPPLE ST	GEOFFREYS CT	2016-11-22	Two-Way , Not Divided	Dry	Dark - Lighted	Clear	Rear - to - Side	No	No Controls	3	1	Complains Of Pain	NA	41.83766	-71.42098	FALSE	FALSE	Whipple Street and Geoffreys Ct, Providence, RI, USA	FALSE	-71.42130759999999	41.83723519999999	intersection	geometric_center	whipple st & geoffreys ct, providence, ri 02908, usa	NA	NA	NA	NA	41.83723519999999	-71.42130759999999	Med High	54.538340543719755	NA
1773	2016-11-21	491141	15:07:00	Bicycle	NA	1	FALSE	FALSE	1	CAHIR ST	BROAD ST	2016-11-21	Two-Way , Not Divided	Dry	Daylight	Clear	Not a Collision Between Two Motor Vehicles in Transport	No	Traffic Control Signal	2	1	Complains Of Pain	2	41.81695	-71.41797	FALSE	FALSE	Cahir Street and Broad Street, Providence, RI, USA	FALSE	-71.41789229999999	41.8169459	intersection	geometric_center	broad st & cahir st, providence, ri 02903, usa	NA	NA	NA	NA	41.8169459	-71.41789229999999	Med High	6.462444379661026	NA
1774	2016-11-19	489947	00:06:00	Bicycle	NA	1	FALSE	FALSE	1	BERGEN ST	CHALKSTONE AVE	2016-11-19	Two-Way , Not Divided	Dry	Dark - Lighted	Clear	Angle (Front - to - Side) Same Direction	Yes, M/V and Driver Left Scene	Stop Signs	2	1	Complains Of Pain	NA	41.83233	-71.44013	FALSE	FALSE	Bergen Street and Chalkstone Ave, Providence, RI, USA	FALSE	-71.4401343	41.8323432	intersection	geometric_center	bergen st & chalkstone ave, providence, ri 02908, usa	NA	NA	NA	NA	41.8323432	-71.4401343	Med High	1.5120824344266273	NA
1775	2016-11-19	490409	22:32:00	Bicycle	NA	1	FALSE	FALSE	1	PARK ST	BROWNELL ST	2016-11-19	Two-Way , Not Divided	Wet	Dark - Lighted	Rain	Angle (Front - to - Side) Right Angle (Includes Broadside)	No	No Controls	3	1	Complains Of Pain	NA	41.83023	-71.41735	FALSE	FALSE	Park Street and Brownell Street, Providence, RI, USA	FALSE	-71.4187696	41.8303329	route	geometric_center	brownell st, providence, ri 02908, usa	NA	NA	NA	NA	41.8303329	-71.4187696	Med	118.30709771545189	Raw
1776	2016-11-17	488912	14:26:00	Pedestrian	1	NA	FALSE	FALSE	1	HAYWARD ST	PORTLAND ST	2016-11-17	Two-Way , Not Divided	Dry	Daylight	Clear	Not a Collision Between Two Motor Vehicles in Transport	No	Stop Signs	2	1	Complains Of Pain	NA	41.81368	-71.42041	FALSE	FALSE	Hayward Street and Portland Street, Providence, RI, USA	FALSE	-71.4204254	41.8136836	intersection	geometric_center	portland st & hayward st, providence, ri 02907, usa	NA	NA	NA	NA	41.8136836	-71.4204254	Med High	1.339084662687623	NA
1777	2016-11-17	489178	18:34:00	Pedestrian	1	NA	FALSE	FALSE	1	CHALKSTONE AVENUE	CANTON STREET	2016-11-17	Two-Way , Not Divided	Dry	Dark - Lighted	Clear	Not a Collision Between Two Motor Vehicles in Transport	Yes, M/V and Driver Left Scene	No Controls	3	1	Complains Of Pain	NA	41.81954	-71.43755	FALSE	FALSE	Chalkstone Avenue and Canton Street, Providence, RI, USA	FALSE	-71.44251179999999	41.83230959999999	intersection	geometric_center	canton st & chalkstone ave, providence, ri 02908, usa	NA	NA	NA	NA	41.83230959999999	-71.44251179999999	Med High	1479.8941189864083	Geocoded
1778	2016-11-16	487949	15:41:00	Pedestrian	1	NA	FALSE	FALSE	1	WALLACE ST	WEBSTER AVE	2016-11-16	Two-Way , Not Divided	Dry	Daylight	Clear	Not a Collision Between Two Motor Vehicles in Transport	Yes, Driver Left Scene	Stop Signs	3	1	Complains Of Pain	NA	41.80936	-71.44876	FALSE	FALSE	Wallace Street and Webster Ave, Providence, RI, USA	FALSE	-71.448739	41.8093679	intersection	geometric_center	webster ave & wallace st, providence, ri 02909, usa	NA	NA	NA	NA	41.8093679	-71.448739	Med High	1.9518001380426682	NA
1779	2016-11-16	488723	22:42:00	Pedestrian	1	NA	FALSE	FALSE	1	BROADWAY	VINTON ST	2016-11-17	Two-Way , Not Divided	Dry	Dark - Lighted	Clear	Other	No	Pavement Markings	2	1	Non-Incapacitating	2	41.82009	-71.42812	FALSE	FALSE	Broadway and Vinton Street, Providence, RI, USA	FALSE	-71.4285663	41.8207514	route	geometric_center	vinton st, providence, ri, usa	Broadway & Vinton Street, Providence, RI, USA	Ei1Ccm9hZHdheSAmIFZpbnRvbiBTdHJlZXQsIFByb3ZpZGVuY2UsIFJJLCBVU0EiZiJkChQKEglF5rYLdUXkiRHipmasZ-JhnRIUChIJRea2C3VF5IkR4qZmrGfiYZ0aFAoSCaW15YZ1ReSJERrCM7HXpG-zGhQKEgnN2QdAdUXkiRHzHzv0hMO0lyIKDVg97RgVUexs1Q	41.820092	-71.4281903	41.820092	-71.4281903	Med	5.83633505250844	NA
1780	2016-11-13	486283	18:28:00	Pedestrian	1	NA	FALSE	FALSE	1	20 Swiss St	KNIGHT ST	2016-11-13	Two-Way , Not Divided	Dry	Dark - Lighted	Clear	Not a Collision Between Two Motor Vehicles in Transport	No	No Controls	3	1	Complains Of Pain	NA	41.82317	-71.43288	TRUE	FALSE	20 Swiss Street, Providence, RI, USA	FALSE	-71.432537	41.82313	street_address	rooftop	20 swiss st, providence, ri 02909, usa	NA	NA	NA	NA	41.82313	-71.432537	High	28.800218211805557	NA
1781	2016-11-11	485385	12:08:00	Pedestrian	1	NA	FALSE	FALSE	1	EXIT 21 (RT )	ATWELLS AVE	2016-11-11	One-Way Trafficway	Dry	Daylight	Clear	Not a Collision Between Two Motor Vehicles in Transport	No	Traffic Control Signal	3	1	Incapacitating	NA	41.82323	-71.42052	FALSE	FALSE	Exit 21 (Rt ) and Atwells Ave, Providence, RI, USA	FALSE	-71.4363598	41.8244829	route	geometric_center	atwells ave, providence, ri, usa	NA	NA	NA	NA	41.8244829	-71.4363598	Med	1321.3736326474213	Raw
1782	2016-11-11	485479	19:02:00	Pedestrian	1	NA	FALSE	FALSE	1	SABIN STREET	SABIN ST	2016-11-11	One-Way Trafficway	Dry	Dark - Lighted	Clear	Not a Collision Between Two Motor Vehicles in Transport	Yes, M/V and Driver Left Scene	No Controls	5	1	Non-Incapacitating	3	41.82411	-71.41614	FALSE	FALSE	Sabin Street and Sabin Street, Providence, RI, USA	FALSE	-71.4163184	41.8239955	route	geometric_center	sabin st, providence, ri, usa	NA	NA	NA	NA	41.8239955	-71.4163184	Med	19.53144425074671	NA
1783	2016-11-10	485266	19:18:00	Pedestrian	1	NA	FALSE	FALSE	1	Atwells Ave	Erastus St	2016-11-11	Two-Way , Not Divided	Dry	Dark - Lighted	Clear	Not a Collision Between Two Motor Vehicles in Transport	No	No Controls	3	1	Complains Of Pain	NA	41.82517	-71.45089	FALSE	FALSE	Atwells Ave and Erastus Street, Providence, RI, USA	FALSE	-71.4508196	41.82518169999999	intersection	geometric_center	atwells ave & erastus st, providence, ri 02909, usa	NA	NA	NA	NA	41.82518169999999	-71.4508196	Med High	5.983393793508022	NA
1784	2016-11-08	484072	13:55:00	Pedestrian	1	NA	FALSE	FALSE	1	493 MT. PLEASANT AVE	MT. PLEASANT AVE	2016-11-08	Two-Way , Not Divided	Dry	Daylight	Clear	Not a Collision Between Two Motor Vehicles in Transport	No	No Controls	3	1	Complains Of Pain	NA	41.84145	-71.44247	TRUE	FALSE	493 Mt. Pleasant Ave, Providence, RI, USA	FALSE	-71.45001570000001	41.8402543	premise	rooftop	493 mt pleasant ave, providence, ri 02908, usa	NA	NA	NA	NA	41.8402543	-71.45001570000001	High	639.7872313939843	Geocoded
1785	2016-11-08	484284	21:56:00	Bicycle	NA	1	FALSE	FALSE	1	NORTH MAIN ST	7TH ST	2016-11-08	Two-Way, Divided, Positive Median Barrier	Dry	Dark - Lighted	Clear	Angle (Front - to - Side) Right Angle (Includes Broadside)	No	Traffic Control Signal	2	1	Complains Of Pain	NA	41.85332	-71.40104	FALSE	FALSE	North Main Street and 7th Street, Providence, RI, USA	FALSE	-71.3980641	41.8526572	route	geometric_center	7th st, providence, ri 02906, usa	North Main Street & 7th Street, Providence, RI, USA	EjNOb3J0aCBNYWluIFN0cmVldCAmIDd0aCBTdHJlZXQsIFByb3ZpZGVuY2UsIFJJLCBVU0EiZiJkChQKEgkBX_oowUTkiRFs0OQsdn0PVxIUChIJAV_6KMFE5IkRbNDkLHZ9D1caFAoSCfn6QT3eROSJEV_Xrb4NXCM_GhQKEgmpxljvxkTkiRHimHB769eCliIKDVNa8hgV-Bdx1Q	41.8536019	-71.40085839999999	41.8536019	-71.40085839999999	Med	34.806589319477595	NA
1786	2016-11-07	483619	14:30:00	Bicycle	NA	1	FALSE	FALSE	1	Charles St	HAWKINS ST	2016-11-07	Two-Way , Not Divided	Dry	Daylight	Clear	Not a Collision Between Two Motor Vehicles in Transport	No	No Controls	5	1	Complains Of Pain	2	41.85156	-71.42019	FALSE	FALSE	Charles Street and Hawkins Street, Providence, RI, USA	FALSE	-71.4232923	41.8502749	route	geometric_center	hawkins st, providence, ri, usa	Charles Street & Hawkins Street, Providence, RI, USA	EjRDaGFybGVzIFN0cmVldCAmIEhhd2tpbnMgU3RyZWV0LCBQcm92aWRlbmNlLCBSSSwgVVNBImYiZAoUChIJp7zvRPBE5IkRsQR9FhcT41QSFAoSCae870TwROSJEbEEfRYXE-NUGhQKEgl1C85s8UTkiRHLZMsuNVX9MhoUChIJpfJlFfpE5IkRLMzGtaGm9F0iCg3YA_IYFXEmbtU	41.851388	-71.4201487	41.851388	-71.4201487	Med	19.450795645015628	NA
1787	2016-11-07	483844	22:33:00	Bicycle	NA	1	FALSE	FALSE	1	LLOYD AVE	THAYER ST	2016-11-07	Two-Way , Not Divided	Dry	Dark - Lighted	Clear	Angle - Direction Not Specified	No	Stop Signs	2	1	Non-Incapacitating	2	41.83148	-71.40108	FALSE	FALSE	Lloyd Ave and Thayer Street, Providence, RI, USA	FALSE	-71.4010783	41.83149299999999	intersection	geometric_center	thayer st & lloyd ave, providence, ri 02906, usa	NA	NA	NA	NA	41.83149299999999	-71.4010783	Med High	1.4540068229927665	NA
1788	2016-11-06	483011	03:24:00	Pedestrian	1	NA	FALSE	FALSE	1	CRANSTON ST	HUNTINGTON AVE	2016-11-06	Two-Way , Not Divided	Dry	Dark - Lighted	Cloudy	Other	Yes, M/V and Driver Left Scene	No Controls	3	1	Complains Of Pain	NA	41.80346	-71.43981	FALSE	FALSE	Cranston Street and Huntington Ave, Providence, RI, USA	FALSE	-71.4392216	41.80375230000001	intersection	geometric_center	cranston st & huntington ave, providence, ri 02907, usa	NA	NA	NA	NA	41.80375230000001	-71.4392216	Med High	58.67508741378761	NA
1789	2016-11-05	482320	02:12:00	Pedestrian	1	NA	FALSE	FALSE	1	ALLENS AVE	CHAPMAN ST	2016-11-05	Two-Way , Not Divided	Dry	Dark - Lighted	Clear	Other	No	No Controls	6	1	Non-Incapacitating	2	41.79347	-71.39747	FALSE	FALSE	Allens Ave and Chapman Street, Providence, RI, USA	FALSE	-71.3973889	41.7932522	intersection	geometric_center	allens ave & chapman st, providence, ri 02905, usa	NA	NA	NA	NA	41.7932522	-71.3973889	Med High	25.16233710289868	NA
1790	2016-11-04	482216	16:58:00	Pedestrian	1	NA	FALSE	FALSE	1	SUTTON ST	ATWELLS AVE	2016-11-04	One-Way Trafficway	Dry	Daylight	Clear	Not a Collision Between Two Motor Vehicles in Transport	Yes, M/V and Driver Left Scene	Pavement Markings	1	1	Complains Of Pain	NA	41.82378	-71.42929	FALSE	FALSE	Sutton Street and Atwells Ave, Providence, RI, USA	FALSE	-71.4292511	41.8237712	intersection	geometric_center	atwells ave & sutton st, providence, ri 02903, usa	NA	NA	NA	NA	41.8237712	-71.4292511	Med High	3.372372319456666	NA
1791	2016-11-04	487555	13:39:00	Bicycle	NA	1	FALSE	FALSE	1	HAROLD ST	CHALKSTONE AVE	2016-11-15	Two-Way , Not Divided	Dry	Daylight	Clear	Angle (Front - to - Side) Same Direction	No	No Controls	3	1	Complains Of Pain	NA	41.83242	-71.43934	FALSE	FALSE	Harold Street and Chalkstone Ave, Providence, RI, USA	FALSE	-71.4393395	41.8324262	intersection	geometric_center	harold st & chalkstone ave, providence, ri 02908, usa	NA	NA	NA	NA	41.8324262	-71.4393395	Med High	0.6914257176960756	NA
1792	2016-11-02	481236	15:12:00	Other	NA	NA	TRUE	FALSE	2	ELMWOOD AVE	W FRIENDSHIP ST	2016-11-02	Two-Way , Not Divided	Dry	Daylight	Clear	Unknown	Yes, M/V and Driver Left Scene	Traffic Control Signal	2	0	No Injury	NA	41.80989	-71.42405	FALSE	FALSE	Elmwood Ave and W Friendship Street, Providence, RI, USA	FALSE	-71.42407299999999	41.80989	intersection	geometric_center	w friendship st & elmwood ave, providence, ri 02907, usa	NA	NA	NA	NA	41.80989	-71.42407299999999	Med High	1.9083835977069192	NA
1793	2016-11-02	481277	18:27:00	Bicycle	NA	1	FALSE	FALSE	1	LESTER ST	BRIDGHAM ST	2016-11-02	Two-Way, Divided, Unprotected (painted>4feet) Medium	Dry	Dark - Lighted	Clear	Other	Yes, M/V and Driver Left Scene	No Controls	3	1	Complains Of Pain	NA	41.81345	-71.42655	FALSE	FALSE	Lester Street and Bridgham Street, Providence, RI, USA	FALSE	-71.42656629999999	41.8134681	intersection	geometric_center	lester st & bridgham st, providence, ri 02907, usa	NA	NA	NA	NA	41.8134681	-71.42656629999999	Med High	2.426665489450736	NA
1794	2016-11-02	481498	11:20:00	Pedestrian	1	NA	FALSE	FALSE	1	SERVICE ROAD 7	BROAD ST	2016-11-03	One-Way Trafficway	Dry	Daylight	Clear	Rear End(Front-to-Rear)	No	No Controls	3	2	Complains Of Pain	NA	41.81782	-71.41762	FALSE	FALSE	Service Road 7 and Broad Street, Providence, RI, USA	FALSE	-71.4169529	41.8173732	intersection	geometric_center	service rd 1 & broad st, providence, ri 02903, usa	NA	NA	NA	NA	41.8173732	-71.4169529	Med High	74.41012316400422	NA
1795	2016-11-02	481501	11:46:00	Bicycle	NA	1	FALSE	FALSE	1	BROAD ST	SERVICE ROAD 7	2016-11-03	One-Way Trafficway	Dry	Daylight	Clear	Not a Collision Between Two Motor Vehicles in Transport	No	Traffic Control Signal	5	1	Complains Of Pain	NA	41.81736	-71.41696	FALSE	FALSE	Broad Street and Service Road 7, Providence, RI, USA	FALSE	-71.4200451	41.8199608	route	geometric_center	service rd 1, providence, ri, usa	Broad Street & Service Road 7th, Providence, RI, USA	EjRCcm9hZCBTdHJlZXQgJiBTZXJ2aWNlIFJvYWQgN3RoLCBQcm92aWRlbmNlLCBSSSwgVVNBImYiZAoUChIJbbRukG1F5IkRg0XEjUgVvRgSFAoSCW20bpBtReSJEYNFxI1IFb0YGhQKEgmD3n3VjE_kiREsosqTmEsIoxoUChIJB3h0QnZF5IkRyxFdBkwhBUwiCg0k0-wYFUejbtU	41.8173732	-71.4169529	41.8173732	-71.4169529	Med	1.583084453358004	NA
1796	2016-11-01	480993	12:29:00	Pedestrian	1	NA	FALSE	FALSE	1	COLFAX ST	GORDON AVE	2016-11-01	Two-Way , Not Divided	Dry	Daylight	Clear	Not a Collision Between Two Motor Vehicles in Transport	No	No Controls	2	1	Complains Of Pain	NA	41.79936	-71.41308	FALSE	FALSE	Colfax Street and Gordon Ave, Providence, RI, USA	FALSE	-71.4138321	41.7992087	intersection	geometric_center	gordon ave & colfax st, providence, ri 02905, usa	NA	NA	NA	NA	41.7992087	-71.4138321	Med High	64.64704997258629	NA
1797	2016-10-31	480076	07:47:00	Pedestrian	1	NA	FALSE	FALSE	1	593 EDDY ST	EDDY ST	2016-10-31	Two-Way, Divided, Unprotected (painted>4feet) Medium	Dry	Daylight	Clear	Not a Collision Between Two Motor Vehicles in Transport	No	No Controls	3	1	Complains Of Pain	NA	41.81174	-71.40707	TRUE	FALSE	593 Eddy Street, Providence, RI, USA	FALSE	-71.4090636	41.8107889	premise	rooftop	593 eddy st, providence, ri 02903, usa	NA	NA	NA	NA	41.8107889	-71.4090636	High	196.39447913603212	Raw
1798	2016-10-31	480094	09:53:00	Bicycle	NA	1	FALSE	FALSE	1	GEORGE ST	HOPE ST	2016-10-31	Two-Way , Not Divided	Dry	Daylight	Clear	Not a Collision Between Two Motor Vehicles in Transport	Yes, M/V and Driver Left Scene	Stop Signs	2	1	Complains Of Pain	NA	41.82579	-71.39727	FALSE	FALSE	George Street and Hope Street, Providence, RI, USA	FALSE	-71.3993016	41.8403661	route	geometric_center	hope st, providence, ri, usa	George Street & Hope Street, Providence, RI, USA	EjBHZW9yZ2UgU3RyZWV0ICYgSG9wZSBTdHJlZXQsIFByb3ZpZGVuY2UsIFJJLCBVU0EiZiJkChQKEgmrO17fOkXkiRFKEUPHX6jYWhIUChIJqzte3zpF5IkRShFDx1-o2FoaFAoSCcfqJGM7ReSJEbJnjjYuSZRlGhQKEgmRo8kFxUTkiRFr4T3VeAKWISIKDYkb7hgVJ6Rx1Q	41.8257801	-71.3972697	41.8257801	-71.3972697	Med	1.1023438967859456	NA
1799	2016-10-31	480190	16:53:00	Pedestrian	1	NA	FALSE	FALSE	1	ELMWOOD AVE	EXIT	2016-10-31	Two-Way , Not Divided	Dry	Daylight	Clear	Not a Collision Between Two Motor Vehicles in Transport	No	No Controls	3	1	Complains Of Pain	NA	41.78184	-71.41959	FALSE	FALSE	Elmwood Ave and Exit, Providence, RI, USA	FALSE	-71.4128343	41.8239891	locality	approximate	providence, ri, usa	NA	NA	NA	NA	41.8239891	-71.4128343	Med	4725.388152072126	Raw
1800	2016-10-31	480332	21:26:00	Bicycle	NA	1	FALSE	FALSE	1	40 CYPRESS ST	NA	2016-10-31	Two-Way , Not Divided	Dry	Dark - Lighted	Clear	Not a Collision Between Two Motor Vehicles in Transport	No	No Controls	2	1	Complains Of Pain	2	41.84184	-71.4019	TRUE	TRUE	40 Cypress Street, Providence, RI, USA	FALSE	-71.40604979999999	41.8422619	street_address	rooftop	40 cypress st, providence, ri 02906, usa	NA	NA	NA	NA	41.8422619	-71.40604979999999	High	347.33916082863374	Geocoded