row_number	crash_date	crash_report_id	crash_time	collision_type	count_pedestrian	count_bicycle	scooter	wheel_chair	number_of_vehicles	street_or_highway	nearest_intersection	report_date	type_of_roadway	road_surface_condition	light_condition	weather_condition	manner_of_impact	hit_and_run	traffic_control	person_count	injury_count	most_serious_injury	number_of_lanes	lat_raw	lon_raw	has_st_number	is_intersection_null	address_sent_to_geocoder	is_address_blank	lon_api_first_try	lat_api_first_try	type	loctype	address_returned_by_geocoder	address_returned_by_autocomplete	place_ids_autocompleted	lat_api_second_try	lon_api_second_try	lat_api_best	lon_api_best	api_coord_conf	distance_btwn_coords_meters	best_coordinate_set
1801	2016-10-30	479955	16:23:00	Bicycle	NA	1	FALSE	FALSE	1	WESTMINSTER ST	BARTON ST	2016-10-30	Two-Way, Divided, Unprotected (painted>4feet) Medium	Wet	Daylight	Rain	Not a Collision Between Two Motor Vehicles in Transport	Yes, M/V and Driver Left Scene	Traffic Control Signal	3	1	Non-Incapacitating	NA	41.81592	-71.43656	FALSE	FALSE	Westminster Street and Barton Street, Providence, RI, USA	FALSE	-71.4365339	41.8159344	intersection	geometric_center	barton st & westminster st, providence, ri 02909, usa	NA	NA	NA	NA	41.8159344	-71.4365339	Med High	2.694170143711607	NA
1802	2016-10-29	479355	12:04:00	Bicycle	NA	1	FALSE	FALSE	1	NORTHUP AVE	SILVER SPRING ST	2016-10-29	Two-Way , Not Divided	Dry	Daylight	Clear	Not a Collision Between Two Motor Vehicles in Transport	No	Traffic Control Signal	3	1	Complains Of Pain	NA	41.85178	-71.41304	FALSE	FALSE	Northup Ave and Silver Spring Street, Providence, RI, USA	FALSE	-71.41301539999999	41.8517801	intersection	geometric_center	silver spring st & northrup ave, providence, ri 02904, usa	NA	NA	NA	NA	41.8517801	-71.41301539999999	Med High	2.039835798419084	NA
1803	2016-10-28	478687	01:45:00	Pedestrian	1	NA	FALSE	FALSE	1	210 EATON ST	RIVER AVE	2016-10-28	Two-Way , Not Divided	Wet	Dark - Lighted	Rain	Not a Collision Between Two Motor Vehicles in Transport	Yes, M/V and Driver Left Scene	No Controls	2	1	Complains Of Pain	NA	41.84174	-71.43624	TRUE	FALSE	210 Eaton Street, Providence, RI, USA	FALSE	-71.4353191	41.8415415	premise	rooftop	210 eaton st, providence, ri 02908, usa	NA	NA	NA	NA	41.8415415	-71.4353191	High	79.50457197615495	NA
1804	2016-10-27	478266	18:47:00	Pedestrian	1	NA	FALSE	FALSE	1	ALTHEA ST	UNION AVE	2016-10-27	Two-Way , Not Divided	Wet	Dark - Lighted	Rain	Not a Collision Between Two Motor Vehicles in Transport	No	No Controls	2	0	No Injury	NA	41.8093	-71.43823	FALSE	FALSE	Althea Street and Union Ave, Providence, RI, USA	FALSE	-71.4384298	41.8092666	intersection	geometric_center	althea st & union ave, providence, ri 02909, usa	NA	NA	NA	NA	41.8092666	-71.4384298	Med High	16.990021922389825	NA
1805	2016-10-26	477623	07:57:00	Bicycle	NA	1	FALSE	FALSE	1	933 SMITH ST	SMITH ST	2016-10-26	Two-Way, Divided, Unprotected (painted>4feet) Medium	Dry	Daylight	Clear	Not a Collision Between Two Motor Vehicles in Transport	No	No Controls	2	2	Complains Of Pain	NA	41.84207	-71.44395	TRUE	FALSE	933 Smith Street, Providence, RI, USA	FALSE	-71.441711	41.841461	street_address	rooftop	933 smith st, providence, ri 02908, usa	NA	NA	NA	NA	41.841461	-71.441711	High	197.67324264586162	Geocoded
1806	2016-10-25	477339	12:06:00	Bicycle	NA	1	FALSE	FALSE	1	674 PRAIRIE AVE	PRAIRIE AVE	2016-10-25	Two-Way, Divided, Unprotected (painted>4feet) Medium	Dry	Daylight	Clear	Not a Collision Between Two Motor Vehicles in Transport	No	No Controls	3	2	Complains Of Pain	NA	41.80915	-71.42085	TRUE	FALSE	674 Prairie Ave, Providence, RI, USA	FALSE	-71.4098983	41.7959329	street_address	rooftop	674 prairie ave, providence, ri 02905, usa	NA	NA	NA	NA	41.7959329	-71.4098983	High	1729.365711906267	Geocoded
1807	2016-10-21	475524	08:01:00	Pedestrian	1	NA	FALSE	FALSE	1	HAWKINS ST	BRANCH AVE	2016-10-21	Two-Way , Not Divided	Wet	Daylight	Cloudy	Not a Collision Between Two Motor Vehicles in Transport	No	Traffic Control Signal	3	1	Complains Of Pain	2	41.85088	-71.42147	FALSE	FALSE	Hawkins Street and Branch Ave, Providence, RI, USA	FALSE	-71.4214171	41.8509231	intersection	geometric_center	hawkins st & branch ave, providence, ri 02904, usa	NA	NA	NA	NA	41.8509231	-71.4214171	Med High	6.50082192285566	NA
1808	2016-10-21	476100	20:59:00	Pedestrian	1	NA	FALSE	FALSE	1	BOUGH ST	WESTMINSTER ST	2016-10-21	Two-Way , Not Divided	Wet	Dark - Lighted	Rain	Not a Collision Between Two Motor Vehicles in Transport	Yes, M/V and Driver Left Scene	Pavement Markings	3	1	Complains Of Pain	NA	41.8166	-71.44187	FALSE	FALSE	Bough Street and Westminster Street, Providence, RI, USA	FALSE	-71.4418328	41.816627	intersection	geometric_center	bough st & westminster st, providence, ri 02909, usa	NA	NA	NA	NA	41.816627	-71.4418328	Med High	4.308005055705406	NA
1809	2016-10-21	476116	21:46:00	Pedestrian	1	NA	FALSE	FALSE	1	MEMORIAL BLVD	STEEPLE ST	2016-10-21	Two-Way , Not Divided	Wet	Dark - Lighted	Rain	Not a Collision Between Two Motor Vehicles in Transport	Yes, M/V and Driver Left Scene	Traffic Control Signal	2	1	Complains Of Pain	NA	41.82677	-71.41063	FALSE	FALSE	Memorial Blvd and Steeple Street, Providence, RI, USA	FALSE	-71.409299	41.8273889	route	geometric_center	steeple st, providence, ri 02903, usa	NA	NA	NA	NA	41.8273889	-71.409299	Med	130.14017905182072	Raw
1810	2016-10-17	473206	09:14:00	Pedestrian	1	NA	FALSE	FALSE	1	CHALKSTONE AVE	ALDINE ST	2016-10-17	Two-Way , Not Divided	Dry	Daylight	Clear	Not a Collision Between Two Motor Vehicles in Transport	No	No Controls	3	1	Complains Of Pain	2	41.83231	-71.45382	FALSE	FALSE	Chalkstone Ave and Aldine Street, Providence, RI, USA	FALSE	-71.453794	41.8323275	intersection	geometric_center	aldine st & chalkstone ave, providence, ri 02909, usa	NA	NA	NA	NA	41.8323275	-71.453794	Med High	2.9061584464597354	NA
1811	2016-10-17	473388	08:55:00	Bicycle	NA	1	FALSE	FALSE	1	WHITMARSH ST	BUCKLIN ST	2016-10-17	Two-Way , Not Divided	Dry	Daylight	Clear	Head-On (Front - to - Front)	No	No Controls	3	1	Complains Of Pain	NA	41.8059	-71.42776	FALSE	FALSE	Whitmarsh Street and Bucklin Street, Providence, RI, USA	FALSE	-71.4278013	41.8059079	intersection	geometric_center	bucklin st & whitmarsh st, providence, ri 02907, usa	NA	NA	NA	NA	41.8059079	-71.4278013	Med High	3.538044548826097	NA
1812	2016-10-16	472808	14:08:00	Pedestrian	1	NA	FALSE	FALSE	1	265 HARTFORD AVE	NA	2016-10-16	Unknown	Dry	Daylight	Clear	Not a Collision Between Two Motor Vehicles in Transport	No	No Controls	3	1	Complains Of Pain	NA	41.81725	-71.44976	TRUE	TRUE	265 Hartford Ave, Providence, RI, USA	FALSE	-71.4517594	41.8176247	street_address	rooftop	265 hartford ave, providence, ri 02909, usa	NA	NA	NA	NA	41.8176247	-71.4517594	High	171.04105930720243	Geocoded
1813	2016-10-15	472173	15:13:00	Pedestrian	1	NA	FALSE	FALSE	1	HARTFORD AVE	HARTFORD AVE	2016-10-15	Two-Way , Not Divided	Dry	Daylight	Clear	Not a Collision Between Two Motor Vehicles in Transport	No	No Controls	2	1	Complains Of Pain	NA	41.81916	-71.46286	FALSE	FALSE	Hartford Ave and Hartford Ave, Providence, RI, USA	FALSE	-71.4587339	41.8185901	route	geometric_center	hartford ave, providence, ri, usa	Hartford Ave Service Rd & Hartford Ave, Johnston, Providence, RI, USA	EkVIYXJ0Zm9yZCBBdmUgU2VydmljZSBSZCAmIEhhcnRmb3JkIEF2ZSwgSm9obnN0b24sIFByb3ZpZGVuY2UsIFJJLCBVU0EiZiJkChQKEgmP4Jty0EfkiRFZT82Cwq1hZxIUChIJj-CbctBH5IkRWU_NgsKtYWcaFAoSCUk2WRTQR-SJEffJJKBODzFaGhQKEgkvAx61JEbkiRGCwC0vu7gN1iIKDdap7hgVnoNc1Q	41.829423	-71.5357282	41.829423	-71.5357282	Med	6151.765714233215	Raw
1814	2016-10-14	471210	13:36:00	Bicycle	NA	1	FALSE	FALSE	1	825 Chalkstone Ave	ROSEBANK AVE	2016-10-14	Two-Way , Not Divided	Dry	Daylight	Clear	Not a Collision Between Two Motor Vehicles in Transport	Yes, M/V and Driver Left Scene	No Controls	1	1	Complains Of Pain	2	41.83396	-71.43458	TRUE	FALSE	825 Chalkstone Ave, Providence, RI, USA	FALSE	-71.4355921	41.8351848	premise	rooftop	825 chalkstone ave, providence, ri 02908, usa	NA	NA	NA	NA	41.8351848	-71.4355921	High	160.1138603454178	Raw
1815	2016-10-13	470582	12:36:00	Bicycle	NA	NA	FALSE	FALSE	2	WATERMAN ST	COOKE ST	2016-10-13	One-Way Trafficway	Dry	Daylight	Clear	Rear End(Front-to-Rear)	No	No Controls	2	0	No Injury	NA	41.82761	-71.39576	FALSE	FALSE	Waterman Street and Cooke Street, Providence, RI, USA	FALSE	-71.3954406	41.8276173	intersection	geometric_center	cooke st & waterman st, providence, ri 02906, usa	NA	NA	NA	NA	41.8276173	-71.3954406	Med High	26.506766034447068	NA
1816	2016-10-13	470849	18:02:00	Pedestrian	1	NA	FALSE	FALSE	1	638 Charles st	CHARLES ST	2016-10-13	Two-Way , Not Divided	Dry	Daylight	Clear	Not a Collision Between Two Motor Vehicles in Transport	Yes, M/V and Driver Left Scene	No Controls	1	1	Complains Of Pain	NA	41.85402	-71.42056	TRUE	FALSE	638 Charles Street, Providence, RI, USA	FALSE	-71.42072879999999	41.8540871	premise	rooftop	638 charles st, providence, ri 02904, usa	NA	NA	NA	NA	41.8540871	-71.42072879999999	High	15.864679690461218	NA
1817	2016-10-12	469831	12:36:00	Pedestrian	1	NA	FALSE	FALSE	1	BROAD STREET	BROAD ST	2016-10-12	Two-Way , Not Divided	Dry	Daylight	Clear	Not a Collision Between Two Motor Vehicles in Transport	No	Stop Signs	6	1	Complains Of Pain	NA	41.7969	-71.41305	FALSE	FALSE	Broad Street and Broad Street, Providence, RI, USA	FALSE	-71.4101636	41.7945838	route	geometric_center	broad st, providence, ri, usa	NA	NA	NA	NA	41.7945838	-71.4101636	Med	351.9420067154442	Raw
1818	2016-10-12	470241	16:34:00	Bicycle	NA	1	FALSE	FALSE	1	GREENWICH ST	BUCKLIN ST	2016-10-12	Two-Way, Divided, Unprotected (painted>4feet) Medium	Dry	Daylight	Clear	Not a Collision Between Two Motor Vehicles in Transport	Yes, M/V and Driver Left Scene	Stop Signs	1	1	Non-Incapacitating	NA	41.80232	-71.42768	FALSE	FALSE	Greenwich Street and Bucklin Street, Providence, RI, USA	FALSE	-71.4276553	41.8023399	intersection	geometric_center	bucklin st & greenwich st, providence, ri 02907, usa	NA	NA	NA	NA	41.8023399	-71.4276553	Med High	3.0180382786095072	NA
1819	2016-10-12	470408	22:15:00	Pedestrian	1	NA	FALSE	FALSE	1	70 Kennedy Plz	NA	2016-10-13	Two-Way , Not Divided	Dry	Dark - Lighted	Clear	Not a Collision Between Two Motor Vehicles in Transport	Yes, M/V and Driver Left Scene	No Controls	1	1	Complains Of Pain	NA	41.82506	-71.41108	TRUE	TRUE	70 Kennedy Plz, Providence, RI, USA	FALSE	-71.41163499999999	41.8243973	street_address	rooftop	70 kennedy plaza, providence, ri 02903, usa	NA	NA	NA	NA	41.8243973	-71.41163499999999	High	86.95892717257004	NA
1820	2016-10-12	474241	16:40:00	Pedestrian	2	NA	FALSE	FALSE	1	HARTFORD AVE	HEATH ST	2016-10-18	Two-Way , Not Divided	Dry	Daylight	Clear	Not a Collision Between Two Motor Vehicles in Transport	Yes, M/V and Driver Left Scene	Pavement Markings	4	2	Complains Of Pain	NA	41.81726	-71.4499	FALSE	FALSE	Hartford Ave and Heath Street, Providence, RI, USA	FALSE	-71.44988699999999	41.8172779	intersection	geometric_center	heath st & hartford ave, providence, ri 02909, usa	NA	NA	NA	NA	41.8172779	-71.44988699999999	Med High	2.2657782876056034	NA
1821	2016-10-11	469430	13:47:00	Pedestrian	1	NA	FALSE	FALSE	1	250 Benefit St	HOPKINS ST	2016-10-11	Two-Way , Not Divided	Dry	Daylight	Clear	Not a Collision Between Two Motor Vehicles in Transport	No	No Controls	3	1	Complains Of Pain	2	41.82566	-71.4066	TRUE	FALSE	250 Benefit Street, Providence, RI, USA	FALSE	-71.4072983	41.8256994	premise	rooftop	providence county courthouse, 250 benefit st, providence, ri 02903, usa	NA	NA	NA	NA	41.8256994	-71.4072983	High	58.091712005420014	NA
1822	2016-10-09	468214	02:13:00	Pedestrian	1	NA	FALSE	FALSE	1	DEXTER ST	POTTERS AVE	2016-10-09	Two-Way , Not Divided	Wet	Dark - Lighted	Rain	Not a Collision Between Two Motor Vehicles in Transport	No	No Controls	3	1	Complains Of Pain	2	41.80249	-71.43059	FALSE	FALSE	Dexter Street and Potters Ave, Providence, RI, USA	FALSE	-71.4305866	41.8024973	intersection	geometric_center	potters ave & dexter st, providence, ri 02907, usa	NA	NA	NA	NA	41.8024973	-71.4305866	Med High	0.8602180102863454	NA
1823	2016-10-08	467881	12:50:00	Bicycle	NA	1	FALSE	FALSE	1	POTTERS AVE	BAXTER ST	2016-10-08	Two-Way , Not Divided	Dry	Daylight	Clear	Not a Collision Between Two Motor Vehicles in Transport	No	No Controls	4	1	Complains Of Pain	NA	41.80343	-71.41698	FALSE	FALSE	Potters Ave and Baxter Street, Providence, RI, USA	FALSE	-71.416608	41.803539	intersection	geometric_center	potters ave & baxter st, providence, ri 02905, usa	NA	NA	NA	NA	41.803539	-71.416608	Med High	33.16823862518772	NA
1824	2016-10-08	468132	21:59:00	Pedestrian	2	NA	FALSE	FALSE	1	Empire St	Washington St	2016-10-09	Two-Way , Not Divided	Wet	Dark - Lighted	Rain	Not a Collision Between Two Motor Vehicles in Transport	Yes, M/V and Driver Left Scene	Traffic Control Signal	5	2	Complains Of Pain	NA	41.8218	-71.41643	FALSE	FALSE	Empire Street and Washington Street, Providence, RI, USA	FALSE	-71.4164189	41.82186009999999	intersection	geometric_center	empire st & washington st, providence, ri 02903, usa	NA	NA	NA	NA	41.82186009999999	-71.4164189	Med High	6.753374132516597	NA
1825	2016-10-05	466867	11:05:00	Bicycle	NA	1	FALSE	FALSE	1	Knight St	GRANT ST	2016-10-05	Two-Way , Not Divided	Dry	Daylight	Clear	Other	No	No Controls	3	0	No Injury	NA	41.81855	-71.42784	FALSE	FALSE	Knight Street and Grant Street, Providence, RI, USA	FALSE	-71.4281681	41.8188527	intersection	geometric_center	knight st & grant st, providence, ri 02909, usa	NA	NA	NA	NA	41.8188527	-71.4281681	Med High	43.31701144248975	NA
1826	2016-10-01	465041	13:25:00	Pedestrian	1	NA	FALSE	FALSE	1	29 FORD ST	DEXTER ST	2016-10-01	Two-Way , Not Divided	Wet	Daylight	Sleet, Hail (Freezing Rain or Drizzle)	Not a Collision Between Two Motor Vehicles in Transport	Yes, M/V and Driver Left Scene	No Controls	2	1	Complains Of Pain	NA	41.80895	-71.42928	TRUE	FALSE	29 Ford Street, Providence, RI, USA	FALSE	-71.4291952	41.8090977	street_address	rooftop	29 ford st, providence, ri 02907, usa	NA	NA	NA	NA	41.8090977	-71.4291952	High	17.884186698935814	NA
1827	2016-09-29	464027	07:52:00	Pedestrian	2	NA	FALSE	FALSE	1	DEXTER ST	POTTERS AVE	2016-09-29	Two-Way , Not Divided	Dry	Daylight	Cloudy	Not a Collision Between Two Motor Vehicles in Transport	No	No Controls	7	2	Incapacitating	2	41.80249	-71.43059	FALSE	FALSE	Dexter Street and Potters Ave, Providence, RI, USA	FALSE	-71.4305866	41.8024973	intersection	geometric_center	potters ave & dexter st, providence, ri 02907, usa	NA	NA	NA	NA	41.8024973	-71.4305866	Med High	0.8602180102863454	NA
1828	2016-09-29	464122	11:07:00	Pedestrian	1	NA	FALSE	FALSE	1	HAYES ST	PARK ST	2016-09-29	Two-Way , Not Divided	Dry	Daylight	Cloudy	Other	No	No Controls	4	1	Non-Incapacitating	NA	41.82928	-71.41675	FALSE	FALSE	Hayes Street and Park Street, Providence, RI, USA	FALSE	-71.41745329999999	41.8293258	intersection	geometric_center	hayes st & park st, providence, ri 02903, usa	NA	NA	NA	NA	41.8293258	-71.41745329999999	Med High	58.55973061671031	NA
1829	2016-09-28	463806	15:23:00	Bicycle	NA	1	FALSE	FALSE	1	HOPE ST	ANGELL ST	2016-09-28	Two-Way , Not Divided	Dry	Daylight	Cloudy	Head-On (Front - to - Front)	No	No Controls	2	1	Complains Of Pain	NA	41.82847	-71.39756	FALSE	FALSE	Hope Street and Angell Street, Providence, RI, USA	FALSE	-71.3974982	41.8284083	intersection	geometric_center	hope st & angell st, providence, ri 02906, usa	NA	NA	NA	NA	41.8284083	-71.3974982	Med High	8.570508710750346	NA
1830	2016-09-28	463872	19:14:00	Pedestrian	1	NA	FALSE	FALSE	1	HAWKINS ST	BRANCH AVE	2016-09-28	Two-Way , Not Divided	Wet	Dark - Lighted	Rain	Not a Collision Between Two Motor Vehicles in Transport	No	Traffic Control Signal	5	1	Complains Of Pain	2	41.8509	-71.42142	FALSE	FALSE	Hawkins Street and Branch Ave, Providence, RI, USA	FALSE	-71.4214171	41.8509231	intersection	geometric_center	hawkins st & branch ave, providence, ri 02904, usa	NA	NA	NA	NA	41.8509231	-71.4214171	Med High	2.582699272713118	NA
1831	2016-09-25	461798	07:00:00	Pedestrian	1	NA	FALSE	FALSE	1	SERVICE ROAD 7	PINE ST	2016-09-25	Two-Way , Not Divided	Dry	Daylight	Clear	Not a Collision Between Two Motor Vehicles in Transport	Yes, M/V and Driver Left Scene	Traffic Control Signal	1	1	Complains Of Pain	NA	41.81735	-71.41694	FALSE	FALSE	Service Road 7 and Pine Street, Providence, RI, USA	FALSE	-71.40887980000001	41.8237262	street_address	range_interpolated	7 pine st, providence, ri 02903, usa	NA	NA	NA	NA	41.8237262	-71.40887980000001	Med High	975.1554729492811	Raw
1832	2016-09-21	460164	12:43:00	Pedestrian	1	NA	FALSE	FALSE	1	930 Broad St	BROAD ST	2016-09-21	Two-Way , Not Divided	Dry	Daylight	Clear	Not a Collision Between Two Motor Vehicles in Transport	Yes, M/V and Driver Left Scene	No Controls	1	1	Complains Of Pain	3	41.79888	-71.4155	TRUE	FALSE	930 Broad Street, Providence, RI, USA	FALSE	-71.4148211	41.7984918	premise	rooftop	930 broad st, providence, ri 02907, usa	NA	NA	NA	NA	41.7984918	-71.4148211	High	71.00496559508481	NA
1833	2016-09-21	460379	19:37:00	Bicycle	NA	1	FALSE	FALSE	1	WHITMARSH ST	ELMWOOD AVE	2016-09-21	Two-Way, Not Divided With a Continuous Left Turn Lane	Dry	Dark - Lighted	Clear	Not a Collision Between Two Motor Vehicles in Transport	No	Stop Signs	2	1	Complains Of Pain	NA	41.80596	-71.42507	FALSE	FALSE	Whitmarsh Street and Elmwood Ave, Providence, RI, USA	FALSE	-71.42507549999999	41.8059678	intersection	geometric_center	elmwood ave & whitmarsh st, providence, ri 02907, usa	NA	NA	NA	NA	41.8059678	-71.42507549999999	Med High	0.9809252096030447	NA
1834	2016-09-19	459736	15:38:00	Pedestrian	1	NA	FALSE	FALSE	1	smith st	DANFORTH ST	2016-09-19	Two-Way , Not Divided	Wet	Daylight	Rain	Not a Collision Between Two Motor Vehicles in Transport	No	No Controls	3	1	Non-Incapacitating	NA	41.83557	-71.42652	FALSE	FALSE	Smith Street and Danforth Street, Providence, RI, USA	FALSE	-71.4265132	41.8355761	intersection	geometric_center	danforth st & smith st, providence, ri 02908, usa	NA	NA	NA	NA	41.8355761	-71.4265132	Med High	0.8827195507384056	NA
1835	2016-09-18	458757	14:03:00	Pedestrian	1	NA	FALSE	FALSE	1	ALLENS AVE	ALLENS AVE	2016-09-18	Two-Way , Not Divided	Wet	Daylight	Cloudy	Not a Collision Between Two Motor Vehicles in Transport	No	No Controls	4	2	Fatal	NA	41.80652	-71.40295	FALSE	FALSE	Allens Ave and Allens Ave, Providence, RI, USA	FALSE	-71.4014192	41.8030664	route	geometric_center	allens ave, providence, ri, usa	NA	NA	NA	NA	41.8030664	-71.4014192	Med	404.8945252856393	Raw
1836	2016-09-17	458434	16:41:00	Bicycle	NA	1	FALSE	FALSE	1	53-55 CONGRESS AVE	CONGRESS AVE	2016-09-17	Two-Way , Not Divided	Dry	Daylight	Clear	Other	No	No Controls	5	1	Non-Incapacitating	NA	41.80035	-71.42024	FALSE	FALSE	53-55 Congress Ave and Congress Ave, Providence, RI, USA	FALSE	-71.4222346	41.7997464	route	geometric_center	congress ave, providence, ri 02907, usa	NA	NA	NA	NA	41.7997464	-71.4222346	Med	178.64193943888202	Raw
1837	2016-09-16	457812	17:07:00	Pedestrian	1	NA	FALSE	FALSE	1	RIVER AVE	ADMIRAL ST	2016-09-16	Two-Way , Not Divided	Dry	Daylight	Clear	Not a Collision Between Two Motor Vehicles in Transport	Yes, M/V and Driver Left Scene	No Controls	1	1	Complains Of Pain	NA	41.8491	-71.43891	FALSE	FALSE	River Ave and Admiral Street, Providence, RI, USA	FALSE	-71.4460552	41.853176	intersection	geometric_center	admiral st & river ave, providence, ri 02904, usa	NA	NA	NA	NA	41.853176	-71.4460552	Med High	746.2632408957624	Raw
1838	2016-09-16	457940	21:14:00	Bicycle	NA	1	FALSE	FALSE	1	Douglas Ave	Clym St	2016-09-16	Two-Way , Not Divided	Dry	Dark - Lighted	Clear	Not a Collision Between Two Motor Vehicles in Transport	Yes, M/V and Driver Left Scene	No Controls	1	1	Complains Of Pain	NA	41.84317	-71.42774	FALSE	FALSE	Douglas Ave and Clym Street, Providence, RI, USA	FALSE	-71.4277211	41.8431942	intersection	geometric_center	clym st & douglas ave, providence, ri 02908, usa	NA	NA	NA	NA	41.8431942	-71.4277211	Med High	3.116719805750577	NA
1839	2016-09-15	457187	18:42:00	Pedestrian	1	NA	FALSE	FALSE	1	STEUBEN ST	ANDERSON ST	2016-09-15	Two-Way, Divided, Unprotected (painted>4feet) Medium	Dry	Daylight	Clear	Sidwswipe, Opposite Direction	Yes, M/V and Driver Left Scene	No Controls	1	1	Non-Incapacitating	NA	41.82273	-71.45014	FALSE	FALSE	Steuben Street and Anderson Street, Providence, RI, USA	FALSE	-71.45015579999999	41.8226772	intersection	geometric_center	anderson st & steuben st, providence, ri 02909, usa	NA	NA	NA	NA	41.8226772	-71.45015579999999	Med High	6.022040034108796	NA
1840	2016-09-15	457394	18:25:00	Pedestrian	1	NA	FALSE	FALSE	1	ORMS ST	STATE ST	2016-09-15	Two-Way, Divided, Positive Median Barrier	Dry	Daylight	Clear	Not a Collision Between Two Motor Vehicles in Transport	No	No Controls	4	1	Fatal	4	41.83482	-71.4136	FALSE	FALSE	Orms Street and State Street, Providence, RI, USA	FALSE	-71.4143691	41.83476659999999	intersection	geometric_center	state st & orms st, providence, ri 02908, usa	NA	NA	NA	NA	41.83476659999999	-71.4143691	Med High	64.06625186780128	NA
1841	2016-09-14	456353	08:54:00	Pedestrian	1	NA	FALSE	FALSE	1	BROAD ST	JOHN PARTINGTON WAY	2016-09-14	Two-Way , Not Divided	Dry	Daylight	Clear	Not a Collision Between Two Motor Vehicles in Transport	No	Traffic Control Signal	2	0	No Injury	NA	41.81736	-71.41696	FALSE	FALSE	Broad Street and John Partington Way, Providence, RI, USA	FALSE	-71.4199238	41.8198109	route	geometric_center	john j partington way, providence, ri 02903, usa	NA	NA	NA	NA	41.8198109	-71.4199238	Med	367.2819889192427	Raw
1842	2016-09-14	456508	14:59:00	Pedestrian	1	NA	FALSE	FALSE	1	FRANCIS STREET	AMERICAN EXPRESS PLZ	2016-09-14	Two-Way, Divided, Unprotected (painted>4feet) Medium	Dry	Daylight	Clear	Angle (Front - to - Side) Right Angle (Includes Broadside)	Yes, M/V and Driver Left Scene	Traffic Control Signal	3	1	Complains Of Pain	NA	41.82741	-71.41541	FALSE	FALSE	Francis Street and American Express Plz, Providence, RI, USA	FALSE	-71.4128343	41.8239891	locality	approximate	providence, ri, usa	NA	NA	NA	NA	41.8239891	-71.4128343	Med	436.6572833140136	Raw
1843	2016-09-14	456617	18:19:00	Pedestrian	1	NA	FALSE	FALSE	1	N MAIN ST	N MAIN ST	2016-09-14	Two-Way , Not Divided	Dry	Dusk	Clear	Angle - Direction Not Specified	No	No Controls	3	1	Complains Of Pain	NA	41.85331	-71.40104	FALSE	FALSE	N Main Street and N Main Street, Providence, RI, USA	FALSE	-71.2873641	41.7371398	route	geometric_center	n main st, rhode island, usa	North Main Street & South Main Street, Providence, RI, USA	EjpOb3J0aCBNYWluIFN0cmVldCAmIFNvdXRoIE1haW4gU3RyZWV0LCBQcm92aWRlbmNlLCBSSSwgVVNBImYiZAoUChIJD1urSRZF5IkRzGbOghZosXsSFAoSCQ9bq0kWReSJEcxmzoIWaLF7GhQKEgn5-kE93kTkiRFf162-DVwjPxoUChIJxfz7Uz5F5IkRx3FZv-YChPQiCg2TF-4YFdUHcNU	41.8256787	-71.4078251	41.8256787	-71.4078251	Med	3126.952152513414	Raw
1844	2016-09-14	456887	21:05:00	Pedestrian	1	NA	FALSE	FALSE	1	MEMORIAL BLVD	COLLEGE ST	2016-09-14	Two-Way, Divided, Unprotected (painted>4feet) Medium	Dry	Dark - Lighted	Clear	Other	No	Pavement Markings	4	1	Incapacitating	4	41.82538	-71.40886	FALSE	FALSE	Memorial Blvd and College Street, Providence, RI, USA	FALSE	-71.4088081	41.8253077	intersection	geometric_center	memorial blvd & college st, providence, ri 02903, usa	NA	NA	NA	NA	41.8253077	-71.4088081	Med High	9.127545107332212	NA
1845	2016-09-13	455890	08:53:00	Bicycle	NA	1	FALSE	FALSE	1	FOUNTAIN ST	FRANCIS ST	2016-09-13	One-Way Trafficway	Dry	Daylight	Clear	Not a Collision Between Two Motor Vehicles in Transport	No	Traffic Control Signal	5	1	Complains Of Pain	NA	41.82481	-71.41469	FALSE	FALSE	Fountain Street and Francis Street, Providence, RI, USA	FALSE	-71.4233339	41.8348041	route	geometric_center	francis smith way, providence, ri 02904, usa	Fountain Street & Francis Street, Scranton, SC, USA	EjNGb3VudGFpbiBTdHJlZXQgJiBGcmFuY2lzIFN0cmVldCwgU2NyYW50b24sIFNDLCBVU0EiZiJkChQKEgmPjDUaT43_iBHX2ZixABOeIhIUChIJj4w1Gk-N_4gR19mYsQATniIaFAoSCXUg5eZOjf-IEcLTpL6nTuFpGhQKEglbDwsET43_iBExUcS3zACrhyIKDftsNxQV_UZ30A	33.9176699	-79.7489411	33.9176699	-79.7489411	Med	1143851.2821410215	Raw