row_number	crash_date	crash_report_id	crash_time	collision_type	count_pedestrian	count_bicycle	scooter	wheel_chair	number_of_vehicles	street_or_highway	nearest_intersection	report_date	type_of_roadway	road_surface_condition	light_condition	weather_condition	manner_of_impact	hit_and_run	traffic_control	person_count	injury_count	most_serious_injury	number_of_lanes	lat_raw	lon_raw	has_st_number	is_intersection_null	address_sent_to_geocoder	is_address_blank	lon_api_first_try	lat_api_first_try	type	loctype	address_returned_by_geocoder	address_returned_by_autocomplete	place_ids_autocompleted	lat_api_second_try	lon_api_second_try	lat_api_best	lon_api_best	api_coord_conf	distance_btwn_coords_meters	best_coordinate_set
2023	2016-02-16	356322	17:22:00	Pedestrian	1	NA	FALSE	FALSE	1	WEYBOSSET ST	CUSTOM HOUSE ST	2016-02-16	Two-Way , Not Divided	Wet	Dark - Lighted	Rain	Not a Collision Between Two Motor Vehicles in Transport	No	No Controls	2	1	Complains Of Pain	NA	41.82429	-71.4097	FALSE	FALSE	Weybosset Street and Custom House Street, Providence, RI, USA	FALSE	-71.4097149	41.82430900000001	intersection	geometric_center	weybosset st & custom house st, providence, ri 02903, usa	NA	NA	NA	NA	41.82430900000001	-71.4097149	Med High	2.449749827883526	NA
2024	2016-02-16	356336	18:43:00	Pedestrian	1	NA	FALSE	FALSE	1	WESTMINSTER ST	EMPIRE ST	2016-02-16	Two-Way , Not Divided	Wet	Dark - Lighted	Rain	Angle - Direction Not Specified	Yes, M/V and Driver Left Scene	Traffic Control Signal	3	1	Complains Of Pain	NA	41.82097	-71.41532	FALSE	FALSE	Westminster Street and Empire Street, Providence, RI, USA	FALSE	-71.41532459999999	41.82098879999999	intersection	geometric_center	empire st & westminster st, providence, ri 02903, usa	NA	NA	NA	NA	41.82098879999999	-71.41532459999999	Med High	2.1273141314465227	NA
2025	2016-02-11	354730	19:44:00	Pedestrian	2	NA	FALSE	FALSE	1	BROAD ST	DAVE GAVITT WAY	2016-02-11	Two-Way , Not Divided	Dry	Dark - Lighted	Clear	Not a Collision Between Two Motor Vehicles in Transport	No	Traffic Control Signal	4	2	Complains Of Pain	NA	41.81799	-71.41626	FALSE	FALSE	Broad Street and Dave Gavitt Way, Providence, RI, USA	FALSE	-71.418832	41.8202201	route	geometric_center	dave gavitt way, providence, ri 02903, usa	Broad Street & Dave Gavitt Way, Providence, RI, USA	EjNCcm9hZCBTdHJlZXQgJiBEYXZlIEdhdml0dCBXYXksIFByb3ZpZGVuY2UsIFJJLCBVU0EiZiJkChQKEglNDQwKbUXkiRH5sOLmIymP2hIUChIJTQ0MCm1F5IkR-bDi5iMpj9oaFAoSCYPefdWMT-SJESyiypOYSwijGhQKEgkZ_mRVbUXkiRF-YhHNSrTAjiIKDd_p7BgVD75u1Q	41.8179551	-71.4162673	41.8179551	-71.4162673	Med	3.931971576184298	NA
2026	2016-02-10	354444	17:34:00	Bicycle	NA	1	FALSE	FALSE	1	BROADWAY	DE PASQUALE AVE	2016-02-10	Two-Way , Not Divided	Wet	Dark - Lighted	Clear	Not a Collision Between Two Motor Vehicles in Transport	Yes, M/V and Driver Left Scene	Traffic Control Signal	1	0	No Injury	NA	41.82078	-71.42521	FALSE	FALSE	Broadway and De Pasquale Ave, Providence, RI, USA	FALSE	-71.4262101	41.8224893	route	geometric_center	de pasquale ave, providence, ri 02903, usa	Broadway & De Pasquale Ave, Providence, RI, USA	Ei9Ccm9hZHdheSAmIERlIFBhc3F1YWxlIEF2ZSwgUHJvdmlkZW5jZSwgUkksIFVTQSJmImQKFAoSCTd39r50ReSJEQRLbIypVmNIEhQKEgk3d_a-dEXkiREES2yMqVZjSBoUChIJpbXlhnVF5IkRGsIzsdekb7MaFAoSCeVqSDILReSJEem1Phldyo7CIgoNM1jtGBX2X23V	41.8207795	-71.4252298	41.8207795	-71.4252298	Med	1.6435328031631227	NA
2027	2016-02-09	354023	12:04:00	Pedestrian	1	NA	FALSE	FALSE	1	WASHINGTON ST	EMPIRE ST	2016-02-09	Two-Way , Not Divided	Wet	Daylight	Cloudy	Other	No	Traffic Control Signal	4	1	Complains Of Pain	NA	41.81989	-71.41935	FALSE	FALSE	Washington Street and Empire Street, Providence, RI, USA	FALSE	-71.4157797	41.821349	route	geometric_center	empire st, providence, ri 02903, usa	Washington Street & Empire Street, Providence, RI, USA	EjZXYXNoaW5ndG9uIFN0cmVldCAmIEVtcGlyZSBTdHJlZXQsIFByb3ZpZGVuY2UsIFJJLCBVU0EiZiJkChQKEgmNpp3sEkXkiRHnvAEsqcaDvRIUChIJjaad7BJF5IkR57wBLKnGg70aFAoSCanazZwSReSJERoH0JajEjT2GhQKEgnHPO_pEkXkiRGhxI4iuiomFSIKDWmC7RgVI7hu1Q	41.82186009999999	-71.4164189	41.82186009999999	-71.4164189	Med	327.45136721308506	Geocoded
2028	2016-02-09	354151	17:45:00	Pedestrian	1	NA	FALSE	FALSE	1	Summer Street	NA	2016-02-09	Two-Way , Not Divided	Slush	Dark - Lighted	Clear	Not a Collision Between Two Motor Vehicles in Transport	No	Stop Signs	3	1	Complains Of Pain	NA	41.81435	-71.41686	FALSE	TRUE	Summer Street, Providence, RI, USA	FALSE	-71.4182986	41.8153336	route	geometric_center	summer st, providence, ri 02903, usa	NA	NA	NA	NA	41.8153336	-71.4182986	Inaccurate	161.9714865935641	Raw
2029	2016-02-07	365259	20:41:00	Pedestrian	1	NA	FALSE	FALSE	1	CHARLES ST	BRANCH AVE	2016-03-12	Two-Way , Not Divided	Dry	Daylight	Clear	Not a Collision Between Two Motor Vehicles in Transport	No	No Controls	2	1	Complains Of Pain	NA	41.84933	-71.41983	FALSE	FALSE	Charles Street and Branch Ave, Providence, RI, USA	FALSE	-71.4128343	41.8239891	locality	approximate	providence, ri, usa	Charles Street & Branch Ave, Providence, RI, USA	EjBDaGFybGVzIFN0cmVldCAmIEJyYW5jaCBBdmUsIFByb3ZpZGVuY2UsIFJJLCBVU0EiZiJkChQKEgmX1pBx8ETkiRFt3W_DezHjNhIUChIJl9aQcfBE5IkRbd1vw3sx4zYaFAoSCXULzmzxROSJEctkyy41Vf0yGhQKEgnptPOF-UTkiRG6fR7eUkO2qCIKDYfZ8RgVmixu1Q	41.8503047	-71.419991	41.8503047	-71.419991	Med	109.32134454036034	Raw
2030	2016-02-05	352949	08:47:00	Pedestrian	1	NA	FALSE	FALSE	1	ATWELLS AVE	ACADEMY AVE	2016-02-05	Two-Way, Divided, Unprotected (painted>4feet) Medium	Snow	Daylight	Snow	Not a Collision Between Two Motor Vehicles in Transport	Yes, M/V and Driver Left Scene	Traffic Control Signal	1	1	Complains Of Pain	NA	41.82478	-71.44343	FALSE	FALSE	Atwells Ave and Academy Ave, Providence, RI, USA	FALSE	-71.4435191	41.8247997	intersection	geometric_center	atwells ave & academy ave, providence, ri 02909, usa	NA	NA	NA	NA	41.8247997	-71.4435191	Med High	7.709665777360105	NA
2031	2016-02-04	353132	17:42:00	Bicycle	NA	1	FALSE	FALSE	1	Hope St	George St	2016-02-05	Two-Way , Not Divided	Dry	Dark - Lighted	Clear	Not a Collision Between Two Motor Vehicles in Transport	No	Stop Signs	3	0	No Injury	NA	41.82583	-71.39727	FALSE	FALSE	Hope Street and George Street, Providence, RI, USA	FALSE	-71.3972697	41.8257801	intersection	geometric_center	hope st & george st, providence, ri 02906, usa	NA	NA	NA	NA	41.8257801	-71.3972697	Med High	5.554898334917321	NA
2032	2016-02-03	352373	16:30:00	Pedestrian	1	NA	FALSE	FALSE	1	WEYBOSSET ST	SNOW ST	2016-02-03	Two-Way , Not Divided	Wet	Dark - Lighted	Rain	Not a Collision Between Two Motor Vehicles in Transport	No	No Controls	3	1	Incapacitating	NA	41.8207	-71.41326	FALSE	FALSE	Weybosset Street and Snow Street, Providence, RI, USA	FALSE	-71.41327210000001	41.8207059	intersection	geometric_center	weybosset st & snow st, providence, ri 02903, usa	NA	NA	NA	NA	41.8207059	-71.41327210000001	Med High	1.1995805477159764	NA
2033	2016-02-03	352487	17:53:00	Pedestrian	1	NA	FALSE	FALSE	1	41 Fricker st	CRANSTON ST	2016-02-03	Two-Way , Not Divided	Wet	Dark - Not Lighted	Rain	Not a Collision Between Two Motor Vehicles in Transport	No	No Controls	5	1	Complains Of Pain	NA	41.81705	-71.42217	TRUE	FALSE	41 Fricker Street, Providence, RI, USA	FALSE	-71.4221908	41.8162533	premise	rooftop	41 fricker st, providence, ri 02903, usa	NA	NA	NA	NA	41.8162533	-71.4221908	High	88.7050253323738	NA
2034	2016-02-03	352529	20:05:00	Pedestrian	1	NA	FALSE	FALSE	1	96 Waterman St	NA	2016-02-03	One-Way Trafficway	Wet	Dark - Lighted	Rain	Not a Collision Between Two Motor Vehicles in Transport	No	Traffic Control Signal	2	1	Complains Of Pain	NA	41.82712	-71.40222	TRUE	TRUE	96 Waterman Street, Providence, RI, USA	FALSE	-71.4012939	41.8274141	premise	rooftop	lippitt house, 96 waterman st, providence, ri 02906, usa	NA	NA	NA	NA	41.8274141	-71.4012939	High	83.50602244766617	NA
2035	2016-02-02	352004	13:19:00	Pedestrian	1	NA	FALSE	FALSE	1	WEEDEN ST	ATWELLS AVE	2016-02-02	Two-Way , Not Divided	Dry	Daylight	Clear	Not a Collision Between Two Motor Vehicles in Transport	No	No Controls	6	1	Complains Of Pain	2	41.8234	-71.4244	FALSE	FALSE	Weeden Street and Atwells Ave, Providence, RI, USA	FALSE	-71.424769	41.8234469	intersection	geometric_center	weeden st & atwells ave, providence, ri 02903, usa	NA	NA	NA	NA	41.8234469	-71.424769	Med High	31.05268123580074	NA
2036	2016-02-01	351862	13:10:00	Pedestrian	1	NA	FALSE	FALSE	1	CHARLES ST	SILVER SPRING ST	2016-02-01	Two-Way , Not Divided	Dry	Daylight	Clear	Not a Collision Between Two Motor Vehicles in Transport	No	No Controls	2	1	Complains Of Pain	2	41.84417	-71.4185	FALSE	FALSE	Charles Street and Silver Spring Street, Providence, RI, USA	FALSE	-71.4133985	41.8503204	route	geometric_center	silver spring st, providence, ri 02904, usa	Charles Street & Silver Spring Street, Providence, RI, USA	EjpDaGFybGVzIFN0cmVldCAmIFNpbHZlciBTcHJpbmcgU3RyZWV0LCBQcm92aWRlbmNlLCBSSSwgVVNBImYiZAoUChIJFfXAV_tE5IkRP4ytnluqee8SFAoSCRX1wFf7ROSJET-MrZ5bqnnvGhQKEgl1C85s8UTkiRHLZMsuNVX9MhoUChIJSxpABO9E5IkR1uYrcFRSDI0iCg09A_EYFchebtU	41.8448189	-71.41870639999999	41.8448189	-71.41870639999999	Med	74.23542478477378	NA
2037	2016-01-31	351677	14:46:00	Pedestrian	1	NA	FALSE	FALSE	1	37 EXCHANGE TERR	NA	2016-01-31	Two-Way , Not Divided	Dry	Daylight	Clear	Not a Collision Between Two Motor Vehicles in Transport	No	No Controls	2	1	Complains Of Pain	3	41.82534	-71.41381	TRUE	TRUE	37 Exchange Terr, Providence, RI, USA	FALSE	-71.4118013	41.8260652	street_address	range_interpolated	37 exchange terrace, providence, ri 02903, usa	NA	NA	NA	NA	41.8260652	-71.4118013	High	185.15331865138637	Raw
2038	2016-01-29	351132	16:21:00	Pedestrian	1	NA	FALSE	FALSE	1	CRIMEA ST	DOUGLAS AVE	2016-01-29	Two-Way , Not Divided	Dry	Daylight	Clear	Not a Collision Between Two Motor Vehicles in Transport	No	Stop Signs	3	1	Complains Of Pain	NA	41.83697	-71.42185	FALSE	FALSE	Crimea Street and Douglas Ave, Providence, RI, USA	FALSE	-71.4218578	41.8370051	intersection	geometric_center	crimea st & douglas ave, providence, ri 02908, usa	NA	NA	NA	NA	41.8370051	-71.4218578	Med High	3.9605057054799415	NA
2039	2016-01-28	350774	09:04:00	Pedestrian	1	NA	FALSE	FALSE	1	BROAD ST	FENNER ST	2016-01-28	Two-Way, Divided, Unprotected (painted>4feet) Medium	Dry	Daylight	Clear	Not a Collision Between Two Motor Vehicles in Transport	Yes, M/V and Driver Left Scene	Traffic Control Signal	4	1	Complains Of Pain	NA	41.81834	-71.4159	FALSE	FALSE	Broad Street and Fenner Street, Providence, RI, USA	FALSE	-71.4162027	41.8185258	route	geometric_center	fenner st, providence, ri 02903, usa	Broad Street & Fenner Street, Providence, RI, USA	EjFCcm9hZCBTdHJlZXQgJiBGZW5uZXIgU3RyZWV0LCBQcm92aWRlbmNlLCBSSSwgVVNBImYiZAoUChIJXW-QD21F5IkRj2j7Ylz7zgMSFAoSCV1vkA9tReSJEY9o-2Jc-84DGhQKEgmD3n3VjE_kiREsosqTmEsIoxoUChIJi2QME21F5IkRIBJK4OPOUY8iCg1n-ewYFcXMbtU	41.81835270000001	-71.41589069999999	41.81835270000001	-71.41589069999999	Med	1.6105893492180057	NA
2040	2016-01-26	350197	16:13:00	Pedestrian	1	NA	FALSE	FALSE	1	MEDWAY ST	WAYLAND AVE	2016-01-26	Two-Way , Not Divided	Wet	Daylight	Clear	Not a Collision Between Two Motor Vehicles in Transport	No	Pavement Markings	4	1	Complains Of Pain	NA	41.82931	-71.38819	FALSE	FALSE	Medway Street and Wayland Ave, Providence, RI, USA	FALSE	-71.3881737	41.8293336	intersection	geometric_center	wayland ave & medway st, providence, ri 02906, usa	NA	NA	NA	NA	41.8293336	-71.3881737	Med High	2.954642334747252	NA
2041	2016-01-26	350265	17:52:00	Pedestrian	1	NA	FALSE	FALSE	1	RIVER AVE	DOUGLAS AVE	2016-01-26	Two-Way , Not Divided	Wet	Dark - Lighted	Clear	Not a Collision Between Two Motor Vehicles in Transport	Yes, M/V and Driver Left Scene	No Controls	1	0	No Injury	NA	41.85274	-71.43716	FALSE	FALSE	River Ave and Douglas Ave, Providence, RI, USA	FALSE	-71.4371491	41.8527663	intersection	geometric_center	river ave & douglas ave, providence, ri 02904, usa	NA	NA	NA	NA	41.8527663	-71.4371491	Med High	3.064033529846626	NA
2042	2016-01-25	349949	09:53:00	Bicycle	NA	1	FALSE	FALSE	1	N DAVIS ST	CHALKSTONE AVE	2016-01-25	Two-Way , Not Divided	Wet	Daylight	Clear	Not a Collision Between Two Motor Vehicles in Transport	No	No Controls	2	1	Complains Of Pain	NA	41.83548	-71.41712	FALSE	FALSE	N Davis Street and Chalkstone Ave, Providence, RI, USA	FALSE	-71.4171643	41.836533	intersection	geometric_center	n davis st & chalkstone ave, providence, ri 02908, usa	NA	NA	NA	NA	41.836533	-71.4171643	Med High	117.27699333072957	Raw
2043	2016-01-25	349955	11:51:00	Pedestrian	2	NA	FALSE	FALSE	1	RIVER AVE	VALLEY ST	2016-01-25	Two-Way, Divided, Unprotected (painted>4feet) Medium	Wet	Daylight	Clear	Not a Collision Between Two Motor Vehicles in Transport	No	Traffic Control Signal	4	2	Complains Of Pain	NA	41.82798	-71.43517	FALSE	FALSE	River Ave and Valley Street, Providence, RI, USA	FALSE	-71.435152	41.827984	intersection	geometric_center	valley st & river ave, providence, ri 02908, usa	NA	NA	NA	NA	41.827984	-71.435152	Med High	1.5580780742259206	NA
2044	2016-01-20	348938	12:58:00	Bicycle	NA	1	FALSE	FALSE	1	Chad Brown St	CAMDEN AVE	2016-01-20	Two-Way , Not Divided	Dry	Daylight	Clear	Not a Collision Between Two Motor Vehicles in Transport	No	Pavement Markings	6	1	Complains Of Pain	2	41.83925	-71.42583	FALSE	FALSE	Chad Brown Street and Camden Ave, Providence, RI, USA	FALSE	-71.4267069	41.8388846	intersection	geometric_center	chad brown st & camden ave, providence, ri 02908, usa	NA	NA	NA	NA	41.8388846	-71.4267069	Med High	83.3284276009263	NA
2045	2016-01-20	348976	15:03:00	Pedestrian	1	NA	FALSE	FALSE	1	LINDEN AVE	ELMWOOD AVE	2016-01-20	Unknown	Dry	Daylight	Clear	Other	No	No Controls	3	1	Incapacitating	NA	41.78618	-71.41931	FALSE	FALSE	Linden Ave and Elmwood Ave, Providence, RI, USA	FALSE	-71.419558	41.786122	intersection	geometric_center	elmwood ave & linden ave, providence, ri 02907, usa	NA	NA	NA	NA	41.786122	-71.419558	Med High	21.573782144848998	NA
2046	2016-01-19	348154	07:56:00	Pedestrian	1	NA	FALSE	FALSE	1	DOUGLAS AVE	FILMORE ST	2016-01-19	Two-Way, Divided, Unprotected (painted>4feet) Medium	Dry	Daylight	Clear	Not a Collision Between Two Motor Vehicles in Transport	No	Person	4	2	Complains Of Pain	NA	41.83718	-71.42232	FALSE	FALSE	Douglas Ave and Filmore Street, Providence, RI, USA	FALSE	-71.42231100000001	41.8371944	intersection	geometric_center	fillmore st & douglas ave, providence, ri 02908, usa	NA	NA	NA	NA	41.8371944	-71.42231100000001	Med High	1.7682716320100214	NA
2047	2016-01-14	346855	17:11:00	Bicycle	NA	2	FALSE	FALSE	1	BROADWAY	HARRIS AVE	2016-01-14	Two-Way , Not Divided	Dry	Daylight	Clear	Not a Collision Between Two Motor Vehicles in Transport	No	No Controls	3	2	Complains Of Pain	NA	41.81705	-71.44029	FALSE	FALSE	Broadway and Harris Ave, Providence, RI, USA	FALSE	-71.4312409	41.825502	route	geometric_center	harris ave, providence, ri, usa	Broadway & Harris Ave, Providence, RI, USA	EipCcm9hZHdheSAmIEhhcnJpcyBBdmUsIFByb3ZpZGVuY2UsIFJJLCBVU0EiZiJkChQKEgkLmF_1mkXkiRHm61hV9ZuL8RIUChIJC5hf9ZpF5IkR5utYVfWbi_EaFAoSCaW15YZ1ReSJERrCM7HXpG-zGhQKEglzHMMQmUXkiRHVQp50Ku4GJCIKDTbI7BgVHRZr1Q	41.8170934	-71.44022749999999	41.8170934	-71.44022749999999	Med	7.087163121208949	NA
2048	2016-01-12	346156	17:47:00	Pedestrian	1	NA	FALSE	FALSE	1	Elmwood Avenue	PRINCETON AVE	2016-01-12	Two-Way , Not Divided	Wet	Dark - Lighted	Rain	Not a Collision Between Two Motor Vehicles in Transport	No	No Controls	4	1	Complains Of Pain	NA	41.80547	-71.4252	FALSE	FALSE	Elmwood Avenue and Princeton Ave, Providence, RI, USA	FALSE	-71.4252446	41.8053667	intersection	geometric_center	princeton ave & elmwood ave, providence, ri 02907, usa	NA	NA	NA	NA	41.8053667	-71.4252446	Med High	12.080164145138525	NA
2049	2016-01-12	346298	18:00:00	Pedestrian	1	NA	FALSE	TRUE	1	Kennedy Plz.	Dorrance St.	2016-01-12	Two-Way , Not Divided	Wet	Dark - Lighted	Rain	Not a Collision Between Two Motor Vehicles in Transport	Yes, M/V and Driver Left Scene	No Controls	3	1	Non-Incapacitating	NA	41.82426	-71.41219	FALSE	FALSE	Kennedy Plz. and Dorrance St., Providence, RI, USA	FALSE	-71.4123255	41.8241358	intersection	geometric_center	kennedy plaza & dorrance st, providence, ri 02903, usa	NA	NA	NA	NA	41.8241358	-71.4123255	Med High	17.818546701975574	NA
2050	2016-01-11	345710	08:47:00	Pedestrian	1	NA	FALSE	FALSE	1	MOUNT PLEASANT AVE	CHALKSTONE AVE	2016-01-11	Two-Way, Divided, Unprotected (painted>4feet) Medium	Dry	Daylight	Clear	Not a Collision Between Two Motor Vehicles in Transport	No	Traffic Control Signal	3	1	Non-Incapacitating	NA	41.8327	-71.44975	FALSE	FALSE	Mount Pleasant Ave and Chalkstone Ave, Providence, RI, USA	FALSE	-71.4497544	41.83271	intersection	geometric_center	mt pleasant ave & chalkstone ave, providence, ri 02908, usa	NA	NA	NA	NA	41.83271	-71.4497544	Med High	1.1714917341705662	NA
2051	2016-01-11	345868	15:40:00	Pedestrian	1	NA	FALSE	FALSE	1	CRANSTON ST	DEXTER ST	2016-01-11	Two-Way, Divided, Unprotected (painted>4feet) Medium	Dry	Daylight	Clear	Not a Collision Between Two Motor Vehicles in Transport	No	Traffic Control Signal	3	1	Non-Incapacitating	NA	41.8126	-71.42959	FALSE	FALSE	Cranston Street and Dexter Street, Providence, RI, USA	FALSE	-71.429588	41.81260289999999	intersection	geometric_center	cranston st & dexter st, providence, ri 02907, usa	NA	NA	NA	NA	41.81260289999999	-71.429588	Med High	0.36297774024425583	NA
2052	2016-01-08	345161	16:23:00	Bicycle	NA	1	FALSE	FALSE	1	PARK ROW WEST	EXCHANGE ST	2016-01-08	Two-Way , Not Divided	Dry	Dark - Lighted	Clear	Not a Collision Between Two Motor Vehicles in Transport	No	Stop Signs	5	0	No Injury	NA	41.82834	-71.41319	FALSE	FALSE	Park Row West and Exchange Street, Providence, RI, USA	FALSE	-71.4131842	41.8283464	intersection	geometric_center	park row w & exchange st, providence, ri 02903, usa	NA	NA	NA	NA	41.8283464	-71.4131842	Med High	0.8596745908320932	NA
2053	2016-01-07	344923	15:30:00	Bicycle	NA	1	FALSE	FALSE	1	WAYLAND AVE	S ANGELL ST	2016-01-07	Two-Way, Divided, Unprotected (painted>4feet) Medium	Dry	Daylight	Clear	Not a Collision Between Two Motor Vehicles in Transport	No	Other	3	1	Complains Of Pain	NA	41.82969	-71.38806	FALSE	FALSE	Wayland Ave and S Angell Street, Providence, RI, USA	FALSE	-71.38795379999999	41.8300494	intersection	geometric_center	wayland ave & s angell st, providence, ri 02906, usa	NA	NA	NA	NA	41.8300494	-71.38795379999999	Med High	40.96653067521147	NA
2054	2016-01-06	515066	19:31:00	Pedestrian	1	NA	FALSE	FALSE	1	Exchange St	Memorial Blvd	2017-01-07	Two-Way , Not Divided	Dry	Dark - Not Lighted	Clear	Not a Collision Between Two Motor Vehicles in Transport	No	Pavement Markings	2	1	Complains Of Pain	NA	41.82696	-71.41217	FALSE	FALSE	Exchange Street and Memorial Blvd, Providence, RI, USA	FALSE	-71.4121426	41.8269244	intersection	geometric_center	memorial blvd & exchange st, providence, ri 02903, usa	NA	NA	NA	NA	41.8269244	-71.4121426	Med High	4.568485120329595	NA
2055	2016-01-03	343774	11:16:00	Pedestrian	1	NA	FALSE	FALSE	1	473 CHARLES ST	LORETO ST	2016-01-03	Two-Way , Not Divided	Dry	Daylight	Clear	Not a Collision Between Two Motor Vehicles in Transport	No	No Controls	4	1	Complains Of Pain	NA	41.84816	-71.41965	TRUE	FALSE	473 Charles Street, Providence, RI, USA	FALSE	-71.4194967	41.8481455	street_address	rooftop	473 charles st, providence, ri 02904, usa	NA	NA	NA	NA	41.8481455	-71.4194967	High	12.81425880856702	NA
2056	2016-01-02	343651	12:31:00	Pedestrian	2	NA	FALSE	FALSE	1	BUTLER AVE	MEDWAY ST	2016-01-02	Two-Way , Not Divided	Dry	Daylight	Clear	Not a Collision Between Two Motor Vehicles in Transport	No	Stop Signs	4	2	Complains Of Pain	NA	41.82876	-71.38528	FALSE	FALSE	Butler Ave and Medway Street, Providence, RI, USA	FALSE	-71.3852804	41.8287884	intersection	geometric_center	butler ave & medway st, providence, ri 02906, usa	NA	NA	NA	NA	41.8287884	-71.3852804	Med High	3.1616476422773916	NA
2057	2016-01-01	343476	04:15:00	Pedestrian	1	NA	FALSE	FALSE	1	104 Knight Street	PENN ST	2016-01-01	One-Way Trafficway	Dry	Dark - Lighted	Clear	Not a Collision Between Two Motor Vehicles in Transport	Yes, M/V and Driver Left Scene	Stop Signs	2	1	Complains Of Pain	NA	41.82166	-71.43101	TRUE	FALSE	104 Knight Street, Providence, RI, USA	FALSE	-71.4308258	41.8217144	premise	rooftop	104 knight st, providence, ri 02909, usa	NA	NA	NA	NA	41.8217144	-71.4308258	High	16.43705584006275	NA
2058	2015-12-30	343199	16:20:00	Pedestrian	1	NA	FALSE	FALSE	1	Waterman St	Butler Ave	2015-12-30	One-Way Trafficway	Dry	Dusk	Cloudy	Not a Collision Between Two Motor Vehicles in Transport	No	Traffic Control Signal	8	1	Incapacitating	2	41.82807	-71.38545	FALSE	FALSE	Waterman Street and Butler Ave, Providence, RI, USA	FALSE	-71.3855111	41.8280967	intersection	geometric_center	butler ave & waterman st, providence, ri 02906, usa	NA	NA	NA	NA	41.8280967	-71.3855111	Med High	5.875460176134653	NA
2059	2015-12-28	342727	17:17:00	Pedestrian	1	NA	FALSE	FALSE	1	Manton Ave	Sheridan Street	2015-12-28	Two-Way, Divided, Unprotected (painted>4feet) Medium	Dry	Dark - Lighted	Cloudy	Other	No	No Controls	2	1	Complains Of Pain	NA	41.82364	-71.4515	FALSE	FALSE	Manton Ave and Sheridan Street, Providence, RI, USA	FALSE	-71.45149669999999	41.8236497	intersection	geometric_center	sheridan st & manton ave, providence, ri 02909, usa	NA	NA	NA	NA	41.8236497	-71.45149669999999	Med High	1.113959866942298	NA
2060	2015-12-26	342379	22:14:00	Pedestrian	1	NA	FALSE	FALSE	1	WASHINGTON ST	SNOW ST	2015-12-26	Two-Way, Divided, Unprotected (painted>4feet) Medium	Dry	Dark - Lighted	Clear	Not a Collision Between Two Motor Vehicles in Transport	No	No Controls	2	1	Complains Of Pain	NA	41.82254	-71.41547	FALSE	FALSE	Washington Street and Snow Street, Providence, RI, USA	FALSE	-71.4154294	41.8225898	intersection	geometric_center	snow st & washington st, providence, ri 02903, usa	NA	NA	NA	NA	41.8225898	-71.4154294	Med High	6.486636786727071	NA
2061	2015-12-24	341841	00:03:00	Pedestrian	1	NA	FALSE	FALSE	1	WASHINGTON ST	SERVICE ROAD 7	2015-12-24	Two-Way , Not Divided	Wet	Dark - Lighted	Rain	Not a Collision Between Two Motor Vehicles in Transport	No	Traffic Control Signal	2	1	Complains Of Pain	NA	41.81964	-71.41979	FALSE	FALSE	Washington Street and Service Road 7, Providence, RI, USA	FALSE	-71.4200451	41.8199608	route	geometric_center	service rd 1, providence, ri, usa	Washington Street & Service Road 7th, Providence, RI, USA	EjlXYXNoaW5ndG9uIFN0cmVldCAmIFNlcnZpY2UgUm9hZCA3dGgsIFByb3ZpZGVuY2UsIFJJLCBVU0EiZiJkChQKEgkze0LqckXkiRHxieB7sk4wfhIUChIJM3tC6nJF5IkR8Ynge7JOMH4aFAoSCanazZwSReSJERoH0JajEjT2GhQKEgkHeHRCdkXkiRHLEV0GTCEFTCIKDcMr7RgVfDRu1Q	41.8196419	-71.4197892	41.8196419	-71.4197892	Med	0.2216754307239505	NA
2062	2015-12-24	341940	17:09:00	Pedestrian	1	NA	FALSE	FALSE	1	387 Charles St	SILVER SPRING ST	2015-12-24	Unknown	Wet	Dark - Lighted	Rain	Not a Collision Between Two Motor Vehicles in Transport	No	No Controls	2	1	Complains Of Pain	NA	41.84402	-71.41846	TRUE	FALSE	387 Charles Street, Providence, RI, USA	FALSE	-71.417562	41.843616	street_address	rooftop	387 charles st, providence, ri 02904, usa	NA	NA	NA	NA	41.843616	-71.417562	High	86.99670376590757	NA
2063	2015-12-24	341951	18:46:00	Bicycle	NA	1	FALSE	FALSE	1	PROMENADE ST	PARK ST	2015-12-24	Two-Way , Not Divided	Wet	Dark - Lighted	Clear	Not a Collision Between Two Motor Vehicles in Transport	Yes, M/V and Driver Left Scene	Traffic Control Signal	2	1	Complains Of Pain	NA	41.82761	-71.41674	FALSE	FALSE	Promenade Street and Park Street, Providence, RI, USA	FALSE	-71.4176635	41.82785399999999	intersection	geometric_center	promenade st & park st, providence, ri 02908, usa	NA	NA	NA	NA	41.82785399999999	-71.4176635	Med High	81.27734382271892	NA
2064	2015-12-23	341673	13:00:00	Pedestrian	1	NA	FALSE	FALSE	1	40 Point Street	EDDY ST	2015-12-23	Two-Way, Divided, Positive Median Barrier	Dry	Daylight	Cloudy	Not a Collision Between Two Motor Vehicles in Transport	No	No Controls	3	1	Complains Of Pain	NA	41.81713	-71.40589	TRUE	FALSE	40 Point Street, Providence, RI, USA	FALSE	-71.4056078	41.81687489999999	premise	rooftop	40 point st, providence, ri 02903, usa	NA	NA	NA	NA	41.81687489999999	-71.4056078	High	36.804429294138004	NA