row_number	crash_date	crash_report_id	crash_time	collision_type	count_pedestrian	count_bicycle	scooter	wheel_chair	number_of_vehicles	street_or_highway	nearest_intersection	report_date	type_of_roadway	road_surface_condition	light_condition	weather_condition	manner_of_impact	hit_and_run	traffic_control	person_count	injury_count	most_serious_injury	number_of_lanes	lat_raw	lon_raw	has_st_number	is_intersection_null	address_sent_to_geocoder	is_address_blank	lon_api_first_try	lat_api_first_try	type	loctype	address_returned_by_geocoder	address_returned_by_autocomplete	place_ids_autocompleted	lat_api_second_try	lon_api_second_try	lat_api_best	lon_api_best	api_coord_conf	distance_btwn_coords_meters	best_coordinate_set
2154	2015-09-30	317024	07:57:00	Pedestrian	1	NA	FALSE	FALSE	1	KEENE ST	HOPE ST	2015-09-30	Two-Way , Not Divided	Wet	Daylight	Rain	Angle (Front - to - Side) Right Angle (Includes Broadside)	No	No Controls	2	1	Complains Of Pain	NA	41.83225	-71.40036	FALSE	FALSE	Keene Street and Hope Street, Providence, RI, USA	FALSE	-71.40035569999999	41.8322704	intersection	geometric_center	hope st & keene st, providence, ri 02906, usa	NA	NA	NA	NA	41.8322704	-71.40035569999999	Med High	2.2987547183206503	NA
2155	2015-09-29	316770	12:33:00	Pedestrian	1	NA	FALSE	FALSE	1	69 EMPIRE STREET	WESTMINISTER STREET	2015-09-29	Two-Way , Not Divided	Dry	Daylight	Clear	Other	No	No Controls	2	1	Complains Of Pain	2	41.83349	-71.41682	TRUE	FALSE	69 Empire Street, Providence, RI, USA	FALSE	-71.4153255	41.821258	premise	rooftop	69 empire st, providence, ri 02903, usa	NA	NA	NA	NA	41.821258	-71.4153255	High	1367.2916467701589	Geocoded
2156	2015-09-29	316908	17:53:00	Bicycle	NA	1	FALSE	FALSE	1	CHARLES ST	ORMS ST	2015-09-29	Two-Way , Not Divided	Dry	Daylight	Clear	Not a Collision Between Two Motor Vehicles in Transport	No	No Controls	2	0	No Injury	NA	41.83499	-71.41149	FALSE	FALSE	Charles Street and Orms Street, Providence, RI, USA	FALSE	-71.4191013	41.8342191	route	geometric_center	orms st, providence, ri, usa	Charles Street & Orms Street, Providence, RI, USA	EjFDaGFybGVzIFN0cmVldCAmIE9ybXMgU3RyZWV0LCBQcm92aWRlbmNlLCBSSSwgVVNBImYiZAoUChIJR0heox5F5IkRzWV7LgBG0RESFAoSCUdIXqMeReSJEc1ley4ARtERGhQKEgl1C85s8UTkiRHLZMsuNVX9MhoUChIJJ2knvwRF5IkRzK6GSUqZqcEiCg1Dfu8YFb58b9U	41.8348611	-71.41138579999999	41.8348611	-71.41138579999999	Med	16.750752844371224	NA
2157	2015-09-26	316285	22:33:00	Pedestrian	1	NA	FALSE	FALSE	1	Broad St	Parkview Ave	2015-09-27	Two-Way , Not Divided	Dry	Dark - Lighted	Clear	Not a Collision Between Two Motor Vehicles in Transport	No	No Controls	2	1	Complains Of Pain	NA	41.79193	-71.40688	FALSE	FALSE	Broad Street and Parkview Ave, Providence, RI, USA	FALSE	-71.4064512	41.7922861	route	geometric_center	parkview ave, providence, ri 02905, usa	Broad Street & Parkview Ave, Providence, RI, USA	EjBCcm9hZCBTdHJlZXQgJiBQYXJrdmlldyBBdmUsIFByb3ZpZGVuY2UsIFJJLCBVU0EiZiJkChQKEgn5Pe4mjU_kiREOcWRKM1HarBIUChIJ-T3uJo1P5IkRDnFkSjNR2qwaFAoSCYPefdWMT-SJESyiypOYSwijGhQKEglHcpDVjE_kiRGg8zGNI8_ChyIKDa766BgV4SFw1Q	41.792171	-71.40715829999999	41.792171	-71.40715829999999	Med	35.40131469362198	NA
2158	2015-09-25	315598	07:59:00	Bicycle	NA	1	FALSE	FALSE	1	DEXTER ST	POTTERS AVE	2015-09-25	Two-Way, Divided, Unprotected (painted>4feet) Medium	Dry	Daylight	Clear	Other	No	No Controls	2	1	Incapacitating	NA	41.80249	-71.43059	FALSE	FALSE	Dexter Street and Potters Ave, Providence, RI, USA	FALSE	-71.4305866	41.8024973	intersection	geometric_center	potters ave & dexter st, providence, ri 02907, usa	NA	NA	NA	NA	41.8024973	-71.4305866	Med High	0.8602180102863454	NA
2159	2015-09-25	315705	15:42:00	Pedestrian	1	NA	FALSE	FALSE	1	S WATER ST	BRIDGE ST	2015-09-25	Two-Way , Not Divided	Dry	Daylight	Clear	Not a Collision Between Two Motor Vehicles in Transport	Yes, M/V and Driver Left Scene	No Controls	7	1	Complains Of Pain	2	41.81863	-71.40169	FALSE	FALSE	S Water Street and Bridge Street, Providence, RI, USA	FALSE	-71.4039536	41.8202174	route	geometric_center	s water st, providence, ri 02903, usa	NA	NA	NA	NA	41.8202174	-71.4039536	Med	257.85861817518906	Raw
2160	2015-09-25	315774	19:10:00	Pedestrian	1	NA	FALSE	FALSE	1	CORINTH ST	SAVINGS ST	2015-09-25	Two-Way , Not Divided	Dry	Dark - Lighted	Clear	Not a Collision Between Two Motor Vehicles in Transport	No	No Controls	2	1	Complains Of Pain	NA	41.79398	-71.41219	FALSE	FALSE	Corinth Street and Savings Street, Providence, RI, USA	FALSE	-71.4125522	41.7938169	intersection	geometric_center	corinth st & savings st, providence, ri 02907, usa	NA	NA	NA	NA	41.7938169	-71.4125522	Med High	35.11801840777224	NA
2161	2015-09-24	315548	19:04:00	Bicycle	NA	1	FALSE	FALSE	1	SPRAGUE ST	DEXTER ST	2015-09-24	Two-Way , Not Divided	Dry	Dark - Lighted	Clear	Not a Collision Between Two Motor Vehicles in Transport	No	Stop Signs	2	1	Complains Of Pain	2	41.80974	-71.42832	FALSE	FALSE	Sprague Street and Dexter Street, Providence, RI, USA	FALSE	-71.428322	41.809742	intersection	geometric_center	sprague st & dexter st, providence, ri 02907, usa	NA	NA	NA	NA	41.809742	-71.428322	Med High	0.2776804850430325	NA
2162	2015-09-22	319683	12:05:00	Pedestrian	1	NA	FALSE	FALSE	1	CRANSTON ST	DEXTER ST	2015-10-11	Two-Way , Not Divided	Dry	Daylight	Clear	Not a Collision Between Two Motor Vehicles in Transport	Yes, M/V and Driver Left Scene	No Controls	1	0	No Injury	NA	41.8126	-71.42959	FALSE	FALSE	Cranston Street and Dexter Street, Providence, RI, USA	FALSE	-71.429588	41.81260289999999	intersection	geometric_center	cranston st & dexter st, providence, ri 02907, usa	NA	NA	NA	NA	41.81260289999999	-71.429588	Med High	0.36297774024425583	NA
2163	2015-09-19	314132	18:17:00	Bicycle	NA	1	FALSE	FALSE	1	WESTMINSTER ST	DEXTER ST	2015-09-19	Two-Way , Not Divided	Dry	Daylight	Clear	Not a Collision Between Two Motor Vehicles in Transport	No	No Controls	2	1	Complains Of Pain	2	41.81661	-71.43111	FALSE	FALSE	Westminster Street and Dexter Street, Providence, RI, USA	FALSE	-71.4313462	41.8166033	intersection	geometric_center	dexter st & westminster st, providence, ri 02909, usa	NA	NA	NA	NA	41.8166033	-71.4313462	Med High	19.610403174397167	NA
2164	2015-09-19	314627	17:10:00	Pedestrian	1	NA	FALSE	FALSE	1	PLYMOUTH ST	POTTERS AVE	2015-09-22	Two-Way , Not Divided	Dry	Daylight	Clear	Angle (Front - to - Side) Opposite Direction	Yes, M/V and Driver Left Scene	No Controls	1	1	Complains Of Pain	2	41.80271	-71.43123	FALSE	FALSE	Plymouth Street and Potters Ave, Providence, RI, USA	FALSE	-71.4312434	41.8027284	intersection	geometric_center	plymouth st & potters ave, providence, ri 02907, usa	NA	NA	NA	NA	41.8027284	-71.4312434	Med High	2.33064631409912	NA
2165	2015-09-18	313849	15:30:00	Bicycle	NA	1	FALSE	FALSE	3	Charles St	CHRISTOPHER ST	2015-09-18	Two-Way , Not Divided	Dry	Daylight	Clear	Not a Collision Between Two Motor Vehicles in Transport	No	Stop Signs	5	2	Complains Of Pain	2	41.85861	-71.4216	FALSE	FALSE	Charles Street and Christopher Street, Providence, RI, USA	FALSE	-71.4195466	41.8588375	route	geometric_center	christopher st, providence, ri 02904, usa	Charles Street & Christopher Street, Providence, RI, USA	EjhDaGFybGVzIFN0cmVldCAmIENocmlzdG9waGVyIFN0cmVldCwgUHJvdmlkZW5jZSwgUkksIFVTQSJmImQKFAoSCcGxpyPzROSJEb1gUDp0DGTVEhQKEgnBsacj80TkiRG9YFA6dAxk1RoUChIJdQvObPFE5IkRy2TLLjVV_TIaFAoSCZlAa8jyROSJEd6Keyd8TVdSIgoN2B7zGBVt7m3V	41.8586328	-71.4215827	41.8586328	-71.4215827	Med	2.91534127045957	NA
2166	2015-09-18	313852	17:36:00	Pedestrian	1	NA	FALSE	FALSE	1	99 Kennedy Plaza	ARCADE ST	2015-09-18	Two-Way , Not Divided	Dry	Daylight	Clear	Not a Collision Between Two Motor Vehicles in Transport	No	No Controls	3	1	Complains Of Pain	2	41.82449	-71.41189	TRUE	FALSE	99 Kennedy Plaza, Providence, RI, USA	FALSE	-71.4123453	41.8244292	premise	rooftop	99 kennedy plaza, providence, ri 02903, usa	NA	NA	NA	NA	41.8244292	-71.4123453	High	38.3707457866229	NA
2167	2015-09-17	313497	15:40:00	Bicycle	NA	1	FALSE	FALSE	1	POWER ST	GOVERNOR ST	2015-09-17	Two-Way , Not Divided	Dry	Daylight	Clear	Not a Collision Between Two Motor Vehicles in Transport	No	Stop Signs	3	1	Complains Of Pain	2	41.82353	-71.39414	FALSE	FALSE	Power Street and Governor Street, Providence, RI, USA	FALSE	-71.39414479999999	41.8235124	intersection	geometric_center	power st & governor st, providence, ri 02906, usa	NA	NA	NA	NA	41.8235124	-71.39414479999999	Med High	1.9992767398597806	NA
2168	2015-09-16	313267	17:29:00	Pedestrian	2	NA	FALSE	FALSE	1	Broadway	COURTLAND ST	2015-09-16	Two-Way , Not Divided	Dry	Daylight	Clear	Not a Collision Between Two Motor Vehicles in Transport	No	Pavement Markings	4	1	Complains Of Pain	2	41.81937	-71.43119	FALSE	FALSE	Broadway and Courtland Street, Providence, RI, USA	FALSE	-71.4312276	41.8193752	route	geometric_center	courtland st, providence, ri 02909, usa	Broadway & Courtland Street, Providence, RI, USA	EjBCcm9hZHdheSAmIENvdXJ0bGFuZCBTdHJlZXQsIFByb3ZpZGVuY2UsIFJJLCBVU0EiZiJkChQKEgkfTP4-nkXkiRHaRpD1HdCAZxIUChIJH0z-Pp5F5IkR2kaQ9R3QgGcaFAoSCaW15YZ1ReSJERrCM7HXpG-zGhQKEgmBJD9HnkXkiREEPU6rEi8kayIKDVgh7RgVrHVs1Q	41.8193752	-71.4312276	41.8193752	-71.4312276	Med	3.1725861632863896	NA
2169	2015-09-15	312833	00:32:00	Bicycle	NA	1	FALSE	FALSE	1	TELL ST	KNIGHT ST	2015-09-15	Two-Way , Not Divided	Dry	Dark - Lighted	Clear	Other	No	Stop Signs	3	1	Complains Of Pain	2	41.82215	-71.43137	FALSE	FALSE	Tell Street and Knight Street, Providence, RI, USA	FALSE	-71.4313724	41.8221693	intersection	geometric_center	tell st & knight st, providence, ri 02909, usa	NA	NA	NA	NA	41.8221693	-71.4313724	Med High	2.157671597083045	NA
2170	2015-09-15	312873	08:15:00	Bicycle	NA	1	FALSE	FALSE	1	BUCKLIN STREET	CARTER STREET	2015-09-15	Two-Way , Not Divided	Dry	Daylight	Clear	Other	No	Stop Signs	2	1	Complains Of Pain	2	41.83616	-71.41597	FALSE	FALSE	Bucklin Street and Carter Street, Providence, RI, USA	FALSE	-71.427925	41.8000388	intersection	geometric_center	bucklin st & carter st, providence, ri 02907, usa	NA	NA	NA	NA	41.8000388	-71.427925	Med High	4141.508330006851	Geocoded
2171	2015-09-14	312651	10:02:00	Bicycle	NA	1	FALSE	FALSE	1	Thayer St	WATERMAN ST	2015-09-14	One-Way Trafficway	Dry	Daylight	Clear	Not a Collision Between Two Motor Vehicles in Transport	No	Traffic Control Signal	2	0	No Injury	1	41.82734	-71.40055	FALSE	FALSE	Thayer Street and Waterman Street, Providence, RI, USA	FALSE	-71.4005559	41.8272892	intersection	geometric_center	thayer st & waterman st, providence, ri 02906, usa	NA	NA	NA	NA	41.8272892	-71.4005559	Med High	5.67616830919122	NA
2172	2015-09-13	312047	00:28:00	Pedestrian	1	NA	FALSE	FALSE	1	BRANCH AVE	CHARLES ST	2015-09-13	Two-Way , Not Divided	Wet	Dark - Lighted	Rain	Not a Collision Between Two Motor Vehicles in Transport	Yes, M/V and Driver Left Scene	No Controls	1	1	Complains Of Pain	NA	41.85024	-71.41993	FALSE	FALSE	Branch Ave and Charles Street, Providence, RI, USA	FALSE	-71.419991	41.8503047	intersection	geometric_center	charles st & branch ave, providence, ri 02904, usa	NA	NA	NA	NA	41.8503047	-71.419991	Med High	8.801094596972264	NA
2173	2015-09-12	311904	12:41:00	Pedestrian	1	NA	FALSE	FALSE	1	Manton Avenue	ATWELLS AVE	2015-09-12	Two-Way, Divided, Unprotected (painted>4feet) Medium	Dry	Daylight	Clear	Head-On (Front - to - Front)	No	Traffic Control Signal	3	1	Incapacitating	NA	41.82537	-71.45464	FALSE	FALSE	Manton Avenue and Atwells Ave, Providence, RI, USA	FALSE	-71.4541435	41.8252114	intersection	geometric_center	atwells ave & manton ave, providence, ri 02909, usa	NA	NA	NA	NA	41.8252114	-71.4541435	Med High	44.81092431296439	NA
2174	2015-09-11	311688	13:31:00	Bicycle	NA	1	FALSE	FALSE	1	WESTMINSTER ST	BATTEY ST	2015-09-11	Two-Way, Divided, Unprotected (painted>4feet) Medium	Dry	Daylight	Clear	Angle (Front - to - Side) Same Direction	No	Stop Signs	2	1	Complains Of Pain	2	41.81724	-71.42464	FALSE	FALSE	Westminster Street and Battey Street, Providence, RI, USA	FALSE	-71.4246276	41.8172544	intersection	geometric_center	battey st & westminster st, providence, ri 02903, usa	NA	NA	NA	NA	41.8172544	-71.4246276	Med High	1.9047143323571705	NA
2175	2015-09-11	311838	19:52:00	Pedestrian	1	NA	FALSE	FALSE	1	460 ALLENS AVE	NA	2015-09-11	Two-Way , Not Divided	Dry	Dark - Not Lighted	Clear	Not a Collision Between Two Motor Vehicles in Transport	No	No Controls	7	1	Incapacitating	4	41.80107	-71.40055	TRUE	TRUE	460 Allens Ave, Providence, RI, USA	FALSE	-71.400235	41.80095780000001	premise	rooftop	460 allens ave, providence, ri 02905, usa	NA	NA	NA	NA	41.80095780000001	-71.400235	High	28.970851488214873	NA
2176	2015-09-10	311396	13:29:00	Bicycle	NA	1	FALSE	FALSE	1	SILVER SPRING STREET	NA	2015-09-10	Two-Way , Not Divided	Dry	Daylight	Clear	Other	No	Stop Signs	2	1	Non-Incapacitating	2	41.83396	-71.41663	FALSE	TRUE	Silver Spring Street, Providence, RI, USA	FALSE	-71.4133985	41.8503204	route	geometric_center	silver spring st, providence, ri 02904, usa	NA	NA	NA	NA	41.8503204	-71.4133985	Inaccurate	1840.8432787396869	Geocoded
2177	2015-09-10	311526	20:23:00	Bicycle	NA	1	FALSE	FALSE	2	252 Thayer St	Olive St	2015-09-10	One-Way Trafficway	Wet	Daylight	Clear	Not a Collision Between Two Motor Vehicles in Transport	No	Pavement Markings	3	1	Complains Of Pain	1	41.8287	-71.40073	TRUE	FALSE	252 Thayer Street, Providence, RI, USA	FALSE	-71.4008532	41.8286728	subpremise	rooftop	252 thayer st, providence, ri 02906, usa	NA	NA	NA	NA	41.8286728	-71.4008532	High	10.658432124911629	NA
2178	2015-09-10	313461	12:41:00	Pedestrian	1	NA	FALSE	FALSE	1	WESTMINSTER ST	DEXTER ST	2015-09-17	Two-Way , Not Divided	Dry	Dawn	Clear	Other	No	No Controls	3	1	Complains Of Pain	NA	41.81658	-71.4314	FALSE	FALSE	Westminster Street and Dexter Street, Providence, RI, USA	FALSE	-71.4313462	41.8166033	intersection	geometric_center	dexter st & westminster st, providence, ri 02909, usa	NA	NA	NA	NA	41.8166033	-71.4313462	Med High	5.162389140921001	NA
2179	2015-09-09	311291	18:09:00	Pedestrian	1	NA	FALSE	FALSE	1	342 orms st	ESTEN ST	2015-09-09	Two-Way , Not Divided	Dry	Daylight	Clear	Other	No	No Controls	8	1	Complains Of Pain	NA	41.83353	-71.42355	TRUE	FALSE	342 Orms Street, Providence, RI, USA	FALSE	-71.4235674	41.8333374	street_address	rooftop	342 orms st, providence, ri 02908, usa	NA	NA	NA	NA	41.8333374	-71.4235674	High	21.488652297040648	NA
2180	2015-09-08	310982	16:30:00	Pedestrian	1	NA	FALSE	FALSE	1	386 Broad Street	BROAD ST	2015-09-08	Two-Way, Divided, Positive Median Barrier	Dry	Daylight	Clear	Not a Collision Between Two Motor Vehicles in Transport	No	No Controls	2	1	Complains Of Pain	NA	41.81339	-71.42161	TRUE	FALSE	386 Broad Street, Providence, RI, USA	FALSE	-71.421353	41.8129527	premise	rooftop	386 broad st, providence, ri 02907, usa	NA	NA	NA	NA	41.8129527	-71.421353	High	53.14522444226458	NA
2181	2015-09-08	311076	20:46:00	Pedestrian	1	NA	FALSE	FALSE	1	ELMWOOD AVE	RUTLAND ST	2015-09-09	Two-Way, Divided, Unprotected (painted>4feet) Medium	Dry	Dark - Lighted	Clear	Other	No	No Controls	2	1	Complains Of Pain	2	41.799	-71.4264	FALSE	FALSE	Elmwood Ave and Rutland Street, Providence, RI, USA	FALSE	-71.4263303	41.7987589	intersection	geometric_center	elmwood ave & rutland st, providence, ri 02907, usa	NA	NA	NA	NA	41.7987589	-71.4263303	Med High	27.455347887272517	NA
2182	2015-09-07	310769	16:23:00	Pedestrian	1	NA	FALSE	FALSE	1	100 Francis Street	GASPEE ST	2015-09-07	Two-Way , Not Divided	Dry	Daylight	Clear	Head-On (Front - to - Front)	Yes, M/V and Driver Left Scene	No Controls	3	1	Complains Of Pain	NA	41.82875	-71.41534	TRUE	FALSE	100 Francis Street, Providence, RI, USA	FALSE	-71.415882	41.8260966	street_address	rooftop	100 francis st, providence, ri 02903, usa	NA	NA	NA	NA	41.8260966	-71.415882	High	298.777170905995	Raw
2183	2015-09-06	310918	12:15:00	Pedestrian	1	NA	FALSE	FALSE	1	BORDEN ST	Eddy St	2015-09-08	One-Way Trafficway	Dry	Daylight	Clear	Other	No	No Controls	2	1	Complains Of Pain	2	41.81342	-71.4084	FALSE	FALSE	Borden Street and Eddy Street, Providence, RI, USA	FALSE	-71.4070223	41.81219919999999	intersection	geometric_center	eddy st & borden st, providence, ri 02903, usa	NA	NA	NA	NA	41.81219919999999	-71.4070223	Med High	177.57977356409788	Geocoded
2184	2015-09-04	310057	13:40:00	Pedestrian	1	NA	FALSE	FALSE	1	462 MANTON AVE	SISSON ST	2015-09-04	Two-Way , Not Divided	Dry	Daylight	Clear	Not a Collision Between Two Motor Vehicles in Transport	No	No Controls	2	1	Complains Of Pain	2	41.82552	-71.45564	TRUE	FALSE	462 Manton Ave, Providence, RI, USA	FALSE	-71.4555831	41.82534760000001	premise	rooftop	462 manton ave, providence, ri 02909, usa	NA	NA	NA	NA	41.82534760000001	-71.4555831	High	19.763390132735704	NA
2185	2015-09-04	310144	17:20:00	Pedestrian	1	NA	FALSE	FALSE	1	100 Broad St	FENNER ST	2015-09-04	Two-Way , Not Divided	Dry	Daylight	Clear	Not a Collision Between Two Motor Vehicles in Transport	No	No Controls	4	1	Complains Of Pain	2	41.81826	-71.41598	TRUE	FALSE	100 Broad Street, Providence, RI, USA	FALSE	-71.4150911	41.818123	street_address	rooftop	100 broad st, providence, ri 02903, usa	NA	NA	NA	NA	41.818123	-71.4150911	High	75.30576354030569	NA
2186	2015-09-04	310158	19:01:00	Bicycle	NA	1	FALSE	FALSE	1	WESTMINSTER ST	ABORN ST	2015-09-04	One-Way Trafficway	Dry	Daylight	Clear	Not a Collision Between Two Motor Vehicles in Transport	No	No Controls	3	1	Complains Of Pain	NA	41.82127	-71.41489	FALSE	FALSE	Westminster Street and Aborn Street, Providence, RI, USA	FALSE	-71.4147851	41.821374	intersection	geometric_center	aborn st & westminster st, providence, ri 02903, usa	NA	NA	NA	NA	41.821374	-71.4147851	Med High	14.483191088319096	NA
2187	2015-09-04	314312	12:18:00	Bicycle	NA	1	FALSE	FALSE	1	CHARLES ST	ORMS ST	2015-09-21	Two-Way, Divided, Positive Median Barrier	Dry	Daylight	Clear	Not a Collision Between Two Motor Vehicles in Transport	No	Traffic Control Signal	2	1	Complains Of Pain	NA	41.83492	-71.41147	FALSE	FALSE	Charles Street and Orms Street, Providence, RI, USA	FALSE	-71.4191013	41.8342191	route	geometric_center	orms st, providence, ri, usa	Charles Street & Orms Street, Providence, RI, USA	EjFDaGFybGVzIFN0cmVldCAmIE9ybXMgU3RyZWV0LCBQcm92aWRlbmNlLCBSSSwgVVNBImYiZAoUChIJR0heox5F5IkRzWV7LgBG0RESFAoSCUdIXqMeReSJEc1ley4ARtERGhQKEgl1C85s8UTkiRHLZMsuNVX9MhoUChIJJ2knvwRF5IkRzK6GSUqZqcEiCg1Dfu8YFb58b9U	41.8348611	-71.41138579999999	41.8348611	-71.41138579999999	Med	9.579219504773993	NA
2188	2015-09-02	309691	14:41:00	Pedestrian	1	NA	FALSE	FALSE	1	VALLEY ST	EAGLE ST	2015-09-02	Two-Way, Divided, Unprotected (painted>4feet) Medium	Dry	Daylight	Clear	Not a Collision Between Two Motor Vehicles in Transport	No	Traffic Control Signal	4	2	Complains Of Pain	NA	41.82741	-71.4364	FALSE	FALSE	Valley Street and Eagle Street, Providence, RI, USA	FALSE	-71.4364099	41.8274251	intersection	geometric_center	valley st & eagle st, providence, ri 02908, usa	NA	NA	NA	NA	41.8274251	-71.4364099	Med High	1.870799885975158	NA
2189	2015-09-02	309725	20:22:00	Pedestrian	2	NA	FALSE	FALSE	1	Francis St	Memorial Blvd	2015-09-03	Two-Way , Not Divided	Dry	Dark - Lighted	Clear	Not a Collision Between Two Motor Vehicles in Transport	No	Traffic Control Signal	4	2	Complains Of Pain	NA	41.82616	-71.41545	FALSE	FALSE	Francis Street and Memorial Blvd, Providence, RI, USA	FALSE	-71.4134258	41.8263996	route	geometric_center	memorial blvd, providence, ri 02903, usa	Francis Street & Memorial Blvd, Providence, RI, USA	EjNGcmFuY2lzIFN0cmVldCAmIE1lbW9yaWFsIEJsdmQsIFByb3ZpZGVuY2UsIFJJLCBVU0EiZiJkChQKEgkDtc6dEUXkiRFK7mftfMbegBIUChIJA7XOnRFF5IkRSu5n7XzG3oAaFAoSCeMKJVkQReSJEQnXa5JsDkKbGhQKEgn3LDO1FkXkiRGsznR5eOTavSIKDRwg7hgVW-Bu1Q	41.8258972	-71.4153893	41.8258972	-71.4153893	Med	29.68491858635666	NA
2190	2015-08-29	308903	12:18:00	Pedestrian	1	NA	FALSE	FALSE	1	1215 N. MAIN STREET	7TH ST	2015-08-29	Two-Way, Divided, Positive Median Barrier	Dry	Daylight	Clear	Not a Collision Between Two Motor Vehicles in Transport	No	Traffic Control Signal	5	1	Complains Of Pain	2	41.85336	-71.40101	TRUE	FALSE	1215 N. Main Street, Providence, RI, USA	FALSE	-71.4007141	41.8532263	premise	geometric_center	1215 n main st, providence, ri 02904, usa	NA	NA	NA	NA	41.8532263	-71.4007141	High	28.696490572779087	NA
2191	2015-08-29	308978	20:39:00	Bicycle	NA	1	FALSE	FALSE	1	Cranston St	DODGE ST	2015-08-29	Two-Way , Not Divided	Unknown	Dark - Lighted	Clear	Unknown	Yes, M/V and Driver Left Scene	Unknown	1	1	Complains Of Pain	NA	41.81439	-71.42613	FALSE	FALSE	Cranston Street and Dodge Street, Providence, RI, USA	FALSE	-71.42590419999999	41.8145699	intersection	geometric_center	cranston st & dodge st, providence, ri 02907, usa	NA	NA	NA	NA	41.8145699	-71.42590419999999	Med High	27.422959991344204	NA
2192	2015-08-27	308601	18:03:00	Pedestrian	1	NA	FALSE	FALSE	1	Broad Street	ALDRICH ST	2015-08-27	Two-Way , Not Divided	Dry	Daylight	Clear	Angle (Front - to - Side) Same Direction	Yes, M/V and Driver Left Scene	No Controls	1	1	Complains Of Pain	NA	41.7936	-71.40895	FALSE	FALSE	Broad Street and Aldrich Street, Providence, RI, USA	FALSE	-71.4071857	41.7945459	route	geometric_center	aldrich st, providence, ri 02905, usa	Broad Street & Aldrich Street, Providence, RI, USA	EjJCcm9hZCBTdHJlZXQgJiBBbGRyaWNoIFN0cmVldCwgUHJvdmlkZW5jZSwgUkksIFVTQSJmImQKFAoSCelQzPWMT-SJEfEyNbUOAjRxEhQKEgnpUMz1jE_kiRHxMjW1DgI0cRoUChIJg9591YxP5IkRLKLKk5hLCKMaFAoSCTuV4FeLT-SJEfCTNf2eOQHCIgoNmDPpGBXz2m_V	41.793628	-71.4089741	41.793628	-71.4089741	Med	3.703511736664372	NA
2193	2015-08-23	307882	18:45:00	Pedestrian	1	NA	FALSE	FALSE	1	CROWNINSHIELD ST	MERINO ST	2015-08-23	Two-Way, Divided, Unprotected (painted>4feet) Medium	Dry	Daylight	Clear	Not a Collision Between Two Motor Vehicles in Transport	No	No Controls	5	1	Complains Of Pain	NA	41.81741	-71.45831	FALSE	FALSE	Crowninshield Street and Merino Street, Providence, RI, USA	FALSE	-71.458626	41.8172	intersection	geometric_center	merino st & crowninshield st, providence, ri 02909, usa	NA	NA	NA	NA	41.8172	-71.458626	Med High	35.12539170473968	NA
2194	2015-08-21	307645	15:26:00	Pedestrian	1	NA	FALSE	FALSE	1	UNION AVE	MESSER ST	2015-08-21	Two-Way , Not Divided	Dry	Daylight	Clear	Not a Collision Between Two Motor Vehicles in Transport	Yes, M/V and Driver Left Scene	No Controls	1	1	Complains Of Pain	NA	41.81013	-71.43513	FALSE	FALSE	Union Ave and Messer Street, Providence, RI, USA	FALSE	-71.4351315	41.8101444	intersection	geometric_center	messer st & union ave, providence, ri 02909, usa	NA	NA	NA	NA	41.8101444	-71.4351315	Med High	1.6078250099562417	NA
2195	2015-08-20	307519	17:14:00	Bicycle	NA	1	FALSE	FALSE	1	CHARLES ST	ORMS ST	2015-08-20	Two-Way , Not Divided	Dry	Daylight	Clear	Not a Collision Between Two Motor Vehicles in Transport	No	No Controls	2	1	Complains Of Pain	NA	41.83515	-71.41153	FALSE	FALSE	Charles Street and Orms Street, Providence, RI, USA	FALSE	-71.4191013	41.8342191	route	geometric_center	orms st, providence, ri, usa	Charles Street & Orms Street, Providence, RI, USA	EjFDaGFybGVzIFN0cmVldCAmIE9ybXMgU3RyZWV0LCBQcm92aWRlbmNlLCBSSSwgVVNBImYiZAoUChIJR0heox5F5IkRzWV7LgBG0RESFAoSCUdIXqMeReSJEc1ley4ARtERGhQKEgl1C85s8UTkiRHLZMsuNVX9MhoUChIJJ2knvwRF5IkRzK6GSUqZqcEiCg1Dfu8YFb58b9U	41.8348611	-71.41138579999999	41.8348611	-71.41138579999999	Med	34.312113858642135	NA
2196	2015-08-16	306887	17:21:00	Bicycle	NA	1	FALSE	FALSE	1	CRANSTON ST	DEXTER ST	2015-08-16	Two-Way , Not Divided	Dry	Daylight	Clear	Not a Collision Between Two Motor Vehicles in Transport	No	Traffic Control Signal	2	1	Complains Of Pain	NA	41.8126	-71.42959	FALSE	FALSE	Cranston Street and Dexter Street, Providence, RI, USA	FALSE	-71.429588	41.81260289999999	intersection	geometric_center	cranston st & dexter st, providence, ri 02907, usa	NA	NA	NA	NA	41.81260289999999	-71.429588	Med High	0.36297774024425583	NA
2197	2015-08-16	306962	11:48:00	Pedestrian	1	NA	FALSE	FALSE	1	BROAD ST	FRANCIS GREEN MEMORIAL BLVD	2015-08-17	Two-Way , Not Divided	Dry	Daylight	Clear	Other	No	No Controls	3	2	Complains Of Pain	NA	41.79341	-71.40871	FALSE	FALSE	Broad Street and Francis Green Memorial Blvd, Providence, RI, USA	FALSE	-71.414551	41.787292	route	geometric_center	green memorial blvd, providence, ri, usa	NA	NA	NA	NA	41.787292	-71.414551	Med	835.9773767526293	Raw