row_number	crash_date	crash_report_id	crash_time	collision_type	count_pedestrian	count_bicycle	scooter	wheel_chair	number_of_vehicles	street_or_highway	nearest_intersection	report_date	type_of_roadway	road_surface_condition	light_condition	weather_condition	manner_of_impact	hit_and_run	traffic_control	person_count	injury_count	most_serious_injury	number_of_lanes	lat_raw	lon_raw	has_st_number	is_intersection_null	address_sent_to_geocoder	is_address_blank	lon_api_first_try	lat_api_first_try	type	loctype	address_returned_by_geocoder	address_returned_by_autocomplete	place_ids_autocompleted	lat_api_second_try	lon_api_second_try	lat_api_best	lon_api_best	api_coord_conf	distance_btwn_coords_meters	best_coordinate_set
2334	2015-03-24	283806	10:07:00	Bicycle	NA	1	FALSE	FALSE	1	575 WICKENDEN STREET	NA	2015-03-24	Two-Way , Not Divided	Dry	Daylight	Clear	Other	Yes, M/V and Driver Left Scene	No Controls	1	0	No Injury	2	41.83618	-71.41545	TRUE	TRUE	575 Wickenden Street, Providence, RI, USA	FALSE	-71.39154719999999	41.8199003	street_address	rooftop	575 wickenden st, providence, ri 02903, usa	NA	NA	NA	NA	41.8199003	-71.39154719999999	High	2686.16078023238	Geocoded
2335	2015-03-23	283751	15:20:00	Pedestrian	1	NA	FALSE	FALSE	1	Jillson St	EDDY ST	2015-03-23	Two-Way, Divided, Unprotected (painted>4feet) Medium	Dry	Daylight	Clear	Not a Collision Between Two Motor Vehicles in Transport	Yes, M/V and Driver Left Scene	Stop Signs	6	1	Complains Of Pain	NA	41.79133	-71.40391	FALSE	FALSE	Jillson Street and Eddy Street, Providence, RI, USA	FALSE	-71.4034455	41.7914259	intersection	geometric_center	eddy st & jillson st, providence, ri 02905, usa	NA	NA	NA	NA	41.7914259	-71.4034455	Med High	40.0029781244183	NA
2336	2015-03-19	282968	06:59:00	Pedestrian	1	NA	FALSE	FALSE	1	BENEFIT STREET	POWER STREET	2015-03-19	Two-Way , Not Divided	Dry	Daylight	Clear	Other	No	Stop Signs	4	1	Non-Incapacitating	2	41.83651	-71.4149	FALSE	FALSE	Benefit Street and Power Street, Providence, RI, USA	FALSE	-71.40392179999999	41.8228439	intersection	geometric_center	benefit st & power st, providence, ri 02906, usa	NA	NA	NA	NA	41.8228439	-71.40392179999999	Med High	1773.0153171657867	Geocoded
2337	2015-03-18	282868	13:24:00	Bicycle	NA	1	FALSE	FALSE	1	ANGELL ST	BROOK ST	2015-03-18	One-Way Trafficway	Dry	Daylight	Clear	Sideswipe, Same Direction	Yes, M/V and Driver Left Scene	No Controls	2	1	Complains Of Pain	NA	41.82823	-71.39929	FALSE	FALSE	Angell Street and Brook Street, Providence, RI, USA	FALSE	-71.3994627	41.8282166	intersection	geometric_center	brook st & angell st, providence, ri 02906, usa	NA	NA	NA	NA	41.8282166	-71.3994627	Med High	14.402823890886888	NA
2338	2015-03-16	282514	15:45:00	Bicycle	NA	1	FALSE	FALSE	1	30 Hartford Ave	OLNEYVILLE SQ	2015-03-16	One-Way Trafficway	Dry	Daylight	Clear	Not a Collision Between Two Motor Vehicles in Transport	No	No Controls	2	1	Complains Of Pain	1	41.81673	-71.44431	TRUE	FALSE	30 Hartford Ave, Providence, RI, USA	FALSE	-71.44386109999999	41.8169508	street_address	rooftop	30 hartford ave, providence, ri 02909, usa	NA	NA	NA	NA	41.8169508	-71.44386109999999	High	44.6223874926481	NA
2339	2015-03-15	282357	12:38:00	Pedestrian	1	NA	FALSE	FALSE	1	WESTMINSTER ST	STOKES ST	2015-03-15	Two-Way , Not Divided	Dry	Daylight	Clear	Not a Collision Between Two Motor Vehicles in Transport	No	No Controls	4	1	Complains Of Pain	NA	41.81669	-71.44252	FALSE	FALSE	Westminster Street and Stokes Street, Providence, RI, USA	FALSE	-71.4428116	41.8167431	intersection	geometric_center	westminster st & stokes st, providence, ri 02909, usa	NA	NA	NA	NA	41.8167431	-71.4428116	Med High	24.904080475151442	NA
2340	2015-03-11	281554	15:11:00	Pedestrian	1	NA	FALSE	FALSE	1	Bellevue Ave	CRANSTON ST	2015-03-11	Two-Way , Not Divided	Wet	Daylight	Clear	Not a Collision Between Two Motor Vehicles in Transport	No	No Controls	2	1	Complains Of Pain	2	41.80888	-71.43403	FALSE	FALSE	Bellevue Ave and Cranston Street, Providence, RI, USA	FALSE	-71.43405899999999	41.8089239	intersection	geometric_center	cranston st & bellevue ave, providence, ri 02907, usa	NA	NA	NA	NA	41.8089239	-71.43405899999999	Med High	5.447212959098635	NA
2341	2015-03-08	281069	19:12:00	Pedestrian	1	NA	FALSE	FALSE	1	POINT ST	PLAIN ST	2015-03-08	One-Way Trafficway	Wet	Dark - Lighted	Clear	Not a Collision Between Two Motor Vehicles in Transport	Yes, M/V and Driver Left Scene	Stop Signs	1	1	Complains Of Pain	3	41.81489	-71.41371	FALSE	FALSE	Point Street and Plain Street, Providence, RI, USA	FALSE	-71.411061900000007	41.8098238	route	geometric_center	plain st, providence, ri, usa	NA	NA	NA	NA	41.8098238	-71.411061900000007	Med	605.2539145135949	Raw
2342	2015-03-02	279448	12:14:00	Pedestrian	1	NA	FALSE	FALSE	1	DEAN STREET	WASHINGTON STREET	2015-03-02	Two-Way , Not Divided	Wet	Daylight	Clear	Other	No	Stop Signs	2	1	Complains Of Pain	2	41.83438	-71.41621	FALSE	FALSE	Dean Street and Washington Street, Providence, RI, USA	FALSE	-71.417553	41.821048	route	geometric_center	washington st, providence, ri, usa	Dean Street & Washington Street, Providence, RI, USA	EjREZWFuIFN0cmVldCAmIFdhc2hpbmd0b24gU3RyZWV0LCBQcm92aWRlbmNlLCBSSSwgVVNBImYiZAoUChIJxd5n_HJF5IkR0-x289HvkKESFAoSCcXeZ_xyReSJEdPsdvPR75ChGhQKEglbBmx-DEXkiRHItJ_foOdA5BoUChIJqdrNnBJF5IkRGgfQlqMSNPYiCg0wFu0YFTgPbtU	41.8190896	-71.42074319999999	41.8190896	-71.42074319999999	Med	1743.161895632793	Geocoded
2343	2015-02-28	279145	17:08:00	Pedestrian	2	NA	FALSE	FALSE	1	Point Street Bridge	POINT ST	2015-02-28	Two-Way , Not Divided	Ice/Frost	Dusk	Clear	Not a Collision Between Two Motor Vehicles in Transport	No	No Controls	3	2	Complains Of Pain	2	41.81869	-71.40198	FALSE	FALSE	Point Street Bridge and Point Street, Providence, RI, USA	FALSE	-71.4029293	41.818289300000004	intersection	geometric_center	point st & point st bridge, providence, ri 02903, usa	NA	NA	NA	NA	41.818289300000004	-71.4029293	Med High	90.51054903640528	NA
2344	2015-02-28	280569	21:35:00	Pedestrian	1	NA	FALSE	FALSE	1	Chalkstone Ave	Geneva St	2015-03-06	Two-Way , Not Divided	Dry	Dark - Lighted	Clear	Not a Collision Between Two Motor Vehicles in Transport	Yes, M/V and Driver Left Scene	No Controls	1	1	Complains Of Pain	NA	41.83226	-71.44118	FALSE	FALSE	Chalkstone Ave and Geneva Street, Providence, RI, USA	FALSE	-71.4409323	41.832278	intersection	geometric_center	chalkstone ave & geneva st, providence, ri 02908, usa	NA	NA	NA	NA	41.832278	-71.4409323	Med High	20.642760289074747	NA
2345	2015-02-27	279215	08:18:00	Pedestrian	1	NA	FALSE	FALSE	1	CUSTOM HOUSE ST	DYER ST	2015-02-28	Two-Way, Divided, Positive Median Barrier	Ice/Frost	Daylight	Clear	Not a Collision Between Two Motor Vehicles in Transport	No	Traffic Control Signal	3	1	Complains Of Pain	NA	41.8242	-71.40843	FALSE	FALSE	Custom House Street and Dyer Street, Providence, RI, USA	FALSE	-71.4084187	41.8242128	intersection	geometric_center	dyer st & custom house st, providence, ri 02903, usa	NA	NA	NA	NA	41.8242128	-71.4084187	Med High	1.7055807015657136	NA
2346	2015-02-27	279552	22:46:00	Pedestrian	1	NA	FALSE	FALSE	1	Pine St	CHESTNUT ST	2015-03-02	One-Way Trafficway	Dry	Dark - Lighted	Clear	Other	No	Flashing Traffic Control Signal	2	1	Non-Incapacitating	1	41.81944	-71.41294	FALSE	FALSE	Pine Street and Chestnut Street, Providence, RI, USA	FALSE	-71.4108086	41.818517	route	geometric_center	chestnut st, providence, ri, usa	NA	NA	NA	NA	41.818517	-71.4108086	Med	204.50880353195836	Raw
2347	2015-02-27	279021	09:43:00	Pedestrian	1	NA	FALSE	FALSE	1	HOPE ST	BURLINGTON ST	2015-02-27	Two-Way , Not Divided	Dry	Daylight	Clear	Other	No	No Controls	2	1	Complains Of Pain	NA	41.84798	-71.39552	FALSE	FALSE	Hope Street and Burlington Street, Providence, RI, USA	FALSE	-71.3955059	41.84804279999999	intersection	geometric_center	hope st & burlington st, providence, ri 02906, usa	NA	NA	NA	NA	41.84804279999999	-71.3955059	Med High	7.087966447785603	NA
2348	2015-02-27	279029	12:30:00	Bicycle	NA	1	FALSE	FALSE	1	SMITH ST	SMITH ST	2015-02-27	Two-Way , Not Divided	Dry	Daylight	Clear	Not a Collision Between Two Motor Vehicles in Transport	No	No Controls	3	0	No Injury	NA	41.83266	-71.4192	FALSE	FALSE	Smith Street and Smith Street, Providence, RI, USA	FALSE	-71.4433053	41.8418141	route	geometric_center	smith st, providence, ri, usa	NA	NA	NA	NA	41.8418141	-71.4433053	Med	2243.96554874017	Raw
2349	2015-02-24	277949	12:56:00	Pedestrian	1	NA	FALSE	FALSE	1	RESERVOIR AVE	RESERVOIR AVE EXIT	2015-02-24	Two-Way , Not Divided	Wet	Daylight	Clear	Not a Collision Between Two Motor Vehicles in Transport	No	No Controls	4	1	Complains Of Pain	NA	41.78642	-71.43404	FALSE	FALSE	Reservoir Ave and Reservoir Ave Exit, Providence, RI, USA	FALSE	-71.4908711	41.943128	intersection	geometric_center	reservoir rd & w reservoir rd, smithfield, ri 02917, usa	NA	NA	NA	NA	41.943128	-71.4908711	Med High	18069.681035527417	Raw
2350	2015-02-24	278168	22:16:00	Pedestrian	1	NA	FALSE	FALSE	1	Union Ave	POCASSET AVE	2015-02-25	Two-Way , Not Divided	Dry	Dark - Lighted	Cloudy	Other	No	Traffic Control Signal	3	1	Complains Of Pain	2	41.80639	-71.45716	FALSE	FALSE	Union Ave and Pocasset Ave, Providence, RI, USA	FALSE	-71.457112	41.80641139999999	intersection	geometric_center	pocasset ave & union ave, providence, ri 02909, usa	NA	NA	NA	NA	41.80641139999999	-71.457112	Med High	4.640990106423234	NA
2351	2015-02-19	276724	15:22:00	Pedestrian	1	NA	FALSE	FALSE	1	CHARLES ST	CHARLES ST	2015-02-19	Two-Way , Not Divided	Slush	Daylight	Clear	Not a Collision Between Two Motor Vehicles in Transport	No	No Controls	2	1	Complains Of Pain	NA	41.85359	-71.42049	FALSE	FALSE	Charles Street and Charles Street, Providence, RI, USA	FALSE	-71.419539	41.8474982	route	geometric_center	charles st, providence, ri, usa	NA	NA	NA	NA	41.8474982	-71.419539	Med	682.7056664111668	Raw
2352	2015-02-17	276090	07:15:00	Pedestrian	1	NA	FALSE	FALSE	1	hope street	OVERHILL RD	2015-02-17	Two-Way , Not Divided	Slush	Daylight	Clear	Not a Collision Between Two Motor Vehicles in Transport	Yes, M/V and Driver Left Scene	No Controls	4	1	Complains Of Pain	2	41.8512	-71.39396	FALSE	FALSE	Hope Street and Overhill Rd, Providence, RI, USA	FALSE	-71.3939451	41.8512056	intersection	geometric_center	hope st & overhill rd, providence, ri 02906, usa	NA	NA	NA	NA	41.8512056	-71.3939451	Med High	1.383864814133843	NA
2353	2015-02-09	274220	16:45:00	Pedestrian	1	NA	FALSE	FALSE	1	CROWNINSHIELD ST	IDA ST	2015-02-09	Two-Way , Not Divided	Snow	Dusk	Snow	Not a Collision Between Two Motor Vehicles in Transport	No	No Controls	3	1	Non-Incapacitating	2	41.81774	-71.45765	FALSE	FALSE	Crowninshield Street and Ida Street, Providence, RI, USA	FALSE	-71.45757300000001	41.81773	intersection	geometric_center	crowninshield st & ida st, providence, ri 02909, usa	NA	NA	NA	NA	41.81773	-71.45757300000001	Med High	6.484420818392031	NA
2354	2015-02-06	273698	14:20:00	Pedestrian	2	NA	FALSE	FALSE	1	35 Camp St.	TERNAY GARDEN	2015-02-07	One-Way Trafficway	Dry	Daylight	Clear	Not a Collision Between Two Motor Vehicles in Transport	No	No Controls	4	0	No Injury	NA	41.83737	-71.40436	TRUE	FALSE	35 Camp St., Providence, RI, USA	FALSE	-71.4034252	41.8374411	premise	rooftop	35 camp st, providence, ri 02906, usa	NA	NA	NA	NA	41.8374411	-71.4034252	High	77.93297566579277	NA
2355	2015-02-04	273294	13:03:00	Pedestrian	1	NA	FALSE	FALSE	1	PENNSYLVANIA AVE	broad st	2015-02-04	Two-Way , Not Divided	Snow	Daylight	Clear	Not a Collision Between Two Motor Vehicles in Transport	Yes, M/V and Driver Left Scene	No Controls	2	1	Complains Of Pain	NA	41.79747	-71.41358	FALSE	FALSE	Pennsylvania Ave and Broad Street, Providence, RI, USA	FALSE	-71.4101636	41.7945838	route	geometric_center	broad st, providence, ri, usa	Pennsylvania Ave & Broad Street, Providence, RI, USA	EjRQZW5uc3lsdmFuaWEgQXZlICYgQnJvYWQgU3RyZWV0LCBQcm92aWRlbmNlLCBSSSwgVVNBImYiZAoUChIJH-USE4lP5IkR2eJtH_oD4z4SFAoSCR_lEhOJT-SJEdnibR_6A-M-GhQKEglLqKh7iU_kiREAyDy9Y6daihoUChIJg9591YxP5IkRLKLKk5hLCKMiCg1YyekYFXUhb9U	41.7974616	-71.4137227	41.7974616	-71.4137227	Med	11.8794312556903	NA
2356	2015-02-04	273321	12:53:00	Pedestrian	1	NA	FALSE	FALSE	1	N MAIN ST	N MAIN ST	2015-02-04	Two-Way, Divided, Positive Median Barrier	Snow	Daylight	Clear	Other	No	No Controls	2	1	Complains Of Pain	NA	41.85566	-71.39994	FALSE	FALSE	N Main Street and N Main Street, Providence, RI, USA	FALSE	-71.2873641	41.7371398	route	geometric_center	n main st, rhode island, usa	North Main Street & South Main Street, Providence, RI, USA	EjpOb3J0aCBNYWluIFN0cmVldCAmIFNvdXRoIE1haW4gU3RyZWV0LCBQcm92aWRlbmNlLCBSSSwgVVNBImYiZAoUChIJD1urSRZF5IkRzGbOghZosXsSFAoSCQ9bq0kWReSJEcxmzoIWaLF7GhQKEgn5-kE93kTkiRFf162-DVwjPxoUChIJxfz7Uz5F5IkRx3FZv-YChPQiCg2TF-4YFdUHcNU	41.8256787	-71.4078251	41.8256787	-71.4078251	Med	3400.9646958845947	Raw
2357	2015-02-02	272866	01:10:00	Pedestrian	1	NA	FALSE	FALSE	1	EUTAW ST	ATWELLS AVE	2015-02-02	One-Way Trafficway	Dry	Dark - Lighted	Cloudy	Other	Yes, M/V and Driver Left Scene	No Controls	3	1	Complains Of Pain	1	41.82379	-71.42545	FALSE	FALSE	Eutaw Street and Atwells Ave, Providence, RI, USA	FALSE	-71.4263084	41.8235618	intersection	geometric_center	eutaw st & atwells ave, providence, ri 02903, usa	NA	NA	NA	NA	41.8235618	-71.4263084	Med High	75.60436717820777	NA
2358	2015-01-30	272202	02:51:00	Pedestrian	1	NA	FALSE	FALSE	1	71 bridgham street	KENDALL ST	2015-01-30	Unknown	Wet	Dark - Lighted	Snow	Not a Collision Between Two Motor Vehicles in Transport	Yes, M/V and Driver Left Scene	No Controls	1	0	No Injury	NA	41.81297	-71.42611	TRUE	FALSE	71 Bridgham Street, Providence, RI, USA	FALSE	-71.425414	41.8131262	premise	rooftop	71 bridgham st, providence, ri 02907, usa	NA	NA	NA	NA	41.8131262	-71.425414	High	60.3075819633936	NA
2359	2015-01-30	272461	17:36:00	Pedestrian	1	NA	FALSE	FALSE	1	HAWKINS ST	YORKSHIRE ST	2015-01-30	Two-Way , Not Divided	Snow	Daylight	Snow	Not a Collision Between Two Motor Vehicles in Transport	Yes, M/V and Driver Left Scene	No Controls	1	1	Complains Of Pain	NA	41.8489	-71.42552	FALSE	FALSE	Hawkins Street and Yorkshire Street, Providence, RI, USA	FALSE	-71.4255153	41.848903	intersection	geometric_center	yorkshire st & hawkins st, providence, ri 02908, usa	NA	NA	NA	NA	41.848903	-71.4255153	Med High	0.5132472789008018	NA
2360	2015-01-28	271575	10:26:00	Pedestrian	1	NA	FALSE	FALSE	1	70 HAROLD ST	ALLSTON ST	2015-01-28	Two-Way , Not Divided	Snow	Daylight	Clear	Other	No	No Controls	3	0	No Injury	NA	41.8289	-71.43851	TRUE	FALSE	70 Harold Street, Providence, RI, USA	FALSE	-71.4387332	41.8287858	street_address	rooftop	70 harold st, providence, ri 02908, usa	NA	NA	NA	NA	41.8287858	-71.4387332	High	22.458532554530528	NA
2361	2015-01-24	271002	02:14:00	Pedestrian	1	NA	FALSE	FALSE	1	Memorial Blvd	FRANCIS ST	2015-01-24	Two-Way, Divided, Positive Median Barrier	Dry	Dark - Lighted	Cloudy	Other	Yes, M/V and Driver Left Scene	Traffic Control Signal	2	1	Incapacitating	6	41.82595	-71.41517	FALSE	FALSE	Memorial Blvd and Francis Street, Providence, RI, USA	FALSE	-71.4153098	41.8257791	intersection	geometric_center	memorial blvd & francis st, providence, ri 02903, usa	NA	NA	NA	NA	41.8257791	-71.4153098	Med High	22.28040588815004	NA
2362	2015-01-24	271010	00:07:00	Pedestrian	1	NA	FALSE	FALSE	1	UNION ST	WASHINGTON ST	2015-01-24	One-Way Trafficway	Dry	Dark - Lighted	Clear	Not a Collision Between Two Motor Vehicles in Transport	Yes, M/V and Driver Left Scene	No Controls	2	1	Complains Of Pain	NA	41.82373	-71.41417	FALSE	FALSE	Union Street and Washington Street, Providence, RI, USA	FALSE	-71.4128343	41.8239891	locality	approximate	providence, ri, usa	Union Street & Washington Street, Providence, RI, USA	EjVVbmlvbiBTdHJlZXQgJiBXYXNoaW5ndG9uIFN0cmVldCwgUHJvdmlkZW5jZSwgUkksIFVTQSJmImQKFAoSCXvJS8cTReSJEcVp0B49EFpXEhQKEgl7yUvHE0XkiRHFadAePRBaVxoUChIJc0CzlRNF5IkRkkTXyjBrnRAaFAoSCanazZwSReSJERoH0JajEjT2IgoN_cbtGBWuFm_V	41.8236157	-71.4139986	41.8236157	-71.4139986	Med	19.08042438448894	NA
2363	2015-01-24	271231	23:36:00	Pedestrian	1	NA	FALSE	FALSE	1	CHALKSTONE AVE	ROSEBANK AVE	2015-01-25	Two-Way , Not Divided	Slush	Dark - Lighted	Cloudy	Not a Collision Between Two Motor Vehicles in Transport	No	No Controls	3	1	Incapacitating	NA	41.83397	-71.43384	FALSE	FALSE	Chalkstone Ave and Rosebank Ave, Providence, RI, USA	FALSE	-71.4333511	41.8339277	intersection	geometric_center	chalkstone ave & rosebank ave, providence, ri 02908, usa	NA	NA	NA	NA	41.8339277	-71.4333511	Med High	40.82284310458559	NA
2364	2015-01-23	270880	09:35:00	Pedestrian	1	NA	FALSE	FALSE	1	WATERMAN AVENUE	IVES STREET	2015-01-23	Two-Way , Not Divided	Dry	Daylight	Clear	Other	No	Stop Signs	4	1	Non-Incapacitating	2	41.83285	-71.41687	FALSE	FALSE	Waterman Avenue and Ives Street, Providence, RI, USA	FALSE	-71.3929088	41.8277996	intersection	geometric_center	ives st & waterman st, providence, ri 02906, usa	NA	NA	NA	NA	41.8277996	-71.3929088	Med High	2065.4893681898184	Geocoded
2365	2015-01-21	270710	16:04:00	Pedestrian	2	NA	FALSE	FALSE	1	Atwells Avenue	MONGENAIS ST	2015-01-21	Two-Way , Not Divided	Dry	Daylight	Clear	Not a Collision Between Two Motor Vehicles in Transport	No	Other	3	2	Complains Of Pain	2	41.82502	-71.44786	FALSE	FALSE	Atwells Avenue and Mongenais Street, Providence, RI, USA	FALSE	-71.4478498	41.8250356	intersection	geometric_center	atwells ave & mongenais st, providence, ri 02909, usa	NA	NA	NA	NA	41.8250356	-71.4478498	Med High	1.9317490608244376	NA
2366	2015-01-21	270730	23:45:00	Pedestrian	1	NA	FALSE	FALSE	1	MASHAPAUG ST	HUNTINGTON AVE	2015-01-22	Two-Way , Not Divided	Dry	Dark - Lighted	Clear	Other	Yes, M/V and Driver Left Scene	No Controls	2	1	Non-Incapacitating	NA	41.80044	-71.42927	FALSE	FALSE	Mashapaug Street and Huntington Ave, Providence, RI, USA	FALSE	-71.4293744	41.7999436	intersection	geometric_center	mashapaug st & huntington ave, providence, ri 02907, usa	NA	NA	NA	NA	41.7999436	-71.4293744	Med High	55.93403689474785	NA
2367	2015-01-15	269721	17:45:00	Pedestrian	1	NA	FALSE	FALSE	1	North Main street	N MAIN ST	2015-01-15	Two-Way, Divided, Positive Median Barrier	Wet	Dark - Lighted	Clear	Not a Collision Between Two Motor Vehicles in Transport	No	Traffic Control Signal	4	1	Complains Of Pain	NA	41.84199	-71.40798	FALSE	FALSE	North Main Street and N Main Street, Providence, RI, USA	FALSE	-71.700964	41.9595187	intersection	geometric_center	n main st & pascoag main st, burrillville, ri 02859, usa	NA	NA	NA	NA	41.9595187	-71.700964	Med High	27576.4449677853	Raw
2368	2015-01-13	269440	15:17:00	Pedestrian	1	NA	FALSE	FALSE	1	VALLEY ST	RILL ST	2015-01-13	Two-Way, Divided, Unprotected (painted>4feet) Medium	Dry	Daylight	Clear	Not a Collision Between Two Motor Vehicles in Transport	No	No Controls	3	1	Complains Of Pain	NA	41.82661	-71.43815	FALSE	FALSE	Valley Street and Rill Street, Providence, RI, USA	FALSE	-71.4381265	41.8266456	intersection	geometric_center	valley st & rill st, providence, ri 02908, usa	NA	NA	NA	NA	41.8266456	-71.4381265	Med High	4.416465648186165	NA
2369	2015-01-05	268346	11:30:00	Pedestrian	1	NA	FALSE	FALSE	1	BROADWAY	ALMY ST	2015-01-05	Two-Way , Not Divided	Dry	Daylight	Clear	Other	Yes, M/V and Driver Left Scene	Traffic Control Signal	2	1	Complains Of Pain	NA	41.81896	-71.43294	FALSE	FALSE	Broadway and Almy Street, Providence, RI, USA	FALSE	-71.4332086	41.8196567	route	geometric_center	almy st, providence, ri 02909, usa	Broadway & Almy Street, Providence, RI, USA	EitCcm9hZHdheSAmIEFsbXkgU3RyZWV0LCBQcm92aWRlbmNlLCBSSSwgVVNBImYiZAoUChIJf2wiiJ5F5IkRjn4qkn9k29gSFAoSCX9sIoieReSJEY5-KpJ_ZNvYGhQKEgmlteWGdUXkiREawjOx16RvsxoUChIJ51EWjJ5F5IkRlA-oyGoufZoiCg2qEe0YFbcybNU	41.81897379999999	-71.43294170000001	41.81897379999999	-71.43294170000001	Med	1.5426693494878854	NA
2370	2014-12-29	267234	08:06:00	Pedestrian	1	NA	FALSE	FALSE	1	HOMER ST	BROAD ST	2014-12-29	Two-Way, Divided, Unprotected (painted>4feet) Medium	Dry	Daylight	Clear	Not a Collision Between Two Motor Vehicles in Transport	Yes, M/V and Driver Left Scene	No Controls	1	1	Complains Of Pain	NA	41.78884	-71.40402	FALSE	FALSE	Homer Street and Broad Street, Providence, RI, USA	FALSE	-71.4040418	41.78885959999999	intersection	geometric_center	homer st & broad st, providence, ri 02905, usa	NA	NA	NA	NA	41.78885959999999	-71.4040418	Med High	2.834516794873772	NA
2371	2014-12-29	267258	09:59:00	Pedestrian	1	NA	FALSE	FALSE	1	206 Elmwood Avenue	PLENTY STREET	2014-12-29	Two-Way , Not Divided	Dry	Daylight	Clear	Not a Collision Between Two Motor Vehicles in Transport	No	Traffic Control Signal	4	1	Complains Of Pain	NA	41.80723	-71.42485	TRUE	FALSE	206 Elmwood Avenue, Providence, RI, USA	FALSE	-71.42372449999999	41.8076933	premise	rooftop	206 elmwood ave, providence, ri 02907, usa	NA	NA	NA	NA	41.8076933	-71.42372449999999	High	106.68448582790327	Raw
2372	2014-12-29	267275	12:27:00	Bicycle	NA	1	FALSE	FALSE	1	CHALKSTONE AVE	LISBON ST	2014-12-29	Two-Way , Not Divided	Dry	Daylight	Cloudy	Other	No	Pavement Markings	3	0	No Injury	2	41.83366	-71.43561	FALSE	FALSE	Chalkstone Ave and Lisbon Street, Providence, RI, USA	FALSE	-71.4365256	41.833337	intersection	geometric_center	chalkstone ave & lisbon st, providence, ri 02908, usa	NA	NA	NA	NA	41.833337	-71.4365256	Med High	84.02424913605059	NA
2373	2014-12-26	267074	16:24:00	Bicycle	NA	1	FALSE	FALSE	1	Sprague St	HARRISON ST	2014-12-27	Two-Way , Not Divided	Dry	Daylight	Clear	Not a Collision Between Two Motor Vehicles in Transport	Yes, M/V and Driver Left Scene	No Controls	1	1	Complains Of Pain	NA	41.80968	-71.42746	FALSE	FALSE	Sprague Street and Harrison Street, Providence, RI, USA	FALSE	-71.42729200000001	41.809669	intersection	geometric_center	harrison st & sprague st, providence, ri 02907, usa	NA	NA	NA	NA	41.809669	-71.42729200000001	Med High	13.993224633275432	NA
2374	2014-12-25	266950	14:21:00	Pedestrian	1	NA	FALSE	FALSE	1	ROCHAMBEAU AVENUE	HOPE STREET	2014-12-26	Two-Way , Not Divided	Dry	Daylight	Clear	Unknown	Yes, M/V and Driver Left Scene	Traffic Control Signal	2	0	No Injury	2	41.83349	-71.41682	FALSE	FALSE	Rochambeau Avenue and Hope Street, Providence, RI, USA	FALSE	-71.3960532	41.8469319	intersection	geometric_center	hope st & rochambeau ave, providence, ri 02906, usa	NA	NA	NA	NA	41.8469319	-71.3960532	Med High	2281.5062174701275	Geocoded
2375	2014-12-23	266641	15:45:00	Pedestrian	1	NA	FALSE	FALSE	1	Francis Street	MEMORIAL BLVD	2014-12-23	Two-Way , Not Divided	Dry	Daylight	Clear	Not a Collision Between Two Motor Vehicles in Transport	Yes, M/V and Driver Left Scene	No Controls	1	1	Complains Of Pain	NA	41.82657	-71.41551	FALSE	FALSE	Francis Street and Memorial Blvd, Providence, RI, USA	FALSE	-71.4134258	41.8263996	route	geometric_center	memorial blvd, providence, ri 02903, usa	Francis Street & Memorial Blvd, Providence, RI, USA	EjNGcmFuY2lzIFN0cmVldCAmIE1lbW9yaWFsIEJsdmQsIFByb3ZpZGVuY2UsIFJJLCBVU0EiZiJkChQKEgkDtc6dEUXkiRFK7mftfMbegBIUChIJA7XOnRFF5IkRSu5n7XzG3oAaFAoSCeMKJVkQReSJEQnXa5JsDkKbGhQKEgn3LDO1FkXkiRGsznR5eOTavSIKDRwg7hgVW-Bu1Q	41.8258972	-71.4153893	41.8258972	-71.4153893	Med	75.56202898306142	NA
2376	2014-12-23	266645	17:43:00	Pedestrian	1	NA	FALSE	FALSE	1	HOPE ST	LAURISTON ST	2014-12-23	Two-Way , Not Divided	Wet	Dark - Lighted	Rain	Head-On (Front - to - Front)	No	Stop Signs	5	1	Non-Incapacitating	NA	41.84865	-71.39519	FALSE	FALSE	Hope Street and Lauriston Street, Providence, RI, USA	FALSE	-71.39520089999999	41.8486643	intersection	geometric_center	hope st & lauriston st, providence, ri 02906, usa	NA	NA	NA	NA	41.8486643	-71.39520089999999	Med High	1.830576288099587	NA
2377	2014-12-20	266142	12:40:00	Pedestrian	1	NA	FALSE	FALSE	1	100 FRANCIS STREET	NA	2014-12-20	Two-Way , Not Divided	Dry	Daylight	Clear	Other	No	No Controls	5	1	Non-Incapacitating	4	41.82955	-71.41802	TRUE	TRUE	100 Francis Street, Providence, RI, USA	FALSE	-71.415882	41.8260966	street_address	rooftop	100 francis st, providence, ri 02903, usa	NA	NA	NA	NA	41.8260966	-71.415882	High	423.3662187165878	Geocoded