row_number	crash_date	crash_report_id	crash_time	collision_type	count_pedestrian	count_bicycle	scooter	wheel_chair	number_of_vehicles	street_or_highway	nearest_intersection	report_date	type_of_roadway	road_surface_condition	light_condition	weather_condition	manner_of_impact	hit_and_run	traffic_control	person_count	injury_count	most_serious_injury	number_of_lanes	lat_raw	lon_raw	has_st_number	is_intersection_null	address_sent_to_geocoder	is_address_blank	lon_api_first_try	lat_api_first_try	type	loctype	address_returned_by_geocoder	address_returned_by_autocomplete	place_ids_autocompleted	lat_api_second_try	lon_api_second_try	lat_api_best	lon_api_best	api_coord_conf	distance_btwn_coords_meters	best_coordinate_set
2378	2014-12-20	266150	16:28:00	Bicycle	NA	1	FALSE	FALSE	1	Valley St	DELAINE ST	2014-12-20	Two-Way , Not Divided	Wet	Daylight	Clear	Angle (Front - to - Side) Right Angle (Includes Broadside)	No	Flashing Traffic Control Signal	3	0	No Injury	NA	41.81951	-71.4405	FALSE	FALSE	Valley Street and Delaine Street, Providence, RI, USA	FALSE	-71.44050340000001	41.8195248	intersection	geometric_center	delaine st & valley st, providence, ri 02909, usa	NA	NA	NA	NA	41.8195248	-71.44050340000001	Med High	1.6714997868991566	NA
2379	2014-12-20	266280	17:35:00	Pedestrian	1	NA	FALSE	FALSE	1	CRANSTON ST	HOLLIS ST	2014-12-21	Two-Way , Not Divided	Snow	Dark - Lighted	Snow	Not a Collision Between Two Motor Vehicles in Transport	No	No Controls	2	1	Complains Of Pain	2	41.81099	-71.43206	FALSE	FALSE	Cranston Street and Hollis Street, Providence, RI, USA	FALSE	-71.4320632	41.8110018	intersection	geometric_center	cranston st & hollis st, providence, ri 02907, usa	NA	NA	NA	NA	41.8110018	-71.4320632	Med High	1.340134881117945	NA
2380	2014-12-17	265755	16:47:00	Pedestrian	1	NA	FALSE	FALSE	1	ATWELLS AVE	ACADEMY AVE	2014-12-17	Two-Way , Not Divided	Dry	Dark - Lighted	Clear	Not a Collision Between Two Motor Vehicles in Transport	No	Traffic Control Signal	2	1	Complains Of Pain	NA	41.82478	-71.4434	FALSE	FALSE	Atwells Ave and Academy Ave, Providence, RI, USA	FALSE	-71.4435191	41.8247997	intersection	geometric_center	atwells ave & academy ave, providence, ri 02909, usa	NA	NA	NA	NA	41.8247997	-71.4435191	Med High	10.120269440065131	NA
2381	2014-12-16	265560	08:25:00	Pedestrian	1	NA	FALSE	FALSE	1	DOUGLAS AVE	DOUGLAS AVE	2014-12-16	Two-Way , Not Divided	Dry	Daylight	Clear	Not a Collision Between Two Motor Vehicles in Transport	No	No Controls	2	1	Complains Of Pain	NA	41.84762	-71.43084	FALSE	FALSE	Douglas Ave and Douglas Ave, Providence, RI, USA	FALSE	-71.4649957	41.8715442	intersection	geometric_center	douglas turnpike & douglas ave, north providence, ri 02904, usa	NA	NA	NA	NA	41.8715442	-71.4649957	Med High	3887.4066343738414	Raw
2382	2014-12-16	265641	20:04:00	Pedestrian	1	NA	FALSE	FALSE	1	Francis St	AMERICAN EXPRESS PLZ	2014-12-16	Two-Way , Not Divided	Dry	Dark - Lighted	Clear	Not a Collision Between Two Motor Vehicles in Transport	No	Traffic Control Signal	7	1	Incapacitating	NA	41.82753	-71.41539	FALSE	FALSE	Francis Street and American Express Plz, Providence, RI, USA	FALSE	-71.4128343	41.8239891	locality	approximate	providence, ri, usa	NA	NA	NA	NA	41.8239891	-71.4128343	Med	447.56653037978793	Raw
2383	2014-12-15	265481	19:48:00	Pedestrian	1	NA	FALSE	FALSE	1	POINT ST	RICHMOND ST	2014-12-15	Two-Way, Divided, Unprotected (painted>4feet) Medium	Dry	Dark - Lighted	Clear	Not a Collision Between Two Motor Vehicles in Transport	No	Traffic Control Signal	2	1	Complains Of Pain	NA	41.81655	-71.40729	FALSE	FALSE	Point Street and Richmond Street, Providence, RI, USA	FALSE	-71.407245	41.8165589	intersection	geometric_center	point st & richmond st, providence, ri 02903, usa	NA	NA	NA	NA	41.8165589	-71.407245	Med High	3.862627269912407	NA
2384	2014-12-14	265317	01:33:00	Pedestrian	1	NA	FALSE	FALSE	1	ELMWOOD AVE	RESERVOIR AVE	2014-12-14	Two-Way, Divided, Positive Median Barrier	Dry	Dark - Lighted	Clear	Head-On (Front - to - Front)	Yes, M/V and Driver Left Scene	Traffic Control Signal	3	1	Fatal	NA	41.79785	-71.42611	FALSE	FALSE	Elmwood Ave and Reservoir Ave, Providence, RI, USA	FALSE	-71.4258248	41.7971616	intersection	geometric_center	reservoir ave & elmwood ave, providence, ri 02907, usa	NA	NA	NA	NA	41.7971616	-71.4258248	Med High	80.20420498471373	NA
2385	2014-12-13	265254	15:17:00	Bicycle	NA	1	FALSE	FALSE	1	BROADWAY	KNIGHT ST	2014-12-13	Two-Way , Not Divided	Dry	Daylight	Clear	Not a Collision Between Two Motor Vehicles in Transport	No	Traffic Control Signal	3	0	No Injury	2	41.8198	-71.42936	FALSE	FALSE	Broadway and Knight Street, Providence, RI, USA	FALSE	-71.4298401	41.8202496	route	geometric_center	knight st, providence, ri, usa	Broadway & Knight Street, Providence, RI, USA	Ei1Ccm9hZHdheSAmIEtuaWdodCBTdHJlZXQsIFByb3ZpZGVuY2UsIFJJLCBVU0EiZiJkChQKEgmvZYGEdUXkiRHAVmwJ-u4XKRIUChIJr2WBhHVF5IkRwFZsCfruFykaFAoSCaW15YZ1ReSJERrCM7HXpG-zGhQKEgkPqvF6dUXkiRGsZxyELkktfCIKDcQy7RgVV79s1Q	41.8198212	-71.4293417	41.8198212	-71.4293417	Med	2.8061231257427877	NA
2386	2014-12-12	265143	18:48:00	Pedestrian	1	NA	FALSE	FALSE	1	MEMORIAL BOULEVARD	COLLEGE ST	2014-12-12	Two-Way , Not Divided	Dry	Dark - Lighted	Clear	Not a Collision Between Two Motor Vehicles in Transport	No	Traffic Control Signal	4	1	Complains Of Pain	NA	41.82529	-71.40895	FALSE	FALSE	Memorial Boulevard and College Street, Providence, RI, USA	FALSE	-71.4088081	41.8253077	intersection	geometric_center	memorial blvd & college st, providence, ri 02903, usa	NA	NA	NA	NA	41.8253077	-71.4088081	Med High	11.93483387030776	NA
2387	2014-12-10	264553	08:09:00	Pedestrian	1	NA	FALSE	FALSE	1	STATE ST	ORMS ST EXIT 23	2014-12-10	Two-Way , Not Divided	Wet	Daylight	Cloudy	Angle (Front - to - Side) Same Direction	No	Pavement Markings	3	1	Complains Of Pain	NA	41.83475	-71.41433	FALSE	FALSE	State Street and Orms St Exit 23, Providence, RI, USA	FALSE	-71.4191013	41.8342191	route	geometric_center	orms st, providence, ri, usa	State Street & Orms St, Providence, RI, USA	EitTdGF0ZSBTdHJlZXQgJiBPcm1zIFN0LCBQcm92aWRlbmNlLCBSSSwgVVNBImYiZAoUChIJgXSfcBxF5IkRpQWViS383hMSFAoSCYF0n3AcReSJEaUFlYkt_N4TGhQKEgm94rfqG0XkiRE8RkwHh4qxWBoUChIJJ2knvwRF5IkRzK6GSUqZqcEiCg2Seu8YFTUIb9U	41.83476659999999	-71.4143691	41.83476659999999	-71.4143691	Med	3.7325255584805177	NA
2388	2014-12-10	264694	17:18:00	Pedestrian	1	NA	FALSE	FALSE	1	HOPE ST	ANGELL ST	2014-12-10	Two-Way , Not Divided	Wet	Dark - Lighted	Rain	Not a Collision Between Two Motor Vehicles in Transport	No	Pavement Markings	2	1	Complains Of Pain	NA	41.82881	-71.39779	FALSE	FALSE	Hope Street and Angell Street, Providence, RI, USA	FALSE	-71.3974982	41.8284083	intersection	geometric_center	hope st & angell st, providence, ri 02906, usa	NA	NA	NA	NA	41.8284083	-71.3974982	Med High	50.84753292843689	NA
2389	2014-12-10	264746	15:47:00	Pedestrian	2	NA	FALSE	FALSE	1	Hayward St	PEARL ST	2014-12-10	Two-Way , Not Divided	Wet	Dusk	Rain	Not a Collision Between Two Motor Vehicles in Transport	Yes, M/V and Driver Left Scene	Stop Signs	2	2	Complains Of Pain	2	41.8142	-71.41992	FALSE	FALSE	Hayward Street and Pearl Street, Providence, RI, USA	FALSE	-71.4199237	41.8142232	intersection	geometric_center	pearl st & hayward st, providence, ri 02907, usa	NA	NA	NA	NA	41.8142232	-71.4199237	Med High	2.6007926687217497	NA
2390	2014-12-10	264780	21:21:00	Pedestrian	1	NA	FALSE	FALSE	1	WATERMAN ST	HOPE ST	2014-12-10	Two-Way , Not Divided	Wet	Dark - Lighted	Rain	Not a Collision Between Two Motor Vehicles in Transport	No	Traffic Control Signal	2	1	Complains Of Pain	2	41.82758	-71.39723	FALSE	FALSE	Waterman Street and Hope Street, Providence, RI, USA	FALSE	-71.39723049999999	41.82760140000001	intersection	geometric_center	hope st & waterman st, providence, ri 02906, usa	NA	NA	NA	NA	41.82760140000001	-71.39723049999999	Med High	2.3825981219298624	NA
2391	2014-12-09	264368	16:57:00	Bicycle	NA	1	FALSE	FALSE	1	Broadway	KNIGHT ST	2014-12-09	Two-Way , Not Divided	Wet	Dark - Lighted	Rain	Not a Collision Between Two Motor Vehicles in Transport	No	No Controls	3	1	Complains Of Pain	2	41.8197	-71.42975	FALSE	FALSE	Broadway and Knight Street, Providence, RI, USA	FALSE	-71.4298401	41.8202496	route	geometric_center	knight st, providence, ri, usa	Broadway & Knight Street, Providence, RI, USA	Ei1Ccm9hZHdheSAmIEtuaWdodCBTdHJlZXQsIFByb3ZpZGVuY2UsIFJJLCBVU0EiZiJkChQKEgmvZYGEdUXkiRHAVmwJ-u4XKRIUChIJr2WBhHVF5IkRwFZsCfruFykaFAoSCaW15YZ1ReSJERrCM7HXpG-zGhQKEgkPqvF6dUXkiRGsZxyELkktfCIKDcQy7RgVV79s1Q	41.8198212	-71.4293417	41.8198212	-71.4293417	Med	36.46085949000639	NA
2392	2014-12-05	263431	07:53:00	Pedestrian	1	NA	FALSE	FALSE	1	ORMS ST	SMITH ST	2014-12-06	Two-Way, Divided, Unprotected (painted>4feet) Medium	Dry	Daylight	Clear	Head-On (Front - to - Front)	No	Traffic Control Signal	2	2	Complains Of Pain	NA	41.83377	-71.42198	FALSE	FALSE	Orms Street and Smith Street, Providence, RI, USA	FALSE	-71.4219437	41.8337775	intersection	geometric_center	orms st & smith st, providence, ri 02904, usa	NA	NA	NA	NA	41.8337775	-71.4219437	Med High	3.124418663472993	NA
2393	2014-12-04	263058	13:30:00	Pedestrian	1	NA	FALSE	FALSE	1	Washington St	GREENE ST	2014-12-04	Two-Way , Not Divided	Dry	Daylight	Clear	Other	No	Traffic Control Signal	2	1	Non-Incapacitating	NA	41.82126	-71.4172	FALSE	FALSE	Washington Street and Greene Street, Providence, RI, USA	FALSE	-71.4168727	41.8210088	route	geometric_center	greene st, providence, ri 02903, usa	Washington Street & Greene Street, Providence, RI, USA	EjZXYXNoaW5ndG9uIFN0cmVldCAmIEdyZWVuZSBTdHJlZXQsIFByb3ZpZGVuY2UsIFJJLCBVU0EiZiJkChQKEgm34he7EkXkiRGsc_jDIc_nwRIUChIJt-IXuxJF5IkRrHP4wyHP58EaFAoSCanazZwSReSJERoH0JajEjT2GhQKEgn9APC2EkXkiRFL2JV2CXi6tSIKDatr7RgVkphu1Q	41.8212779	-71.417227	41.8212779	-71.417227	Med	2.9979301723737284	NA
2394	2014-12-01	262587	12:00:00	Bicycle	NA	1	FALSE	FALSE	2	ORMS ST	CHARLES ST	2014-12-01	Two-Way , Not Divided	Dry	Daylight	Clear	Head-On (Front - to - Front)	No	Pavement Markings	6	3	Incapacitating	NA	41.83489	-71.41223	FALSE	FALSE	Orms Street and Charles Street, Providence, RI, USA	FALSE	-71.41138579999999	41.8348611	intersection	geometric_center	charles st & orms st, providence, ri 02904, usa	NA	NA	NA	NA	41.8348611	-71.41138579999999	Med High	70.09251776740805	NA
2395	2014-11-30	262408	02:53:00	Pedestrian	1	NA	FALSE	FALSE	1	PINE ST	RICHMOND ST	2014-11-30	One-Way Trafficway	Dry	Dark - Lighted	Clear	Unknown	Yes, M/V and Driver Left Scene	No Controls	6	1	Non-Incapacitating	NA	41.82027	-71.41213	FALSE	FALSE	Pine Street and Richmond Street, Providence, RI, USA	FALSE	-71.4088649	41.8188298	route	geometric_center	richmond st, providence, ri, usa	Pine Street & Richmond Street, Providence, RI, USA	EjJQaW5lIFN0cmVldCAmIFJpY2htb25kIFN0cmVldCwgUHJvdmlkZW5jZSwgUkksIFVTQSJmImQKFAoSCbP-c6EUReSJEYeVs9Zva_4EEhQKEgmz_nOhFEXkiRGHlbPWb2v-BBoUChIJOZMJU2xF5IkRoCks8G_vwjwaFAoSCbFeXiRrReSJEfWPLeMumlQUIgoNzlHtGBWXa2_V	41.8206158	-71.4118249	41.8206158	-71.4118249	Med	46.07009773669856	NA
2396	2014-11-28	262259	18:30:00	Pedestrian	2	NA	FALSE	FALSE	1	POCASSET AVE	PLAINFIELD ST	2014-11-28	Two-Way , Not Divided	Dry	Dark - Lighted	Clear	Other	Yes, Driver Left Scene	No Controls	2	1	Complains Of Pain	NA	41.8137	-71.44794	FALSE	FALSE	Pocasset Ave and Plainfield Street, Providence, RI, USA	FALSE	-71.44779419999999	41.8138447	intersection	geometric_center	pocasset ave & plainfield st, providence, ri 02909, usa	NA	NA	NA	NA	41.8138447	-71.44779419999999	Med High	20.144403832388114	NA
2397	2014-11-26	262032	16:24:00	Pedestrian	1	NA	FALSE	FALSE	1	WAVERLY ST	CRANSTON ST	2014-11-26	Two-Way , Not Divided	Wet	Dark - Not Lighted	Sleet, Hail (Freezing Rain or Drizzle)	Other	Yes, M/V and Driver Left Scene	No Controls	1	1	Complains Of Pain	NA	41.80834	-71.43458	FALSE	FALSE	Waverly Street and Cranston Street, Providence, RI, USA	FALSE	-71.43456739999999	41.8083361	intersection	geometric_center	cranston st & waverly st, providence, ri 02907, usa	NA	NA	NA	NA	41.8083361	-71.43456739999999	Med High	1.1320455742974647	NA
2398	2014-11-26	262445	09:39:00	Pedestrian	1	NA	FALSE	FALSE	1	PLAINFIELD ST	DIKE ST	2014-11-30	Two-Way , Not Divided	Dry	Daylight	Clear	Other	Yes, M/V and Driver Left Scene	No Controls	3	1	Complains Of Pain	NA	41.81643	-71.44431	FALSE	FALSE	Plainfield Street and Dike Street, Providence, RI, USA	FALSE	-71.444405	41.816372	intersection	geometric_center	dike st & plainfield st, providence, ri 02909, usa	NA	NA	NA	NA	41.816372	-71.444405	Med High	10.188583612489923	NA
2399	2014-11-24	261631	17:08:00	Pedestrian	1	NA	FALSE	FALSE	1	WEYBOSSET ST	SNOW ST	2014-11-24	Two-Way, Divided, Unprotected (painted>4feet) Medium	Wet	Dark - Lighted	Cloudy	Not a Collision Between Two Motor Vehicles in Transport	No	Other	3	0	No Injury	NA	41.82068	-71.41328	FALSE	FALSE	Weybosset Street and Snow Street, Providence, RI, USA	FALSE	-71.41327210000001	41.8207059	intersection	geometric_center	weybosset st & snow st, providence, ri 02903, usa	NA	NA	NA	NA	41.8207059	-71.41327210000001	Med High	2.9567240240679586	NA
2400	2014-11-24	261597	13:54:00	Pedestrian	1	NA	FALSE	FALSE	1	HOPE ST	WICKENDEN ST	2014-11-24	Two-Way , Not Divided	Wet	Daylight	Rain	Other	No	No Controls	2	1	Complains Of Pain	NA	41.81982	-71.39543	FALSE	FALSE	Hope Street and Wickenden Street, Providence, RI, USA	FALSE	-71.3953923	41.8198132	intersection	geometric_center	wickenden st & hope st, providence, ri 02903, usa	NA	NA	NA	NA	41.8198132	-71.3953923	Med High	3.2179060907462125	NA
2401	2014-11-24	261608	12:57:00	Bicycle	NA	1	FALSE	FALSE	1	WATERMAN ST	PROSPECT ST	2014-11-24	Two-Way , Not Divided	Wet	Daylight	Rain	Angle (Front - to - Side) Right Angle (Includes Broadside)	No	Stop Signs	2	0	No Injury	NA	41.82691	-71.40472	FALSE	FALSE	Waterman Street and Prospect Street, Providence, RI, USA	FALSE	-71.40471029999999	41.8269107	intersection	geometric_center	waterman st & prospect st, providence, ri 02906, usa	NA	NA	NA	NA	41.8269107	-71.40471029999999	Med High	0.8083905950673639	NA
2402	2014-11-22	261424	13:07:00	Pedestrian	1	NA	FALSE	FALSE	1	871 ELMWOOD AVE	ROGER WILLIAMS CT	2014-11-22	Two-Way , Not Divided	Dry	Daylight	Clear	Other	Yes, M/V and Driver Left Scene	No Controls	3	1	Complains Of Pain	NA	41.78885	-71.4212	TRUE	FALSE	871 Elmwood Ave, Providence, RI, USA	FALSE	-71.4214714	41.7886971	premise	rooftop	871 elmwood ave, providence, ri 02907, usa	NA	NA	NA	NA	41.7886971	-71.4214714	High	28.233708398972972	NA
2403	2014-11-21	261044	00:31:00	Bicycle	NA	1	FALSE	FALSE	1	WASHINGTON ST	EMPIRE ST	2014-11-21	Two-Way , Not Divided	Dry	Dark - Lighted	Clear	Not a Collision Between Two Motor Vehicles in Transport	No	Traffic Control Signal	2	1	Incapacitating	NA	41.82182	-71.41645	FALSE	FALSE	Washington Street and Empire Street, Providence, RI, USA	FALSE	-71.4157797	41.821349	route	geometric_center	empire st, providence, ri 02903, usa	Washington Street & Empire Street, Providence, RI, USA	EjZXYXNoaW5ndG9uIFN0cmVldCAmIEVtcGlyZSBTdHJlZXQsIFByb3ZpZGVuY2UsIFJJLCBVU0EiZiJkChQKEgmNpp3sEkXkiRHnvAEsqcaDvRIUChIJjaad7BJF5IkR57wBLKnGg70aFAoSCanazZwSReSJERoH0JajEjT2GhQKEgnHPO_pEkXkiRGhxI4iuiomFSIKDWmC7RgVI7hu1Q	41.82186009999999	-71.4164189	41.82186009999999	-71.4164189	Med	5.155853917904554	NA
2404	2014-11-18	260619	17:03:00	Pedestrian	1	NA	FALSE	FALSE	1	CHALKSTONE AVENUE	CANTON STREET	2014-11-18	Two-Way , Not Divided	Dry	Dark - Lighted	Clear	Not a Collision Between Two Motor Vehicles in Transport	Yes, M/V and Driver Left Scene	No Controls	2	0	Unknown	2	41.82937	-71.41803	FALSE	FALSE	Chalkstone Avenue and Canton Street, Providence, RI, USA	FALSE	-71.44251179999999	41.83230959999999	intersection	geometric_center	canton st & chalkstone ave, providence, ri 02908, usa	NA	NA	NA	NA	41.83230959999999	-71.44251179999999	Med High	2056.8661755321787	Geocoded
2405	2014-11-17	260487	14:15:00	Pedestrian	1	NA	FALSE	FALSE	1	100 HARTFORD AVE	EDNA ST	2014-11-17	Two-Way, Divided, Unprotected (painted>4feet) Medium	Wet	Daylight	Rain	Other	No	No Controls	5	1	Complains Of Pain	NA	41.81688	-71.44587	TRUE	FALSE	100 Hartford Ave, Providence, RI, USA	FALSE	-71.4461467	41.8167165	premise	rooftop	100 hartford ave, providence, ri 02909, usa	NA	NA	NA	NA	41.8167165	-71.4461467	High	29.29597788274081	NA
2406	2014-11-17	260499	17:34:00	Pedestrian	1	NA	FALSE	FALSE	1	CANDACE ST	ORMS ST	2014-11-17	Two-Way , Not Divided	Wet	Dark - Unknown Lighting	Rain	Angle (Front - to - Side) Right Angle (Includes Broadside)	No	Traffic Control Signal	2	1	Complains Of Pain	NA	41.8338	-71.4219	FALSE	FALSE	Candace Street and Orms Street, Providence, RI, USA	FALSE	-71.42186199999999	41.8337901	intersection	geometric_center	candace st & orms st, providence, ri 02908, usa	NA	NA	NA	NA	41.8337901	-71.42186199999999	Med High	3.338924347472467	NA
2407	2014-11-17	260507	17:48:00	Pedestrian	1	NA	FALSE	FALSE	1	122 BATH ST	ORMS ST	2014-11-17	Two-Way , Not Divided	Wet	Dark - Lighted	Rain	Not a Collision Between Two Motor Vehicles in Transport	No	No Controls	3	1	Complains Of Pain	NA	41.83354	-71.42555	TRUE	FALSE	122 Bath Street, Providence, RI, USA	FALSE	-71.4256785	41.8335304	premise	rooftop	122 bath st, providence, ri 02908, usa	NA	NA	NA	NA	41.8335304	-71.4256785	High	10.71156228779537	NA
2408	2014-11-15	260188	17:33:00	Pedestrian	1	NA	FALSE	FALSE	1	Amherst Street	FLORENCE ST	2014-11-15	Two-Way , Not Divided	Dry	Dark - Lighted	Clear	Angle (Front - to - Side) Same Direction	No	Stop Signs	4	1	Complains Of Pain	NA	41.82327	-71.44575	FALSE	FALSE	Amherst Street and Florence Street, Providence, RI, USA	FALSE	-71.445702	41.823273	intersection	geometric_center	florence st & amherst st, providence, ri 02909, usa	NA	NA	NA	NA	41.823273	-71.445702	Med High	3.995861458969256	NA
2409	2014-11-14	259916	13:44:00	Pedestrian	1	NA	FALSE	FALSE	1	BRANCH AVE	DRYDEN LN	2014-11-14	Unknown	Dry	Daylight	Clear	Not a Collision Between Two Motor Vehicles in Transport	No	No Controls	2	1	Complains Of Pain	NA	41.84341	-71.40865	FALSE	FALSE	Branch Ave and Dryden Ln, Providence, RI, USA	FALSE	-71.4084611	41.8429742	intersection	geometric_center	branch ave & dryden ln, providence, ri 02904, usa	NA	NA	NA	NA	41.8429742	-71.4084611	Med High	50.97962288758013	NA
2410	2014-11-13	259797	18:32:00	Pedestrian	1	NA	FALSE	FALSE	1	CLAVERICK ST	BROAD ST	2014-11-13	One-Way Trafficway	Dry	Dark - Not Lighted	Clear	Not a Collision Between Two Motor Vehicles in Transport	No	Traffic Control Signal	4	1	Complains Of Pain	NA	41.81936	-71.41492	FALSE	FALSE	Claverick Street and Broad Street, Providence, RI, USA	FALSE	-71.41498299999999	41.8193579	intersection	geometric_center	claverick st & broad st, providence, ri 02903, usa	NA	NA	NA	NA	41.8193579	-71.41498299999999	Med High	5.231764250796475	NA
2411	2014-11-12	259622	19:00:00	Pedestrian	1	NA	FALSE	FALSE	1	CHALKSTONE AVENUE	HOME AVENUE	2014-11-12	Two-Way , Not Divided	Dry	Dark - Lighted	Clear	Not a Collision Between Two Motor Vehicles in Transport	No	No Controls	2	1	Non-Incapacitating	2	41.81513	-71.41188	FALSE	FALSE	Chalkstone Avenue and Home Avenue, Providence, RI, USA	FALSE	-71.4451081	41.8325367	intersection	geometric_center	chalkstone ave & home ave, providence, ri 02908, usa	NA	NA	NA	NA	41.8325367	-71.4451081	Med High	3369.372431263101	Geocoded
2412	2014-11-11	259757	16:03:00	Pedestrian	1	NA	FALSE	FALSE	1	HARTFORD AVE	HARTFORD AVE	2014-11-13	Two-Way, Divided, Unprotected (painted>4feet) Medium	Dry	Daylight	Clear	Other	Yes, M/V and Driver Left Scene	No Controls	1	1	Complains Of Pain	NA	41.81755	-71.45283	FALSE	FALSE	Hartford Ave and Hartford Ave, Providence, RI, USA	FALSE	-71.4587339	41.8185901	route	geometric_center	hartford ave, providence, ri, usa	Hartford Ave Service Rd & Hartford Ave, Johnston, Providence, RI, USA	EkVIYXJ0Zm9yZCBBdmUgU2VydmljZSBSZCAmIEhhcnRmb3JkIEF2ZSwgSm9obnN0b24sIFByb3ZpZGVuY2UsIFJJLCBVU0EiZiJkChQKEgmP4Jty0EfkiRFZT82Cwq1hZxIUChIJj-CbctBH5IkRWU_NgsKtYWcaFAoSCUk2WRTQR-SJEffJJKBODzFaGhQKEgkvAx61JEbkiRGCwC0vu7gN1iIKDdap7hgVnoNc1Q	41.829423	-71.5357282	41.829423	-71.5357282	Med	7002.7281553780485	Raw
2413	2014-11-11	259876	17:22:00	Bicycle	NA	1	FALSE	FALSE	1	BLACKSTONE BLVD	HOPE ST	2014-11-11	Two-Way, Divided, Unprotected (painted>4feet) Medium	Dry	Dark - Lighted	Clear	Angle (Front - to - Side) Right Angle (Includes Broadside)	No	No Controls	3	0	No Injury	NA	41.85622	-71.39145	FALSE	FALSE	Blackstone Blvd and Hope Street, Providence, RI, USA	FALSE	-71.3915342	41.8561535	intersection	geometric_center	hope st & blackstone blvd, providence, ri 02906, usa	NA	NA	NA	NA	41.8561535	-71.3915342	Med High	10.17541589735755	NA
2414	2014-11-10	260452	08:43:00	Pedestrian	1	NA	FALSE	FALSE	1	ANGELL ST	S ANGELL ST	2014-11-17	One-Way Trafficway	Dry	Daylight	Clear	Not a Collision Between Two Motor Vehicles in Transport	No	Traffic Control Signal	7	1	Non-Incapacitating	NA	41.83008	-71.38825	FALSE	FALSE	Angell Street and S Angell Street, Providence, RI, USA	FALSE	-71.38795379999999	41.8300494	intersection	geometric_center	s angell st & angell st, providence, ri 02906, usa	NA	NA	NA	NA	41.8300494	-71.38795379999999	Med High	24.803935978453037	NA
2415	2014-11-09	258945	12:28:00	Bicycle	NA	1	FALSE	FALSE	1	STEEPLE STREET	MEMORIAL BLVD.	2014-11-09	Two-Way , Not Divided	Dry	Daylight	Clear	Other	No	Traffic Control Signal	4	1	Non-Incapacitating	4	41.8317	-71.41732	FALSE	FALSE	Steeple Street and Memorial Blvd., Providence, RI, USA	FALSE	-71.4134258	41.8263996	route	geometric_center	memorial blvd, providence, ri 02903, usa	NA	NA	NA	NA	41.8263996	-71.4134258	Med	672.6700480478639	Neither
2416	2014-11-07	258311	07:47:00	Bicycle	NA	1	FALSE	FALSE	1	MOUNT HOPE AVE	HOPE ST	2014-11-07	Two-Way, Divided, Unprotected (painted>4feet) Medium	Dry	Daylight	Clear	Angle (Front - to - Side) Right Angle (Includes Broadside)	No	No Controls	3	2	Complains Of Pain	NA	41.84036	-71.39931	FALSE	FALSE	Mount Hope Ave and Hope Street, Providence, RI, USA	FALSE	-71.39930160000002	41.8403661	intersection	geometric_center	hope st & mt hope ave, providence, ri 02906, usa	NA	NA	NA	NA	41.8403661	-71.39930160000002	Med High	0.9728407832864152	NA
2417	2014-11-07	258452	13:06:00	Bicycle	NA	1	FALSE	FALSE	1	FRANCIS STREET	FINANCE WAY	2014-11-07	Two-Way , Not Divided	Dry	Daylight	Clear	Other	No	No Controls	5	1	Non-Incapacitating	4	41.82955	-71.41802	FALSE	FALSE	Francis Street and Finance Way, Providence, RI, USA	FALSE	-71.4141847	41.8276529	route	geometric_center	finance way, providence, ri 02903, usa	Francis Street & Finance Way, Providence, RI, USA	EjFGcmFuY2lzIFN0cmVldCAmIEZpbmFuY2UgV2F5LCBQcm92aWRlbmNlLCBSSSwgVVNBImYiZAoUChIJV0u8VBBF5IkRSbWudbN2R1USFAoSCVdLvFQQReSJEUm1rnWzdkdVGhQKEgnjCiVZEEXkiREJ12uSbA5CmxoUChIJTVXC7xBF5IkRh9pEKJ3E5UwiCg3zXO4YFdnfbtU	41.8274547	-71.4154023	41.8274547	-71.4154023	Med	318.6729837725802	Geocoded
2418	2014-11-02	257269	01:52:00	Pedestrian	1	NA	FALSE	FALSE	1	MORRIS AVE	CYPRESS ST	2014-11-02	Two-Way , Not Divided	Dry	Dark - Lighted	Clear	Not a Collision Between Two Motor Vehicles in Transport	No	Stop Signs	2	1	Complains Of Pain	2	41.84058	-71.39733	FALSE	FALSE	Morris Ave and Cypress Street, Providence, RI, USA	FALSE	-71.397331	41.8405799	intersection	geometric_center	morris ave & cypress st, providence, ri 02906, usa	NA	NA	NA	NA	41.8405799	-71.397331	Med High	0.08367720781545017	NA
2419	2014-11-01	257142	15:41:00	Pedestrian	1	NA	FALSE	FALSE	1	2 Tobey Street	PENN ST	2014-11-01	One-Way Trafficway	Wet	Daylight	Rain	Not a Collision Between Two Motor Vehicles in Transport	No	No Controls	3	1	Complains Of Pain	NA	41.82037	-71.43582	TRUE	FALSE	2 Tobey Street, Providence, RI, USA	FALSE	-71.43556339999999	41.8203816	premise	rooftop	2 tobey st, providence, ri 02909, usa	NA	NA	NA	NA	41.8203816	-71.43556339999999	High	21.326567321919505	NA
2420	2014-10-29	256581	06:53:00	Pedestrian	1	NA	FALSE	FALSE	1	338 Hartford Ave	LAUREL HILL AVE	2014-10-29	Two-Way, Divided, Unprotected (painted>4feet) Medium	Wet	Daylight	Clear	Head-On (Front - to - Front)	No	No Controls	3	2	Complains Of Pain	2	41.81777	-71.45442	TRUE	FALSE	338 Hartford Ave, Providence, RI, USA	FALSE	-71.4545421	41.8176486	street_address	rooftop	338 hartford ave, providence, ri 02909, usa	NA	NA	NA	NA	41.8176486	-71.4545421	High	16.8892241881781	NA