row_number	crash_date	crash_report_id	crash_time	collision_type	count_pedestrian	count_bicycle	scooter	wheel_chair	number_of_vehicles	street_or_highway	nearest_intersection	report_date	type_of_roadway	road_surface_condition	light_condition	weather_condition	manner_of_impact	hit_and_run	traffic_control	person_count	injury_count	most_serious_injury	number_of_lanes	lat_raw	lon_raw	has_st_number	is_intersection_null	address_sent_to_geocoder	is_address_blank	lon_api_first_try	lat_api_first_try	type	loctype	address_returned_by_geocoder	address_returned_by_autocomplete	place_ids_autocompleted	lat_api_second_try	lon_api_second_try	lat_api_best	lon_api_best	api_coord_conf	distance_btwn_coords_meters	best_coordinate_set
2421	2014-10-29	256729	22:15:00	Bicycle	NA	1	FALSE	FALSE	1	119 Atwells Ave	BRADFORD ST	2014-10-29	Two-Way , Not Divided	Wet	Dark - Lighted	Rain	Not a Collision Between Two Motor Vehicles in Transport	Yes, M/V and Driver Left Scene	No Controls	1	1	Non-Incapacitating	NA	41.82324	-71.42193	TRUE	FALSE	119 Atwells Ave, Providence, RI, USA	FALSE	-71.4219054	41.8234197	street_address	rooftop	119 atwells ave, providence, ri 02903, usa	NA	NA	NA	NA	41.8234197	-71.4219054	High	20.107934353489824	NA
2422	2014-10-27	256430	18:15:00	Bicycle	NA	1	FALSE	FALSE	1	PRESCOTT ST	WOLCOTT ST	2014-10-27	Two-Way, Divided, Unprotected (painted>4feet) Medium	Dry	Dark - Not Lighted	Clear	Head-On (Front - to - Front)	No	No Controls	3	1	Complains Of Pain	NA	41.82999	-71.43421	FALSE	FALSE	Prescott Street and Wolcott Street, Providence, RI, USA	FALSE	-71.434212	41.829994	intersection	geometric_center	wolcott st & prescott st, providence, ri 02908, usa	NA	NA	NA	NA	41.829994	-71.434212	Med High	0.4751772177198245	NA
2423	2014-10-27	256450	20:01:00	Pedestrian	1	NA	FALSE	FALSE	1	WASHINGTON ST	DORRANCE ST	2014-10-27	Two-Way , Not Divided	Dry	Dark - Lighted	Clear	Not a Collision Between Two Motor Vehicles in Transport	No	Traffic Control Signal	3	1	Complains Of Pain	2	41.82445	-71.41277	FALSE	FALSE	Washington Street and Dorrance Street, Providence, RI, USA	FALSE	-71.41277699999999	41.8244607	intersection	geometric_center	washington st & dorrance st, providence, ri 02903, usa	NA	NA	NA	NA	41.8244607	-71.41277699999999	Med High	1.325123782231511	NA
2424	2014-10-25	256155	03:23:00	Bicycle	NA	1	FALSE	FALSE	1	GROVE ST	KNIGHT ST	2014-10-25	Two-Way , Not Divided	Dry	Dark - Lighted	Clear	Not a Collision Between Two Motor Vehicles in Transport	No	Stop Signs	5	1	Complains Of Pain	NA	41.82039	-71.43003	FALSE	FALSE	Grove Street and Knight Street, Providence, RI, USA	FALSE	-71.4300307	41.8204053	intersection	geometric_center	knight st & grove st, providence, ri 02909, usa	NA	NA	NA	NA	41.8204053	-71.4300307	Med High	1.7041779243328132	NA
2425	2014-10-24	256195	19:05:00	Pedestrian	1	NA	FALSE	FALSE	1	PARK ST	SMITH ST	2014-10-25	Two-Way , Not Divided	Dry	Dusk	Clear	Not a Collision Between Two Motor Vehicles in Transport	Yes, M/V and Driver Left Scene	No Controls	1	0	Unknown	NA	41.83185	-71.4169	FALSE	FALSE	Park Street and Smith Street, Providence, RI, USA	FALSE	-71.4168712	41.8319005	intersection	geometric_center	park st & smith st, providence, ri 02903, usa	NA	NA	NA	NA	41.8319005	-71.4168712	Med High	6.1081236911914	NA
2426	2014-10-22	255852	21:00:00	Pedestrian	1	NA	FALSE	FALSE	1	DOUGLAS AVE	DOUGLAS AVE	2014-10-22	Two-Way , Not Divided	Wet	Dark - Not Lighted	Rain	Not a Collision Between Two Motor Vehicles in Transport	No	Stop Signs	3	1	Complains Of Pain	NA	41.84762	-71.43084	FALSE	FALSE	Douglas Ave and Douglas Ave, Providence, RI, USA	FALSE	-71.4649957	41.8715442	intersection	geometric_center	douglas turnpike & douglas ave, north providence, ri 02904, usa	NA	NA	NA	NA	41.8715442	-71.4649957	Med High	3887.4066343738414	Raw
2427	2014-10-22	255858	20:00:00	Pedestrian	1	NA	FALSE	FALSE	1	N MAIN ST	RANDALL ST	2014-10-22	Two-Way, Divided, Positive Median Barrier	Wet	Dark - Lighted	Rain	Not a Collision Between Two Motor Vehicles in Transport	No	No Controls	3	1	Incapacitating	4	41.83815	-71.40958	FALSE	FALSE	N Main Street and Randall Street, Providence, RI, USA	FALSE	-71.4107138	41.837311	route	geometric_center	randall st, providence, ri, usa	North Main Street & Randall Street, Providence, RI, USA	EjdOb3J0aCBNYWluIFN0cmVldCAmIFJhbmRhbGwgU3RyZWV0LCBQcm92aWRlbmNlLCBSSSwgVVNBImYiZAoUChIJDY71Lh5F5IkRRD0q_3pm2QwSFAoSCQ2O9S4eReSJEUQ9Kv96ZtkMGhQKEgn5-kE93kTkiRFf162-DVwjPxoUChIJl4Ahbx5F5IkRBUfDXuGiS6oiCg2M9-8YFVXBb9U	41.837966	-71.4096299	41.837966	-71.4096299	Med	20.89669977163624	NA
2428	2014-10-21	255787	08:17:00	Pedestrian	1	NA	FALSE	FALSE	1	CHARLES ST	GILLEN ST	2014-10-22	Two-Way , Not Divided	Dry	Daylight	Clear	Not a Collision Between Two Motor Vehicles in Transport	No	No Controls	4	0	No Injury	NA	41.85245	-71.42032	FALSE	FALSE	Charles Street and Gillen Street, Providence, RI, USA	FALSE	-71.4190635	41.8529451	route	geometric_center	gillen st, providence, ri 02904, usa	Charles Street & Gillen Street, Providence, RI, USA	EjNDaGFybGVzIFN0cmVldCAmIEdpbGxlbiBTdHJlZXQsIFByb3ZpZGVuY2UsIFJJLCBVU0EiZiJkChQKEglD8_St8UTkiRHDI_WdOKw57xIUChIJQ_P0rfFE5IkRwyP1nTisOe8aFAoSCXULzmzxROSJEctkyy41Vf0yGhQKEglVe4_D8UTkiRHqjY5w7qPPpSIKDeIu8hgVXiBu1Q	41.8524898	-71.42030419999999	41.8524898	-71.42030419999999	Med	4.620156302663804	NA
2429	2014-10-21	255809	18:17:00	Pedestrian	1	NA	FALSE	FALSE	1	BROADWAY	SUTTON ST	2014-10-22	Two-Way, Divided, Unprotected (painted>4feet) Medium	Dry	Dawn	Clear	Not a Collision Between Two Motor Vehicles in Transport	No	No Controls	4	1	Non-Incapacitating	2	41.82019	-71.42767	FALSE	FALSE	Broadway and Sutton Street, Providence, RI, USA	FALSE	-71.4285283	41.8223473	route	geometric_center	sutton st, providence, ri 02903, usa	NA	NA	NA	NA	41.8223473	-71.4285283	Med	250.48293880592206	Raw
2430	2014-10-20	255625	12:03:00	Bicycle	NA	1	FALSE	FALSE	1	BRIDGHAM ST	CRANSTON ST	2014-10-20	Two-Way , Not Divided	Dry	Daylight	Clear	Not a Collision Between Two Motor Vehicles in Transport	Yes, M/V and Driver Left Scene	Traffic Control Signal	1	1	Complains Of Pain	NA	41.81398	-71.42695	FALSE	FALSE	Bridgham Street and Cranston Street, Providence, RI, USA	FALSE	-71.426947	41.8139796	intersection	geometric_center	cranston st & bridgham st, providence, ri 02907, usa	NA	NA	NA	NA	41.8139796	-71.426947	Med High	0.2528552560687815	NA
2431	2014-10-18	255373	00:58:00	Bicycle	NA	1	FALSE	FALSE	1	WATERMAN ST	IVES ST	2014-10-18	One-Way Trafficway	Dry	Dark - Lighted	Clear	Angle (Front - to - Side) Right Angle (Includes Broadside)	No	No Controls	3	1	Complains Of Pain	NA	41.82778	-71.39291	FALSE	FALSE	Waterman Street and Ives Street, Providence, RI, USA	FALSE	-71.3929088	41.8277996	intersection	geometric_center	ives st & waterman st, providence, ri 02906, usa	NA	NA	NA	NA	41.8277996	-71.3929088	Med High	2.184131425974228	NA
2432	2014-10-18	255906	13:44:00	Pedestrian	1	NA	FALSE	FALSE	1	150 STAMFORD AVE	PARKING LOT	2014-10-23	Unknown	Dry	Daylight	Clear	Not a Collision Between Two Motor Vehicles in Transport	No	No Controls	5	1	Complains Of Pain	NA	41.77731	-71.41966	TRUE	FALSE	150 Stamford Ave, Providence, RI, USA	FALSE	-71.4195634	41.77665320000001	premise	rooftop	150 stamford ave, providence, ri 02907, usa	NA	NA	NA	NA	41.77665320000001	-71.4195634	High	73.55311291818626	NA
2433	2014-10-17	255450	21:50:00	Bicycle	NA	1	FALSE	FALSE	1	CAMBRIDGE ST	Academy Ave	2014-10-18	Two-Way , Not Divided	Dry	Dusk	Clear	Not a Collision Between Two Motor Vehicles in Transport	No	No Controls	4	1	Complains Of Pain	NA	41.82553	-71.44404	FALSE	FALSE	Cambridge Street and Academy Ave, Providence, RI, USA	FALSE	-71.4434441	41.8254949	intersection	geometric_center	academy ave & cambridge st, providence, ri 02908, usa	NA	NA	NA	NA	41.8254949	-71.4434441	Med High	49.58585582551809	NA
2434	2014-10-16	255218	16:45:00	Pedestrian	1	NA	FALSE	FALSE	1	PRAIRIE AVE	OXFORD ST	2014-10-16	Two-Way , Not Divided	Wet	Dusk	Rain	Not a Collision Between Two Motor Vehicles in Transport	No	No Controls	2	1	Complains Of Pain	NA	41.80164	-71.41315	FALSE	FALSE	Prairie Ave and Oxford Street, Providence, RI, USA	FALSE	-71.413116	41.8015958	intersection	geometric_center	oxford st & prairie ave, providence, ri 02905, usa	NA	NA	NA	NA	41.8015958	-71.413116	Med High	5.671874553307974	NA
2435	2014-10-16	255272	23:30:00	Pedestrian	1	NA	FALSE	FALSE	1	Elmwood Avenue	Princeton Avenue	2014-10-17	Two-Way , Not Divided	Wet	Dark - Lighted	Clear	Not a Collision Between Two Motor Vehicles in Transport	Yes, M/V and Driver Left Scene	No Controls	3	1	Complains Of Pain	NA	41.8053	-71.42524	FALSE	FALSE	Elmwood Avenue and Princeton Avenue, Providence, RI, USA	FALSE	-71.4252446	41.8053667	intersection	geometric_center	princeton ave & elmwood ave, providence, ri 02907, usa	NA	NA	NA	NA	41.8053667	-71.4252446	Med High	7.434814851202711	NA
2436	2014-10-15	255078	11:49:00	Bicycle	NA	1	FALSE	FALSE	1	ALLENS AVE	ERNEST ST	2014-10-15	Two-Way , Not Divided	Dry	Daylight	Clear	Not a Collision Between Two Motor Vehicles in Transport	No	No Controls	3	1	Non-Incapacitating	NA	41.79481	-71.39793	FALSE	FALSE	Allens Ave and Ernest Street, Providence, RI, USA	FALSE	-71.3979097	41.7948568	intersection	geometric_center	allens ave & ernest st, providence, ri 02905, usa	NA	NA	NA	NA	41.7948568	-71.3979097	Med High	5.475390969127052	NA
2437	2014-10-15	255100	21:11:00	Pedestrian	1	NA	FALSE	FALSE	1	DEAN ST	PROMENADE ST	2014-10-15	Two-Way, Divided, Positive Median Barrier	Wet	Dark - Lighted	Rain	Not a Collision Between Two Motor Vehicles in Transport	No	Traffic Control Signal	4	1	Incapacitating	NA	41.82905	-71.42666	FALSE	FALSE	Dean Street and Promenade Street, Providence, RI, USA	FALSE	-71.3626988	41.870929	route	geometric_center	dean st, pawtucket, ri 02861, usa	Dean Street & Promenade Street, Providence, RI, USA	EjNEZWFuIFN0cmVldCAmIFByb21lbmFkZSBTdHJlZXQsIFByb3ZpZGVuY2UsIFJJLCBVU0EiZiJkChQKEgk5ePT7CEXkiREW6uFEh9BKrRIUChIJOXj0-whF5IkRFurhRIfQSq0aFAoSCVsGbH4MReSJEci0n9-g50DkGhQKEglXQzwqD0XkiRH9-pmeRajOBSIKDSWk7hgViClt1Q	41.8292773	-71.4266232	41.8292773	-71.4266232	Med	25.48637868879649	NA
2438	2014-10-15	255125	13:01:00	Pedestrian	1	NA	FALSE	FALSE	1	IVES ST	WICKENDEN ST	2014-10-16	Two-Way , Not Divided	Dry	Daylight	Clear	Other	Yes, Driver Left Scene	Stop Signs	1	1	Incapacitating	NA	41.82027	-71.3918	FALSE	FALSE	Ives Street and Wickenden Street, Providence, RI, USA	FALSE	-71.3917681	41.8202605	intersection	geometric_center	wickenden st & ives st, providence, ri 02903, usa	NA	NA	NA	NA	41.8202605	-71.3917681	Med High	2.849894750368457	NA
2439	2014-10-14	254979	07:53:00	Pedestrian	1	NA	FALSE	FALSE	1	BROAD STREET	SERVICE ROAD 7	2014-10-14	Two-Way , Not Divided	Dry	Daylight	Clear	Unknown	No	Traffic Control Signal	2	1	Complains Of Pain	2	41.82933	-71.41804	FALSE	FALSE	Broad Street and Service Road 7, Providence, RI, USA	FALSE	-71.4200451	41.8199608	route	geometric_center	service rd 1, providence, ri, usa	Broad Street & Service Road 7th, Providence, RI, USA	EjRCcm9hZCBTdHJlZXQgJiBTZXJ2aWNlIFJvYWQgN3RoLCBQcm92aWRlbmNlLCBSSSwgVVNBImYiZAoUChIJbbRukG1F5IkRg0XEjUgVvRgSFAoSCW20bpBtReSJEYNFxI1IFb0YGhQKEgmD3n3VjE_kiREsosqTmEsIoxoUChIJB3h0QnZF5IkRyxFdBkwhBUwiCg0k0-wYFUejbtU	41.8173732	-71.4169529	41.8173732	-71.4169529	Med	1334.0764226299138	Geocoded
2440	2014-10-11	254767	01:57:00	Bicycle	NA	1	FALSE	FALSE	2	WASHINGTON ST	MATHEWSON ST	2014-10-12	Two-Way , Not Divided	Dry	Dark - Lighted	Cloudy	Sideswipe, Same Direction	Yes, M/V and Driver Left Scene	No Controls	4	0	No Injury	NA	41.82296	-71.41492	FALSE	FALSE	Washington Street and Mathewson Street, Providence, RI, USA	FALSE	-71.4147864	41.8230454	intersection	geometric_center	mathewson st & washington st, providence, ri 02903, usa	NA	NA	NA	NA	41.8230454	-71.4147864	Med High	14.60167229673326	NA
2441	2014-10-09	254482	08:11:00	Bicycle	NA	1	FALSE	FALSE	1	SMITH ST	HOLDEN ST	2014-10-09	Two-Way , Not Divided	Dry	Daylight	Clear	Angle (Front - to - Side) Right Angle (Includes Broadside)	No	No Controls	2	0	No Injury	2	41.83225	-71.41816	FALSE	FALSE	Smith Street and Holden Street, Providence, RI, USA	FALSE	-71.41800549999999	41.8322069	intersection	geometric_center	holden st & smith st, providence, ri 02908, usa	NA	NA	NA	NA	41.8322069	-71.41800549999999	Med High	13.683600209123599	NA
2442	2014-10-09	254558	22:08:00	Bicycle	NA	1	FALSE	FALSE	1	CHALKSTONE AVE	CAMDEN AVE	2014-10-09	Two-Way , Not Divided	Dry	Dark - Lighted	Clear	Other	No	No Controls	2	1	Incapacitating	NA	41.83529	-71.42536	FALSE	FALSE	Chalkstone Ave and Camden Ave, Providence, RI, USA	FALSE	-71.4253488	41.835296	intersection	geometric_center	chalkstone ave & camden ave, providence, ri 02908, usa	NA	NA	NA	NA	41.835296	-71.4253488	Med High	1.14412686236667	NA
2443	2014-10-08	254362	09:39:00	Pedestrian	1	NA	FALSE	FALSE	1	CULVER ST	DUDLEY ST	2014-10-08	Two-Way , Not Divided	Dry	Daylight	Clear	Other	No	Stop Signs	5	1	Complains Of Pain	NA	41.81056	-71.40865	FALSE	FALSE	Culver Street and Dudley Street, Providence, RI, USA	FALSE	-71.4086492	41.8106124	intersection	geometric_center	dudley st & culver st, providence, ri 02903, usa	NA	NA	NA	NA	41.8106124	-71.4086492	Med High	5.8335189756793655	NA
2444	2014-10-08	254436	16:40:00	Bicycle	NA	1	FALSE	FALSE	1	CHARLES ST	MARIETTA ST	2014-10-08	Two-Way, Divided, Unprotected (painted>4feet) Medium	Dry	Daylight	Cloudy	Other	No	Stop Signs	2	1	Complains Of Pain	NA	41.85177	-71.42021	FALSE	FALSE	Charles Street and Marietta Street, Providence, RI, USA	FALSE	-71.4186723	41.8523615	route	geometric_center	marietta st, providence, ri 02904, usa	Charles Street & Marietta Street, Providence, RI, USA	EjVDaGFybGVzIFN0cmVldCAmIE1hcmlldHRhIFN0cmVldCwgUHJvdmlkZW5jZSwgUkksIFVTQSJmImQKFAoSCfu9Nk7wROSJEedYuJfQAu0aEhQKEgn7vTZO8ETkiRHnWLiX0ALtGhoUChIJdQvObPFE5IkRy2TLLjVV_TIaFAoSCbWTcNHxROSJEbdi2hWrFBwBIgoNKxPyGBVIJG7V	41.8517803	-71.420204	41.8517803	-71.420204	Med	1.2498760331598677	NA
2445	2014-10-07	254213	07:45:00	Pedestrian	1	NA	FALSE	FALSE	1	HOPE STREET	ONLEY STREET	2014-10-07	Two-Way , Not Divided	Dry	Daylight	Clear	Other	No	Traffic Control Signal	2	0	No Injury	2	41.8331	-71.41676	FALSE	FALSE	Hope Street and Onley Street, Providence, RI, USA	FALSE	-71.4015677	41.8357179	intersection	geometric_center	hope st & olney st, providence, ri 02906, usa	NA	NA	NA	NA	41.8357179	-71.4015677	Med High	1293.331679696593	Geocoded
2446	2014-10-06	254476	09:45:00	Pedestrian	1	NA	FALSE	FALSE	1	SABIN ST	SABIN ST	2014-10-09	One-Way Trafficway	Dry	Daylight	Clear	Not a Collision Between Two Motor Vehicles in Transport	Yes, M/V and Driver Left Scene	Traffic Control Signal	1	1	Complains Of Pain	NA	41.82462	-71.41556	FALSE	FALSE	Sabin Street and Sabin Street, Providence, RI, USA	FALSE	-71.4163184	41.8239955	route	geometric_center	sabin st, providence, ri, usa	NA	NA	NA	NA	41.8239955	-71.4163184	Med	93.7598181444691	NA
2447	2014-10-05	254097	14:34:00	Bicycle	NA	1	FALSE	FALSE	1	Manton Avenue	DELAINE ST	2014-10-05	Two-Way , Not Divided	Dry	Daylight	Clear	Angle (Front - to - Side) Opposite Direction	Yes, M/V and Driver Left Scene	No Controls	1	1	Complains Of Pain	NA	41.81801	-71.44473	FALSE	FALSE	Manton Avenue and Delaine Street, Providence, RI, USA	FALSE	-71.4446349	41.8179569	intersection	geometric_center	delaine st & manton ave, providence, ri 02909, usa	NA	NA	NA	NA	41.8179569	-71.4446349	Med High	9.858443681268614	NA
2448	2014-10-05	254109	17:51:00	Bicycle	NA	1	FALSE	FALSE	1	CLADRASH'S AVE	MAPLE AVE	2014-10-05	Two-Way , Not Divided	Dry	Daylight	Clear	Not a Collision Between Two Motor Vehicles in Transport	No	No Controls	5	0	No Injury	2	41.78423	-71.4109	FALSE	FALSE	Cladrash's Ave and Maple Ave, Providence, RI, USA	FALSE	-71.4144565	41.7823496	route	geometric_center	maple ave, providence, ri, usa	NA	NA	NA	NA	41.7823496	-71.4144565	Med	361.89766566030283	Raw
2449	2014-10-03	253872	10:00:00	Bicycle	NA	1	FALSE	FALSE	1	SOUTH WATER ST	BRIDGE ST	2014-10-03	One-Way Trafficway	Dry	Daylight	Clear	Angle (Front - to - Side) Right Angle (Includes Broadside)	No	Traffic Control Signal	2	1	Complains Of Pain	NA	41.81833	-71.40139	FALSE	FALSE	South Water Street and Bridge Street, Providence, RI, USA	FALSE	-71.4039536	41.8202174	route	geometric_center	s water st, providence, ri 02903, usa	NA	NA	NA	NA	41.8202174	-71.4039536	Med	298.95850993948153	Raw
2450	2014-10-01	253764	18:45:00	Pedestrian	1	NA	FALSE	FALSE	1	HOPE ST	BOWEN ST	2014-10-01	Two-Way , Not Divided	Wet	Dark - Lighted	Rain	Other	Yes, M/V and Driver Left Scene	No Controls	2	1	Complains Of Pain	2	41.83091	-71.39923	FALSE	FALSE	Hope Street and Bowen Street, Providence, RI, USA	FALSE	-71.39919739999999	41.8309084	intersection	geometric_center	hope st & bowen st, providence, ri 02906, usa	NA	NA	NA	NA	41.8309084	-71.39919739999999	Med High	2.7098982130867277	NA
2451	2014-10-01	253977	00:41:00	Pedestrian	1	NA	FALSE	FALSE	1	CRANSTON ST	HUNTINGTON AVE	2014-10-03	Two-Way , Not Divided	Dry	Daylight	Clear	Not a Collision Between Two Motor Vehicles in Transport	No	No Controls	3	1	Complains Of Pain	NA	41.80391	-71.43904	FALSE	FALSE	Cranston Street and Huntington Ave, Providence, RI, USA	FALSE	-71.4392216	41.80375230000001	intersection	geometric_center	cranston st & huntington ave, providence, ri 02907, usa	NA	NA	NA	NA	41.80375230000001	-71.4392216	Med High	23.135827606667487	NA
2452	2014-09-30	253593	09:35:00	Bicycle	NA	1	FALSE	FALSE	1	Cranston St.	POTTERS AVE	2014-09-30	Two-Way , Not Divided	Wet	Daylight	Rain	Sideswipe, Same Direction	Yes, M/V and Driver Left Scene	No Controls	2	1	Complains Of Pain	2	41.80505	-71.43778	FALSE	FALSE	Cranston St. and Potters Ave, Providence, RI, USA	FALSE	-71.43779049999999	41.8050672	intersection	geometric_center	potters ave & cranston st, providence, ri 02909, usa	NA	NA	NA	NA	41.8050672	-71.43779049999999	Med High	2.1036145564996684	NA
2453	2014-09-29	254047	16:01:00	Pedestrian	1	NA	FALSE	FALSE	1	TOBEY ST	RING ST	2014-10-04	Unknown	Dry	Daylight	Clear	Not a Collision Between Two Motor Vehicles in Transport	No	No Controls	3	1	Complains Of Pain	2	41.81992	-71.43566	FALSE	FALSE	Tobey Street and Ring Street, Providence, RI, USA	FALSE	-71.435593	41.8197819	intersection	geometric_center	tobey st & ring st, providence, ri 02909, usa	NA	NA	NA	NA	41.8197819	-71.435593	Med High	16.347204255915752	NA
2454	2014-09-27	253384	13:35:00	Bicycle	NA	1	FALSE	FALSE	1	CHALKSTONE AVE	CLEMATIS ST	2014-09-27	Two-Way , Not Divided	Dry	Daylight	Clear	Not a Collision Between Two Motor Vehicles in Transport	No	No Controls	5	1	Non-Incapacitating	2	41.83263	-71.44591	FALSE	FALSE	Chalkstone Ave and Clematis Street, Providence, RI, USA	FALSE	-71.4458643	41.8326381	intersection	geometric_center	clematis st & chalkstone ave, providence, ri 02908, usa	NA	NA	NA	NA	41.8326381	-71.4458643	Med High	3.896299329081078	NA
2455	2014-09-27	253441	14:00:00	Bicycle	NA	1	FALSE	FALSE	1	Broadway	GREENMAN LN	2014-09-28	One-Way Trafficway	Dry	Daylight	Clear	Angle (Front - to - Side) Opposite Direction	No	Traffic Control Signal	3	1	Complains Of Pain	NA	41.82232	-71.41867	FALSE	FALSE	Broadway and Greenman Ln, Providence, RI, USA	FALSE	-71.4119953	41.8109879	doctor	rooftop	101 dudley st, providence, ri 02905, usa	NA	NA	NA	NA	41.8109879	-71.4119953	Med	1377.6770455316816	Raw
2456	2014-09-27	253447	14:05:00	Bicycle	NA	1	FALSE	FALSE	1	BROAD ST	SUMTER ST	2014-09-28	Two-Way , Not Divided	Dry	Daylight	Clear	Not a Collision Between Two Motor Vehicles in Transport	No	No Controls	2	1	Complains Of Pain	NA	41.79772	-71.41409	FALSE	FALSE	Broad Street and Sumter Street, Providence, RI, USA	FALSE	-71.4175735	41.7967042	route	geometric_center	sumter st, providence, ri 02907, usa	Broad Street & Sumter Street, Providence, RI, USA	EjFCcm9hZCBTdHJlZXQgJiBTdW10ZXIgU3RyZWV0LCBQcm92aWRlbmNlLCBSSSwgVVNBImYiZAoUChIJgcInDolP5IkROAY9LY3iGUISFAoSCYHCJw6JT-SJETgGPS2N4hlCGhQKEgmD3n3VjE_kiREsosqTmEsIoxoUChIJGcGW_oVP5IkRgKEM4Er3cL4iCg171ekYFUgSb9U	41.79777230000001	-71.4141112	41.79777230000001	-71.4141112	Med	6.08203577929905	NA
2457	2014-09-25	253196	09:25:00	Pedestrian	1	NA	FALSE	FALSE	1	141 WEYBOSSET STREET	DORRANCE STREET	2014-09-25	Two-Way , Not Divided	Dry	Daylight	Cloudy	Other	Yes, M/V and Driver Left Scene	No Controls	4	1	Non-Incapacitating	2	41.83349	-71.41682	TRUE	FALSE	141 Weybosset Street, Providence, RI, USA	FALSE	-71.41155789999999	41.8228207	street_address	rooftop	141 weybosset st, providence, ri 02903, usa	NA	NA	NA	NA	41.8228207	-71.41155789999999	High	1265.3680114937208	Geocoded
2458	2014-09-25	253214	12:23:00	Pedestrian	1	NA	FALSE	FALSE	1	6TH AVENUE	COLLEGE ROAD	2014-09-25	Two-Way , Not Divided	Dry	Daylight	Cloudy	Other	Yes, M/V and Driver Left Scene	No Controls	1	0	Unknown	2	41.83578	-71.4154	FALSE	FALSE	6th Avenue and College Road, Providence, RI, USA	FALSE	-71.4550359	41.8415726	route	geometric_center	college road, providence, ri, usa	6th Street & College Road, North Providence, Providence, RI, USA	EkA2dGggU3RyZWV0ICYgQ29sbGVnZSBSb2FkLCBOb3J0aCBQcm92aWRlbmNlLCBQcm92aWRlbmNlLCBSSSwgVVNBImYiZAoUChIJGYxTNdBF5IkRibtj7OYDzY4SFAoSCRmMUzXQReSJEYm7Y-zmA82OGhQKEgnJZMy40UXkiRG2K65uPoLk6BoUChIJFZyHEcpF5IkRqRVz5AqL6FAiCg3sZfAYFbT_ZtU	41.8407916	-71.4670156	41.8407916	-71.4670156	Med	4317.012335053396	Geocoded
2459	2014-09-24	253224	14:00:00	Pedestrian	1	NA	FALSE	FALSE	1	Pine St	PAGE ST	2014-09-25	One-Way Trafficway	Dry	Daylight	Clear	Other	No	No Controls	2	1	Complains Of Pain	NA	41.82114	-71.41129	FALSE	FALSE	Pine Street and Page Street, Providence, RI, USA	FALSE	-71.4113001	41.8211663	route	geometric_center	page st, providence, ri 02903, usa	Pine Street & Page Street, Providence, RI, USA	Ei5QaW5lIFN0cmVldCAmIFBhZ2UgU3RyZWV0LCBQcm92aWRlbmNlLCBSSSwgVVNBImYiZAoUChIJ9dNgkBRF5IkRQVATCMbfiKwSFAoSCfXTYJAUReSJEUFQEwjG34isGhQKEgk5kwlTbEXkiRGgKSzwb-_CPBoUChIJfxOXmhRF5IkR_O9cQZJR03wiCg1PZ-0YFReAb9U	41.82116630000001	-71.41130009999999	41.82116630000001	-71.41130009999999	Med	3.045240342605544	NA
2460	2014-09-23	252975	17:41:00	Pedestrian	3	NA	FALSE	FALSE	1	North Main St	WHITE ST	2014-09-23	Two-Way , Not Divided	Dry	Daylight	Clear	Not a Collision Between Two Motor Vehicles in Transport	No	Pavement Markings	5	1	Complains Of Pain	5	41.85548	-71.40015	FALSE	FALSE	North Main Street and White Street, Providence, RI, USA	FALSE	-71.4001394	41.855496	route	geometric_center	white st, providence, ri, usa	North Main Street & White Street, Providence, RI, USA	EjVOb3J0aCBNYWluIFN0cmVldCAmIFdoaXRlIFN0cmVldCwgUHJvdmlkZW5jZSwgUkksIFVTQSJmImQKFAoSCVsuhlLHROSJEWBPecKyaCOiEhQKEglbLoZSx0TkiRFgT3nCsmgjohoUChIJ-fpBPd5E5IkRX9etvg1cIz8aFAoSCR1ItAS7ROSJEWP65zKBtMXWIgoNUKTyGBUONHHV	41.855496	-71.4001394	41.855496	-71.4001394	Med	1.9861536575379588	NA
2461	2014-09-23	252985	22:14:00	Pedestrian	1	NA	FALSE	FALSE	1	N MAIN ST	N MAIN ST	2014-09-23	One-Way Trafficway	Dry	Dark - Lighted	Clear	Head-On (Front - to - Front)	Yes, M/V and Driver Left Scene	No Controls	1	1	Complains Of Pain	NA	41.84488	-71.40615	FALSE	FALSE	N Main Street and N Main Street, Providence, RI, USA	FALSE	-71.2873641	41.7371398	route	geometric_center	n main st, rhode island, usa	North Main Street & South Main Street, Providence, RI, USA	EjpOb3J0aCBNYWluIFN0cmVldCAmIFNvdXRoIE1haW4gU3RyZWV0LCBQcm92aWRlbmNlLCBSSSwgVVNBImYiZAoUChIJD1urSRZF5IkRzGbOghZosXsSFAoSCQ9bq0kWReSJEcxmzoIWaLF7GhQKEgn5-kE93kTkiRFf162-DVwjPxoUChIJxfz7Uz5F5IkRx3FZv-YChPQiCg2TF-4YFdUHcNU	41.8256787	-71.4078251	41.8256787	-71.4078251	Med	2141.9894201356656	Raw
2462	2014-09-23	253016	20:35:00	Bicycle	NA	1	FALSE	FALSE	1	Smith St	ORMS ST	2014-09-24	Two-Way , Not Divided	Dry	Daylight	Clear	Not a Collision Between Two Motor Vehicles in Transport	No	Traffic Control Signal	2	1	Complains Of Pain	NA	41.83372	-71.42187	FALSE	FALSE	Smith Street and Orms Street, Providence, RI, USA	FALSE	-71.4219437	41.8337775	intersection	geometric_center	orms st & smith st, providence, ri 02904, usa	NA	NA	NA	NA	41.8337775	-71.4219437	Med High	8.850877998121225	NA
2463	2014-09-23	253043	08:37:00	Pedestrian	1	NA	FALSE	FALSE	1	WESTMINSTER ST	CAHIR ST	2014-09-24	Two-Way , Not Divided	Dry	Daylight	Clear	Other	No	Traffic Control Signal	3	1	Complains Of Pain	NA	41.81822	-71.42018	FALSE	FALSE	Westminster Street and Cahir Street, Providence, RI, USA	FALSE	-71.4201851	41.8182066	intersection	geometric_center	cahir st & westminster st, providence, ri 02903, usa	NA	NA	NA	NA	41.8182066	-71.4201851	Med High	1.5505268108105275	NA