row_number	crash_date	crash_report_id	crash_time	collision_type	count_pedestrian	count_bicycle	scooter	wheel_chair	number_of_vehicles	street_or_highway	nearest_intersection	report_date	type_of_roadway	road_surface_condition	light_condition	weather_condition	manner_of_impact	hit_and_run	traffic_control	person_count	injury_count	most_serious_injury	number_of_lanes	lat_raw	lon_raw	has_st_number	is_intersection_null	address_sent_to_geocoder	is_address_blank	lon_api_first_try	lat_api_first_try	type	loctype	address_returned_by_geocoder	address_returned_by_autocomplete	place_ids_autocompleted	lat_api_second_try	lon_api_second_try	lat_api_best	lon_api_best	api_coord_conf	distance_btwn_coords_meters	best_coordinate_set
2636	2014-02-08	217146	18:23:00	Pedestrian	1	NA	FALSE	FALSE	1	1222 BROAD STREET	CASS STREET	2014-02-09	Two-Way , Not Divided	Dry	Dark - Lighted	Clear	Not a Collision Between Two Motor Vehicles in Transport	Yes, M/V and Driver Left Scene	No Controls	2	0	Unknown	NA	41.79299	-71.4082	TRUE	FALSE	1222 Broad Street, Providence, RI, USA	FALSE	-71.407809	41.793124	street_address	rooftop	1222 broad st, providence, ri 02905, usa	NA	NA	NA	NA	41.793124	-71.407809	High	35.71528490816396	NA
2637	2014-02-07	216462	17:15:00	Bicycle	NA	1	FALSE	FALSE	1	BLACKSTONE ST	ALLENS AVE	2014-02-07	Two-Way , Not Divided	Wet	Dark - Lighted	Clear	Not a Collision Between Two Motor Vehicles in Transport	No	No Controls	2	1	Complains Of Pain	2	41.8105	-71.4047	FALSE	FALSE	Blackstone Street and Allens Ave, Providence, RI, USA	FALSE	-71.40470359999999	41.8105079	intersection	geometric_center	allens ave & blackstone st, providence, ri 02903, usa	NA	NA	NA	NA	41.8105079	-71.40470359999999	Med High	0.9287672542843323	NA
2638	2014-01-30	214760	15:29:00	Pedestrian	1	NA	FALSE	FALSE	1	Broad St	PEARL ST	2014-01-30	Two-Way , Not Divided	Sand	Daylight	Clear	Not a Collision Between Two Motor Vehicles in Transport	No	Traffic Control Signal	3	1	Complains Of Pain	2	41.81475	-71.42095	FALSE	FALSE	Broad Street and Pearl Street, Providence, RI, USA	FALSE	-71.4128343	41.8239891	locality	approximate	providence, ri, usa	Broad Street & Pearl Street, Providence, RI, USA	EjBCcm9hZCBTdHJlZXQgJiBQZWFybCBTdHJlZXQsIFByb3ZpZGVuY2UsIFJJLCBVU0EiZiJkChQKEgk1O0-ncUXkiRHr2v1gzR_JJxIUChIJNTtPp3FF5IkR69r9YM0fyScaFAoSCYPefdWMT-SJESyiypOYSwijGhQKEgkNm4U0bkXkiRG6oe115UpVCiIKDYVt7BgVkQZu1Q	41.8147717	-71.4209647	41.8147717	-71.4209647	Med	2.7060560111306167	NA
2639	2014-01-29	214498	18:21:00	Pedestrian	1	NA	FALSE	FALSE	1	FRANCIS ST	MEMORIAL BLVD	2014-01-29	Two-Way, Divided, Positive Median Barrier	Dry	Dark - Lighted	Clear	Not a Collision Between Two Motor Vehicles in Transport	No	Traffic Control Signal	3	1	Complains Of Pain	NA	41.82586	-71.41533	FALSE	FALSE	Francis Street and Memorial Blvd, Providence, RI, USA	FALSE	-71.4134258	41.8263996	route	geometric_center	memorial blvd, providence, ri 02903, usa	Francis Street & Memorial Blvd, Providence, RI, USA	EjNGcmFuY2lzIFN0cmVldCAmIE1lbW9yaWFsIEJsdmQsIFByb3ZpZGVuY2UsIFJJLCBVU0EiZiJkChQKEgkDtc6dEUXkiRFK7mftfMbegBIUChIJA7XOnRFF5IkRSu5n7XzG3oAaFAoSCeMKJVkQReSJEQnXa5JsDkKbGhQKEgn3LDO1FkXkiRGsznR5eOTavSIKDRwg7hgVW-Bu1Q	41.8258972	-71.4153893	41.8258972	-71.4153893	Med	6.430082281529447	NA
2640	2014-01-27	213977	14:41:00	Pedestrian	1	NA	FALSE	FALSE	1	250 Benefit St	COLLEGE ST	2014-01-27	Two-Way , Not Divided	Sand	Daylight	Cloudy	Not a Collision Between Two Motor Vehicles in Transport	No	No Controls	2	1	Complains Of Pain	2	41.82571	-71.40664	TRUE	FALSE	250 Benefit Street, Providence, RI, USA	FALSE	-71.4072983	41.8256994	premise	rooftop	providence county courthouse, 250 benefit st, providence, ri 02903, usa	NA	NA	NA	NA	41.8256994	-71.4072983	High	54.620518118776054	NA
2641	2014-01-21	212812	08:50:00	Bicycle	NA	1	FALSE	FALSE	1	PARK ROW E	CANAL ST	2014-01-21	One-Way Trafficway	Dry	Daylight	Cloudy	Sideswipe, Same Direction	Yes, M/V and Driver Left Scene	No Controls	1	1	Non-Incapacitating	NA	41.82847	-71.41069	FALSE	FALSE	Park Row E and Canal Street, Providence, RI, USA	FALSE	-71.4106907	41.8284695	intersection	geometric_center	park row w & canal st, providence, ri 02903, usa	NA	NA	NA	NA	41.8284695	-71.4106907	Med High	0.0804330830517588	NA
2642	2014-01-21	212846	10:30:00	Pedestrian	1	NA	FALSE	FALSE	1	FRIENDSHIP ST	DORRANCE ST	2014-01-21	One-Way Trafficway	Dry	Daylight	Clear	Not a Collision Between Two Motor Vehicles in Transport	No	No Controls	2	1	Non-Incapacitating	NA	41.822	-71.40946	FALSE	FALSE	Friendship Street and Dorrance Street, Providence, RI, USA	FALSE	-71.40944019999999	41.8220269	intersection	geometric_center	friendship st & dorrance st, providence, ri 02903, usa	NA	NA	NA	NA	41.8220269	-71.40944019999999	Med High	3.4154054275149006	NA
2643	2014-01-18	212386	09:18:00	Pedestrian	1	NA	FALSE	FALSE	1	WASHINGTON PLACE	CANAL STREET	2014-01-18	One-Way Trafficway	Wet	Daylight	Rain	Other	No	No Controls	2	1	Non-Incapacitating	3	41.8371	-71.41609	FALSE	FALSE	Washington Place and Canal Street, Providence, RI, USA	FALSE	-71.4095172	41.8266915	intersection	geometric_center	canal walk & washington pl, providence, ri 02903, usa	NA	NA	NA	NA	41.8266915	-71.4095172	Med High	1280.520853643695	Geocoded
2644	2014-01-16	211999	17:19:00	Pedestrian	1	NA	FALSE	FALSE	1	PLAINFIELD STREET	LOWELL AVE	2014-01-16	Two-Way, Divided, Unprotected (painted>4feet) Medium	Dry	Dark - Lighted	Clear	Sidwswipe, Opposite Direction	No	Pavement Markings	2	1	Complains Of Pain	1	41.81265	-71.45897	FALSE	FALSE	Plainfield Street and Lowell Ave, Providence, RI, USA	FALSE	-71.4589726	41.8126703	intersection	geometric_center	lowell ave & plainfield st, providence, ri 02909, usa	NA	NA	NA	NA	41.8126703	-71.4589726	Med High	2.2700587636793	NA
2645	2014-01-16	212296	22:26:00	Bicycle	NA	1	FALSE	FALSE	1	Atwells Ave	Cutler Ave	2014-01-17	Two-Way , Not Divided	Dry	Dark - Lighted	Clear	Not a Collision Between Two Motor Vehicles in Transport	Yes, M/V and Driver Left Scene	Stop Signs	1	1	Complains Of Pain	NA	41.82468	-71.44157	FALSE	FALSE	Atwells Ave and Cutler Ave, Providence, RI, USA	FALSE	-71.4415532	41.82469529999999	intersection	geometric_center	cutler st & atwells ave, providence, ri 02908, usa	NA	NA	NA	NA	41.82469529999999	-71.4415532	Med High	2.200692679519113	NA
2646	2014-01-15	211755	13:32:00	Pedestrian	1	NA	FALSE	FALSE	1	North MAIN ST	Smith ST	2014-01-15	Two-Way , Not Divided	Dry	Daylight	Clear	Other	No	Traffic Control Signal	5	1	Complains Of Pain	NA	41.83153	-71.41064	FALSE	FALSE	North Main Street and Smith Street, Providence, RI, USA	FALSE	-71.4433053	41.8418141	route	geometric_center	smith st, providence, ri, usa	North Main Street & Smith Street, Providence, RI, USA	EjVOb3J0aCBNYWluIFN0cmVldCAmIFNtaXRoIFN0cmVldCwgUHJvdmlkZW5jZSwgUkksIFVTQSJmImQKFAoSCS8d1QoZReSJEdRbsQ43I3PBEhQKEgkvHdUKGUXkiRHUW7EONyNzwRoUChIJ-fpBPd5E5IkRX9etvg1cIz8aFAoSCbWucExLROSJESG1ozC4jKuEIgoN4_zuGBVEmm_V	41.8315491	-71.41063	41.8315491	-71.41063	Med	2.2822633370411487	NA
2647	2014-01-15	211802	16:15:00	Pedestrian	1	NA	FALSE	FALSE	1	Hartford Ave	LAUREL HILL AVE	2014-01-15	Two-Way , Not Divided	Sand	Daylight	Clear	Not a Collision Between Two Motor Vehicles in Transport	Yes, M/V and Driver Left Scene	No Controls	1	1	Complains Of Pain	2	41.81796	-71.4554	FALSE	FALSE	Hartford Ave and Laurel Hill Ave, Providence, RI, USA	FALSE	-71.4553076	41.8179635	intersection	geometric_center	laurel hill ave & hartford ave, providence, ri 02909, usa	NA	NA	NA	NA	41.8179635	-71.4553076	Med High	7.67565249935788	NA
2648	2014-01-14	211568	17:11:00	Pedestrian	1	NA	FALSE	FALSE	1	Memorial blvd	COLLEGE ST	2014-01-14	Two-Way , Not Divided	Wet	Dark - Lighted	Rain	Not a Collision Between Two Motor Vehicles in Transport	No	Traffic Control Signal	2	1	Complains Of Pain	4	41.8253	-71.40882	FALSE	FALSE	Memorial Blvd and College Street, Providence, RI, USA	FALSE	-71.4088081	41.8253077	intersection	geometric_center	memorial blvd & college st, providence, ri 02903, usa	NA	NA	NA	NA	41.8253077	-71.4088081	Med High	1.3073544342189873	NA
2649	2014-01-14	211584	19:03:00	Pedestrian	1	NA	FALSE	FALSE	1	CRANSTON ST	BRIDGHAM ST	2014-01-14	Two-Way , Not Divided	Wet	Dark - Lighted	Rain	Not a Collision Between Two Motor Vehicles in Transport	No	Traffic Control Signal	3	1	Complains Of Pain	NA	41.81396	-71.42694	FALSE	FALSE	Cranston Street and Bridgham Street, Providence, RI, USA	FALSE	-71.426947	41.8139796	intersection	geometric_center	cranston st & bridgham st, providence, ri 02907, usa	NA	NA	NA	NA	41.8139796	-71.426947	Med High	2.2578356769984347	NA
2650	2014-01-13	211425	08:30:00	Pedestrian	1	NA	FALSE	FALSE	1	DORRANCE STREET	WESTMINISTER STREET	2014-01-13	Two-Way , Not Divided	Dry	Daylight	Clear	Other	Yes, M/V and Driver Left Scene	Traffic Control Signal	1	1	Complains Of Pain	2	41.8347	-71.41607	FALSE	FALSE	Dorrance Street and Westminister Street, Providence, RI, USA	FALSE	-71.4116693	41.8236083	intersection	geometric_center	westminster st & dorrance st, providence, ri 02903, usa	NA	NA	NA	NA	41.8236083	-71.4116693	Med High	1287.5505965947352	Geocoded
2651	2014-01-11	211112	10:05:00	Bicycle	NA	1	FALSE	FALSE	1	CHARLES ST	BRANCH AVE	2014-01-11	Two-Way , Not Divided	Wet	Daylight	Clear	Angle - Direction Not Specified	No	Traffic Control Signal	4	0	No Injury	NA	41.85026	-71.41998	FALSE	FALSE	Charles Street and Branch Ave, Providence, RI, USA	FALSE	-71.4128343	41.8239891	locality	approximate	providence, ri, usa	Charles Street & Branch Ave, Providence, RI, USA	EjBDaGFybGVzIFN0cmVldCAmIEJyYW5jaCBBdmUsIFByb3ZpZGVuY2UsIFJJLCBVU0EiZiJkChQKEgmX1pBx8ETkiRFt3W_DezHjNhIUChIJl9aQcfBE5IkRbd1vw3sx4zYaFAoSCXULzmzxROSJEctkyy41Vf0yGhQKEgnptPOF-UTkiRG6fR7eUkO2qCIKDYfZ8RgVmixu1Q	41.8503047	-71.419991	41.8503047	-71.419991	Med	5.058890141082714	NA
2652	2014-01-11	211122	18:23:00	Pedestrian	1	NA	FALSE	FALSE	1	BROAD ST	CONGRESS AVE	2014-01-11	Two-Way , Not Divided	Wet	Dark - Lighted	Rain	Not a Collision Between Two Motor Vehicles in Transport	No	No Controls	2	1	Complains Of Pain	NA	41.80105	-71.41806	FALSE	FALSE	Broad Street and Congress Ave, Providence, RI, USA	FALSE	-71.4222346	41.7997464	route	geometric_center	congress ave, providence, ri 02907, usa	Broad Street & Congress Ave, Providence, RI, USA	EjBCcm9hZCBTdHJlZXQgJiBDb25ncmVzcyBBdmUsIFByb3ZpZGVuY2UsIFJJLCBVU0EiZiJkChQKEgkTAl4HiE_kiRGOSqLtY4AGdxIUChIJEwJeB4hP5IkRjkqi7WOABncaFAoSCYPefdWMT-SJESyiypOYSwijGhQKEgnxtw0eh0_kiRFEhJ-gQKz1iyIKDeRU6hgV-Xhu1Q	41.801034	-71.41803589999999	41.801034	-71.41803589999999	Med	2.6780740453287804	NA
2653	2014-01-09	210570	10:26:00	Pedestrian	1	NA	FALSE	FALSE	1	MOUNT PLEASANT AVE	CHALKSTONE AVE	2014-01-09	Two-Way , Not Divided	Dry	Daylight	Clear	Other	Yes, M/V and Driver Left Scene	Traffic Control Signal	5	1	Complains Of Pain	NA	41.83272	-71.44975	FALSE	FALSE	Mount Pleasant Ave and Chalkstone Ave, Providence, RI, USA	FALSE	-71.4497544	41.83271	intersection	geometric_center	mt pleasant ave & chalkstone ave, providence, ri 02908, usa	NA	NA	NA	NA	41.83271	-71.4497544	Med High	1.1714917177541428	NA
2654	2014-01-09	210615	12:13:00	Pedestrian	1	NA	FALSE	FALSE	1	601 N MAIN ST	N MAIN ST	2014-01-09	Two-Way , Not Divided	Dry	Daylight	Clear	Not a Collision Between Two Motor Vehicles in Transport	No	No Controls	2	0	No Injury	NA	41.83753	-71.4094	TRUE	FALSE	601 N Main Street, Providence, RI, USA	FALSE	-71.40832139999999	41.83723930000001	subpremise	rooftop	601 n main st, providence, ri 02904, usa	NA	NA	NA	NA	41.83723930000001	-71.40832139999999	High	95.12973863112393	NA
2655	2014-01-08	210519	17:23:00	Pedestrian	1	NA	FALSE	FALSE	1	HOPE ST	GEORGE ST	2014-01-08	Two-Way , Not Divided	Dry	Dark - Lighted	Clear	Not a Collision Between Two Motor Vehicles in Transport	No	Stop Signs	2	1	Complains Of Pain	2	41.82579	-71.39727	FALSE	FALSE	Hope Street and George Street, Providence, RI, USA	FALSE	-71.3972697	41.8257801	intersection	geometric_center	hope st & george st, providence, ri 02906, usa	NA	NA	NA	NA	41.8257801	-71.3972697	Med High	1.1023438967859456	NA
2656	2013-12-30	208942	22:30:00	Bicycle	NA	1	FALSE	FALSE	1	Service Road 8 / EXIT (RT)	ATWELLS AVE	2013-12-31	One-Way Trafficway	Dry	Dark - Lighted	Clear	Angle (Front - to - Side) Right Angle (Includes Broadside)	No	Traffic Control Signal	6	1	Incapacitating	2	41.82312	-71.41948	FALSE	FALSE	Service Road 8 / Exit (Rt) and Atwells Ave, Providence, RI, USA	FALSE	-71.4363598	41.8244829	route	geometric_center	atwells ave, providence, ri, usa	NA	NA	NA	NA	41.8244829	-71.4363598	Med	1408.4620414607887	Raw
2657	2013-12-27	208453	19:07:00	Bicycle	NA	1	FALSE	FALSE	1	N MAIN ST	CEMETERY ST	2013-12-27	One-Way Trafficway	Dry	Dark - Lighted	Clear	Other	No	Stop Signs	2	1	Complains Of Pain	NA	41.84906	-71.40375	FALSE	FALSE	N Main Street and Cemetery Street, Providence, RI, USA	FALSE	-71.4043938	41.851482	route	geometric_center	cemetery st, providence, ri 02904, usa	North Main Street & Cemetery Street, Providence, RI, USA	EjhOb3J0aCBNYWluIFN0cmVldCAmIENlbWV0ZXJ5IFN0cmVldCwgUHJvdmlkZW5jZSwgUkksIFVTQSJmImQKFAoSCQXq4fjCROSJEWmmy9KX7dmWEhQKEgkF6uH4wkTkiRFppsvSl-3ZlhoUChIJ-fpBPd5E5IkRX9etvg1cIz8aFAoSCf3n8BbCROSJEatTgueuydGOIgoNAqnxGBX-pnDV	41.8490626	-71.4037506	41.8490626	-71.4037506	Med	0.2936758819498841	NA
2658	2013-12-26	208341	20:07:00	Pedestrian	2	NA	FALSE	FALSE	1	1055 Westminster St	KNIGHT ST	2013-12-26	Two-Way , Not Divided	Ice/Frost	Dark - Lighted	Clear	Not a Collision Between Two Motor Vehicles in Transport	Yes, M/V and Driver Left Scene	No Controls	5	2	Incapacitating	2	41.81713	-71.42626	TRUE	FALSE	1055 Westminster Street, Providence, RI, USA	FALSE	-71.4259811	41.817341	premise	rooftop	1055 westminster st, providence, ri 02903, usa	NA	NA	NA	NA	41.817341	-71.4259811	High	32.97118478744094	NA
2659	2013-12-23	208059	18:12:00	Pedestrian	1	NA	FALSE	FALSE	1	MEMORIAL BLVD	FRANCIS STREET	2013-12-23	Two-Way, Divided, Positive Median Barrier	Wet	Dark - Lighted	Rain	Not a Collision Between Two Motor Vehicles in Transport	No	Traffic Control Signal	2	0	No Injury	NA	41.82577	-71.41524	FALSE	FALSE	Memorial Blvd and Francis Street, Providence, RI, USA	FALSE	-71.4153098	41.8257791	intersection	geometric_center	memorial blvd & francis st, providence, ri 02903, usa	NA	NA	NA	NA	41.8257791	-71.4153098	Med High	5.8780405968214176	NA
2660	2013-12-23	208103	20:10:00	Pedestrian	1	NA	FALSE	FALSE	1	Concord St	Frost St	2013-12-24	Two-Way , Not Divided	Wet	Dark - Lighted	Rain	Not a Collision Between Two Motor Vehicles in Transport	No	Pavement Markings	2	1	Complains Of Pain	NA	41.8519	-71.40413	FALSE	FALSE	Concord Street and Frost Street, Providence, RI, USA	FALSE	-71.40410860000001	41.8519213	intersection	geometric_center	frost st & concord st, providence, ri 02904, usa	NA	NA	NA	NA	41.8519213	-71.40410860000001	Med High	2.961562492189162	NA
2661	2013-12-23	208187	17:11:00	Pedestrian	1	NA	FALSE	FALSE	1	EXCHANGE ST	EXCHANGE TER	2013-12-24	Two-Way , Not Divided	Wet	Dark - Unknown Lighting	Rain	Other	No	Traffic Control Signal	2	1	Incapacitating	NA	41.82613	-71.41162	FALSE	FALSE	Exchange Street and Exchange Ter, Providence, RI, USA	FALSE	-71.41161319999999	41.8261317	intersection	geometric_center	exchange terrace & exchange st, providence, ri 02903, usa	NA	NA	NA	NA	41.8261317	-71.41161319999999	Med High	0.5949732956254514	NA
2662	2013-12-20	207735	14:07:00	Pedestrian	1	NA	FALSE	FALSE	1	GEORGE ST	THAYER ST	2013-12-20	Two-Way , Not Divided	Wet	Daylight	Clear	Not a Collision Between Two Motor Vehicles in Transport	No	Stop Signs	2	0	No Injury	NA	41.82553	-71.40039	FALSE	FALSE	George Street and Thayer Street, Providence, RI, USA	FALSE	-71.4005135	41.8268796	route	geometric_center	thayer st, providence, ri, usa	George Street & Thayer Street, Providence, RI, USA	EjJHZW9yZ2UgU3RyZWV0ICYgVGhheWVyIFN0cmVldCwgUHJvdmlkZW5jZSwgUkksIFVTQSJmImQKFAoSCUdpPp08ReSJEcUiisIDcbH9EhQKEglHaT6dPEXkiRHFIorCA3Gx_RoUChIJx-okYztF5IkRsmeONi5JlGUaFAoSCVG076s8ReSJEZJMNfXilGkAIgoNUhLuGBV7K3HV	41.8255442	-71.4003589	41.8255442	-71.4003589	Med	3.0256045907963394	NA
2663	2013-12-19	207703	17:32:00	Pedestrian	1	NA	FALSE	FALSE	1	WEYBOSSET ST	EDDY ST	2013-12-19	Two-Way , Not Divided	Slush	Dark - Lighted	Clear	Not a Collision Between Two Motor Vehicles in Transport	No	No Controls	5	1	Complains Of Pain	NA	41.82246	-71.4116	FALSE	FALSE	Weybosset Street and Eddy Street, Providence, RI, USA	FALSE	-71.4114379	41.82263890000001	intersection	geometric_center	weybosset st & eddy st, providence, ri 02903, usa	NA	NA	NA	NA	41.82263890000001	-71.4114379	Med High	24.029966682499378	NA
2664	2013-12-17	207353	20:26:00	Pedestrian	1	NA	FALSE	FALSE	1	270 BROAD ST	LOCKWOOD ST	2013-12-18	Unknown	Snow	Dark - Lighted	Blowing Snow	Other	No	No Controls	5	1	Incapacitating	NA	41.81539	-71.4206	TRUE	FALSE	270 Broad Street, Providence, RI, USA	FALSE	-71.4199958	41.8153081	premise	rooftop	270 broad st, providence, ri 02903, usa	NA	NA	NA	NA	41.8153081	-71.4199958	High	50.950474101920264	NA
2665	2013-12-13	206734	12:16:00	Pedestrian	1	NA	FALSE	FALSE	1	KNIGHT ST	BROADWAY	2013-12-13	Two-Way , Not Divided	Dry	Daylight	Clear	Not a Collision Between Two Motor Vehicles in Transport	No	No Controls	5	1	Complains Of Pain	NA	41.81979	-71.42935	FALSE	FALSE	Knight Street and Broadway, Providence, RI, USA	FALSE	-71.4293417	41.8198212	intersection	geometric_center	knight st & broadway, providence, ri 02909, usa	NA	NA	NA	NA	41.8198212	-71.4293417	Med High	3.540766399526028	NA
2666	2013-12-13	207463	12:17:00	Pedestrian	1	NA	FALSE	FALSE	1	SILVER SPRING ST	COMMODORE ST	2013-12-18	Two-Way , Not Divided	Dry	Daylight	Clear	Other	Yes, M/V and Driver Left Scene	No Controls	1	1	Complains Of Pain	NA	41.84568	-71.41753	FALSE	FALSE	Silver Spring Street and Commodore Street, Providence, RI, USA	FALSE	-71.4174626	41.8457672	intersection	geometric_center	silver spring st & commodore st, providence, ri 02904, usa	NA	NA	NA	NA	41.8457672	-71.4174626	Med High	11.201200004904445	NA
2667	2013-12-12	206589	10:32:00	Pedestrian	1	NA	FALSE	FALSE	1	MEMORIAL BLVD	COLLEGE STREET	2013-12-12	Two-Way , Not Divided	Dry	Daylight	Clear	Other	No	No Controls	2	0	No Injury	NA	41.83572	-71.41603	FALSE	FALSE	Memorial Blvd and College Street, Providence, RI, USA	FALSE	-71.4088081	41.8253077	intersection	geometric_center	memorial blvd & college st, providence, ri 02903, usa	NA	NA	NA	NA	41.8253077	-71.4088081	Med High	1304.7346396405967	Geocoded
2668	2013-12-12	206711	17:19:00	Pedestrian	1	NA	FALSE	FALSE	1	BUTLER AVE	ANGELL STREET	2013-12-12	Two-Way , Not Divided	Dry	Dark - Lighted	Clear	Not a Collision Between Two Motor Vehicles in Transport	No	Pavement Markings	5	1	Non-Incapacitating	NA	41.8308	-71.38459	FALSE	FALSE	Butler Ave and Angell Street, Providence, RI, USA	FALSE	-71.38459490000001	41.8308171	intersection	geometric_center	butler ave & angell st, providence, ri 02906, usa	NA	NA	NA	NA	41.8308171	-71.38459490000001	Med High	1.9464694547947794	NA
2669	2013-12-11	206926	10:45:00	Pedestrian	1	NA	FALSE	FALSE	1	WASHINGTON ST	DORRANCE ST	2013-12-11	Two-Way , Not Divided	Dry	Daylight	Clear	Not a Collision Between Two Motor Vehicles in Transport	No	Traffic Control Signal	4	0	No Injury	2	41.82445	-71.41277	FALSE	FALSE	Washington Street and Dorrance Street, Providence, RI, USA	FALSE	-71.41277699999999	41.8244607	intersection	geometric_center	washington st & dorrance st, providence, ri 02903, usa	NA	NA	NA	NA	41.8244607	-71.41277699999999	Med High	1.325123782231511	NA
2670	2013-12-10	206345	17:31:00	Bicycle	NA	1	FALSE	FALSE	1	Broadway	SUTTON ST	2013-12-10	Two-Way , Not Divided	Wet	Dark - Lighted	Snow	Not a Collision Between Two Motor Vehicles in Transport	No	No Controls	6	1	Complains Of Pain	2	41.82025	-71.42744	FALSE	FALSE	Broadway and Sutton Street, Providence, RI, USA	FALSE	-71.4285283	41.8223473	route	geometric_center	sutton st, providence, ri 02903, usa	NA	NA	NA	NA	41.8223473	-71.4285283	Med	250.31889694462322	Raw
2671	2013-12-09	206198	18:37:00	Pedestrian	1	NA	FALSE	FALSE	1	MEETING ST	PROSPECT ST	2013-12-09	Two-Way , Not Divided	Wet	Dark - Lighted	Sleet, Hail (Freezing Rain or Drizzle)	Not a Collision Between Two Motor Vehicles in Transport	No	No Controls	2	1	Non-Incapacitating	2	41.82888	-71.40497	FALSE	FALSE	Meeting Street and Prospect Street, Providence, RI, USA	FALSE	-71.4049753	41.828911	intersection	geometric_center	meeting st & prospect st, providence, ri 02906, usa	NA	NA	NA	NA	41.828911	-71.4049753	Med High	3.478794648770056	NA
2672	2013-12-09	206385	22:58:00	Bicycle	NA	1	FALSE	FALSE	1	Valley St	Felix St	2013-12-10	Two-Way , Not Divided	Wet	Dark - Lighted	Cloudy	Not a Collision Between Two Motor Vehicles in Transport	Yes, M/V and Driver Left Scene	No Controls	2	1	Complains Of Pain	NA	41.83217	-71.42773	FALSE	FALSE	Valley Street and Felix Street, Providence, RI, USA	FALSE	-71.4277108	41.8321931	intersection	geometric_center	valley st & felix st, providence, ri 02908, usa	NA	NA	NA	NA	41.8321931	-71.4277108	Med High	3.0246760900043106	NA
2673	2013-12-06	205541	11:43:00	Pedestrian	1	NA	FALSE	FALSE	1	BROAD ST	BROAD ST	2013-12-06	Two-Way, Not Divided With a Continuous Left Turn Lane	Dry	Daylight	Cloudy	Not a Collision Between Two Motor Vehicles in Transport	No	No Controls	4	1	Complains Of Pain	NA	41.8139	-71.42144	FALSE	FALSE	Broad Street and Broad Street, Providence, RI, USA	FALSE	-71.4101636	41.7945838	route	geometric_center	broad st, providence, ri, usa	NA	NA	NA	NA	41.7945838	-71.4101636	Med	2345.0445178876494	Cannot be determined
2674	2013-12-06	205727	15:11:00	Pedestrian	1	NA	FALSE	FALSE	1	251 SMITH STREET	NA	2013-12-06	Two-Way , Not Divided	Wet	Daylight	Rain	Other	No	No Controls	3	1	Complains Of Pain	2	41.83488	-71.41671	TRUE	TRUE	251 Smith Street, Providence, RI, USA	FALSE	-71.4200567	41.8333085	premise	rooftop	251 smith st, providence, ri 02908, usa	NA	NA	NA	NA	41.8333085	-71.4200567	High	328.1081756471099	Geocoded
2675	2013-12-06	205728	16:28:00	Pedestrian	1	NA	FALSE	FALSE	1	BROWN STREET	BENEVOLENT STREET	2013-12-06	Two-Way , Not Divided	Wet	Dark - Lighted	Rain	Head-On (Front - to - Front)	No	Stop Signs	5	1	Complains Of Pain	2	41.83616	-71.41597	FALSE	FALSE	Brown Street and Benevolent Street, Providence, RI, USA	FALSE	-71.40268929999999	41.8246153	intersection	geometric_center	brown st & benevolent st, providence, ri 02906, usa	NA	NA	NA	NA	41.8246153	-71.40268929999999	Med High	1692.663662072774	Geocoded
2676	2013-12-06	206219	17:01:00	Pedestrian	1	NA	FALSE	FALSE	1	RICHMOND ST	PINE ST	2013-12-06	One-Way Trafficway	Wet	Dark - Lighted	Rain	Other	Yes, M/V and Driver Left Scene	Stop Signs	2	0	No Injury	1	41.82059	-71.41182	FALSE	FALSE	Richmond Street and Pine Street, Providence, RI, USA	FALSE	-71.3928774	41.8805987	route	geometric_center	pine st, rhode island, usa	Richmond Street & Pine Street, Providence, RI, USA	EjJSaWNobW9uZCBTdHJlZXQgJiBQaW5lIFN0cmVldCwgUHJvdmlkZW5jZSwgUkksIFVTQSJmImQKFAoSCbP-c6EUReSJEYeVs9Zva_4EEhQKEgmz_nOhFEXkiRGHlbPWb2v-BBoUChIJsV5eJGtF5IkR9Y8t4y6aVBQaFAoSCTmTCVNsReSJEaApLPBv78I8IgoNzlHtGBWXa2_V	41.8206158	-71.4118249	41.8206158	-71.4118249	Med	2.9006676821280446	NA
2677	2013-12-01	204683	16:55:00	Pedestrian	1	NA	FALSE	FALSE	1	EMPIRE ST	WEYBOSSET ST	2013-12-01	Two-Way , Not Divided	Wet	Dark - Lighted	Rain	Not a Collision Between Two Motor Vehicles in Transport	No	Traffic Control Signal	2	1	Complains Of Pain	2	41.82004	-71.41433	FALSE	FALSE	Empire Street and Weybosset Street, Providence, RI, USA	FALSE	-71.41435729999999	41.8200721	intersection	geometric_center	weybosset st & empire st, providence, ri 02903, usa	NA	NA	NA	NA	41.8200721	-71.41435729999999	Med High	4.230629945637149	NA
2678	2013-11-27	204273	16:20:00	Pedestrian	1	NA	FALSE	FALSE	1	FONES ALY	BROOK ST	2013-11-27	Two-Way , Not Divided	Wet	Dark - Lighted	Cloudy	Not a Collision Between Two Motor Vehicles in Transport	No	Pavement Markings	2	1	Complains Of Pain	2	41.8278	-71.3994	FALSE	FALSE	Fones Aly and Brook Street, Providence, RI, USA	FALSE	-71.3993915	41.8278075	intersection	geometric_center	brook st & fones alley, providence, ri 02906, usa	NA	NA	NA	NA	41.8278075	-71.3993915	Med High	1.0927864868351613	NA