row_number	crash_date	crash_report_id	crash_time	collision_type	count_pedestrian	count_bicycle	scooter	wheel_chair	number_of_vehicles	street_or_highway	nearest_intersection	report_date	type_of_roadway	road_surface_condition	light_condition	weather_condition	manner_of_impact	hit_and_run	traffic_control	person_count	injury_count	most_serious_injury	number_of_lanes	lat_raw	lon_raw	has_st_number	is_intersection_null	address_sent_to_geocoder	is_address_blank	lon_api_first_try	lat_api_first_try	type	loctype	address_returned_by_geocoder	address_returned_by_autocomplete	place_ids_autocompleted	lat_api_second_try	lon_api_second_try	lat_api_best	lon_api_best	api_coord_conf	distance_btwn_coords_meters	best_coordinate_set
2679	2013-11-27	204338	18:44:00	Pedestrian	1	NA	FALSE	FALSE	1	387 Broadway	COURTLAND ST	2013-11-27	Two-Way , Not Divided	Wet	Dark - Lighted	Rain	Not a Collision Between Two Motor Vehicles in Transport	No	Pavement Markings	4	1	Complains Of Pain	2	41.81936	-71.43124	TRUE	FALSE	387 Broadway, Providence, RI, USA	FALSE	-71.4308061	41.8196133	premise	rooftop	387 broadway, providence, ri 02909, usa	NA	NA	NA	NA	41.8196133	-71.4308061	High	45.72575209076591	NA
2680	2013-11-27	204362	17:48:00	Pedestrian	1	NA	FALSE	FALSE	1	MANTON AVE	FLORENCE ST	2013-11-27	Two-Way , Not Divided	Wet	Dark - Lighted	Rain	Head-On (Front - to - Front)	No	No Controls	4	1	Complains Of Pain	NA	41.82056	-71.44737	FALSE	FALSE	Manton Ave and Florence Street, Providence, RI, USA	FALSE	-71.4470068	41.8202523	intersection	geometric_center	florence st & manton ave, providence, ri 02909, usa	NA	NA	NA	NA	41.8202523	-71.4470068	Med High	45.61952171756209	NA
2681	2013-11-22	203712	14:07:00	Pedestrian	1	NA	FALSE	FALSE	1	Leah Street	Roanoke Street	2013-11-22	Two-Way , Not Divided	Wet	Daylight	Cloudy	Angle (Front - to - Side) Right Angle (Includes Broadside)	No	No Controls	4	1	Complains Of Pain	2	41.81948	-71.43758	FALSE	FALSE	Leah Street and Roanoke Street, Providence, RI, USA	FALSE	-71.4515781	41.8310779	intersection	geometric_center	leah st & roanoke st, providence, ri 02908, usa	NA	NA	NA	NA	41.8310779	-71.4515781	Med High	1736.4404690648685	Geocoded
2682	2013-11-20	203405	09:07:00	Pedestrian	1	NA	FALSE	FALSE	1	BORDEN ST	EDDY ST	2013-11-20	One-Way Trafficway	Dry	Daylight	Clear	Not a Collision Between Two Motor Vehicles in Transport	No	Traffic Control Signal	2	1	Complains Of Pain	NA	41.81342	-71.40833	FALSE	FALSE	Borden Street and Eddy Street, Providence, RI, USA	FALSE	-71.4070223	41.81219919999999	intersection	geometric_center	eddy st & borden st, providence, ri 02903, usa	NA	NA	NA	NA	41.81219919999999	-71.4070223	Med High	173.89810133383475	Geocoded
2683	2013-11-17	202981	20:21:00	Bicycle	NA	1	FALSE	FALSE	1	BRANCH AVE	HAWKINS ST	2013-11-17	Two-Way, Divided, Unprotected (painted>4feet) Medium	Wet	Dark - Lighted	Rain	Other	No	No Controls	2	1	Incapacitating	1	41.85087	-71.42136	FALSE	FALSE	Branch Ave and Hawkins Street, Providence, RI, USA	FALSE	-71.4214171	41.8509231	intersection	geometric_center	hawkins st & branch ave, providence, ri 02904, usa	NA	NA	NA	NA	41.8509231	-71.4214171	Med High	7.573533598661362	NA
2684	2013-11-17	203073	11:47:00	Pedestrian	1	NA	FALSE	FALSE	1	74 MURRAY ST	ETHAN ST	2013-11-18	Two-Way , Not Divided	Dry	Daylight	Clear	Not a Collision Between Two Motor Vehicles in Transport	No	No Controls	2	1	Complains Of Pain	NA	41.80856	-71.45905	TRUE	FALSE	74 Murray Street, Providence, RI, USA	FALSE	-71.4588938	41.8087307	street_address	rooftop	74 murray st, providence, ri 02909, usa	NA	NA	NA	NA	41.8087307	-71.4588938	High	23.001388386033383	NA
2685	2013-11-16	202871	22:10:00	Pedestrian	1	NA	FALSE	FALSE	1	EATON ST	HUXLEY AVE	2013-11-16	Two-Way , Not Divided	Dry	Dark - Lighted	Clear	Not a Collision Between Two Motor Vehicles in Transport	No	No Controls	3	1	Non-Incapacitating	NA	41.84143	-71.43305	FALSE	FALSE	Eaton Street and Huxley Ave, Providence, RI, USA	FALSE	-71.43359099999999	41.8415128	intersection	geometric_center	eaton st & huxley ave, providence, ri 02908, usa	NA	NA	NA	NA	41.8415128	-71.43359099999999	Med High	45.803366815817746	NA
2686	2013-11-15	202802	12:09:00	Bicycle	NA	1	FALSE	FALSE	1	413 FRIENDSHIP ST	SOMERSET ST	2013-11-16	One-Way Trafficway	Dry	Daylight	Clear	Not a Collision Between Two Motor Vehicles in Transport	Yes, M/V and Driver Left Scene	No Controls	1	1	Complains Of Pain	NA	41.81235	-71.41865	TRUE	FALSE	413 Friendship Street, Providence, RI, USA	FALSE	-71.4187389	41.8125072	street_address	rooftop	413 friendship st, providence, ri 02907, usa	NA	NA	NA	NA	41.8125072	-71.4187389	High	18.99040772727982	NA
2687	2013-11-15	202815	21:45:00	Pedestrian	1	NA	FALSE	FALSE	1	EXCHANGE TER	FRANCIS ST	2013-11-16	Two-Way , Not Divided	Dry	Dark - Unknown Lighting	Clear	Unknown	No	Traffic Control Signal	5	1	Complains Of Pain	NA	41.82503	-71.4148	FALSE	FALSE	Exchange Ter and Francis Street, Providence, RI, USA	FALSE	-71.41480469999999	41.8250247	intersection	geometric_center	exchange terrace & francis st, providence, ri 02903, usa	NA	NA	NA	NA	41.8250247	-71.41480469999999	Med High	0.7071774677544435	NA
2688	2013-11-14	202628	18:59:00	Bicycle	NA	1	FALSE	FALSE	1	Power St	HOPE ST	2013-11-14	Two-Way , Not Divided	Dry	Dark - Lighted	Clear	Not a Collision Between Two Motor Vehicles in Transport	No	Stop Signs	4	1	Complains Of Pain	2	41.82318	-71.39702	FALSE	FALSE	Power Street and Hope Street, Providence, RI, USA	FALSE	-71.3970049	41.82320250000001	intersection	geometric_center	hope st & power st, providence, ri 02912, usa	NA	NA	NA	NA	41.82320250000001	-71.3970049	Med High	2.80045701277693	NA
2689	2013-11-13	202380	17:00:00	Pedestrian	1	NA	FALSE	FALSE	1	BROAD STREET	BROAD ST	2013-11-13	Two-Way , Not Divided	Dry	Dark - Lighted	Clear	Not a Collision Between Two Motor Vehicles in Transport	No	No Controls	6	0	No Injury	2	41.81428	-71.42123	FALSE	FALSE	Broad Street and Broad Street, Providence, RI, USA	FALSE	-71.4101636	41.7945838	route	geometric_center	broad st, providence, ri, usa	NA	NA	NA	NA	41.7945838	-71.4101636	Med	2377.105197539384	Cannot be determined
2690	2013-11-13	202430	18:24:00	Pedestrian	1	NA	FALSE	FALSE	1	1516 WESTMINSTER ST	NA	2013-11-13	Two-Way , Not Divided	Dry	Dark - Lighted	Clear	Not a Collision Between Two Motor Vehicles in Transport	No	No Controls	2	1	Complains Of Pain	2	41.81617	-71.43475	TRUE	TRUE	1516 Westminster Street, Providence, RI, USA	FALSE	-71.43449799999999	41.8160371	street_address	rooftop	1516 westminster st, providence, ri 02909, usa	NA	NA	NA	NA	41.8160371	-71.43449799999999	High	25.612201532585907	NA
2691	2013-11-12	202196	17:27:00	Pedestrian	1	NA	FALSE	FALSE	1	WASHINGTON ST	EMPIRE ST	2013-11-12	Two-Way , Not Divided	Dry	Dark - Lighted	Clear	Other	No	Traffic Control Signal	3	1	Complains Of Pain	NA	41.82182	-71.41645	FALSE	FALSE	Washington Street and Empire Street, Providence, RI, USA	FALSE	-71.4157797	41.821349	route	geometric_center	empire st, providence, ri 02903, usa	Washington Street & Empire Street, Providence, RI, USA	EjZXYXNoaW5ndG9uIFN0cmVldCAmIEVtcGlyZSBTdHJlZXQsIFByb3ZpZGVuY2UsIFJJLCBVU0EiZiJkChQKEgmNpp3sEkXkiRHnvAEsqcaDvRIUChIJjaad7BJF5IkR57wBLKnGg70aFAoSCanazZwSReSJERoH0JajEjT2GhQKEgnHPO_pEkXkiRGhxI4iuiomFSIKDWmC7RgVI7hu1Q	41.82186009999999	-71.4164189	41.82186009999999	-71.4164189	Med	5.155853917904554	NA
2692	2013-11-11	202021	13:04:00	Pedestrian	1	NA	FALSE	FALSE	1	315 BROAD STREET	NA	2013-11-11	Two-Way, Divided, Positive Median Barrier	Dry	Daylight	Clear	Other	No	No Controls	3	1	Complains Of Pain	2	41.83349	-71.41682	TRUE	TRUE	315 Broad Street, Providence, RI, USA	FALSE	-71.4217316	41.81451740000001	premise	rooftop	315 broad st, providence, ri 02907, usa	NA	NA	NA	NA	41.81451740000001	-71.4217316	High	2150.962032735088	Geocoded
2693	2013-11-11	202063	23:45:00	Pedestrian	1	NA	FALSE	FALSE	1	FRANCIS ST	SMITH ST	2013-11-12	Two-Way , Not Divided	Wet	Dark - Lighted	Rain	Angle (Front - to - Side) Right Angle (Includes Broadside)	No	Traffic Control Signal	2	1	Incapacitating	4	41.83182	-71.41629	FALSE	FALSE	Francis Street and Smith Street, Providence, RI, USA	FALSE	-71.4433053	41.8418141	route	geometric_center	smith st, providence, ri, usa	Francis Street & Smith Street, Providence, RI, USA	EjJGcmFuY2lzIFN0cmVldCAmIFNtaXRoIFN0cmVldCwgUHJvdmlkZW5jZSwgUkksIFVTQSJmImQKFAoSCWMaa-YaReSJEWTPEtzNjtbUEhQKEgljGmvmGkXkiRFkzxLczY7W1BoUChIJ4wolWRBF5IkRCddrkmwOQpsaFAoSCbWucExLROSJESG1ozC4jKuEIgoNpQfvGBV6vW7V	41.8318245	-71.4162822	41.8318245	-71.4162822	Med	0.818234627210666	NA
2694	2013-11-08	201659	09:52:00	Pedestrian	1	NA	FALSE	FALSE	1	WASHINGTON ST	EMPIRE ST	2013-11-08	Two-Way , Not Divided	Dry	Daylight	Clear	Not a Collision Between Two Motor Vehicles in Transport	No	Traffic Control Signal	4	0	No Injury	2	41.82182	-71.41645	FALSE	FALSE	Washington Street and Empire Street, Providence, RI, USA	FALSE	-71.4157797	41.821349	route	geometric_center	empire st, providence, ri 02903, usa	Washington Street & Empire Street, Providence, RI, USA	EjZXYXNoaW5ndG9uIFN0cmVldCAmIEVtcGlyZSBTdHJlZXQsIFByb3ZpZGVuY2UsIFJJLCBVU0EiZiJkChQKEgmNpp3sEkXkiRHnvAEsqcaDvRIUChIJjaad7BJF5IkR57wBLKnGg70aFAoSCanazZwSReSJERoH0JajEjT2GhQKEgnHPO_pEkXkiRGhxI4iuiomFSIKDWmC7RgVI7hu1Q	41.82186009999999	-71.4164189	41.82186009999999	-71.4164189	Med	5.155853917904554	NA
2695	2013-11-07	201500	17:48:00	Bicycle	NA	1	FALSE	FALSE	1	broad st	CAHIR ST	2013-11-07	Two-Way , Not Divided	Wet	Dark - Lighted	Rain	Not a Collision Between Two Motor Vehicles in Transport	No	Traffic Control Signal	4	1	Complains Of Pain	2	41.81692	-71.41795	FALSE	FALSE	Broad Street and Cahir Street, Providence, RI, USA	FALSE	-71.4189877	41.8178471	route	geometric_center	cahir st, providence, ri 02903, usa	Broad Street & Cahir Street, Providence, RI, USA	EjBCcm9hZCBTdHJlZXQgJiBDYWhpciBTdHJlZXQsIFByb3ZpZGVuY2UsIFJJLCBVU0EiZiJkChQKEglxchb1bUXkiRHx6X_pfAz-ChIUChIJcXIW9W1F5IkR8el_6XwM_goaFAoSCYPefdWMT-SJESyiypOYSwijGhQKEgmx_OtuckXkiRFRWF6nVg1mziIKDXPC7BgVlX5u1Q	41.8169459	-71.41789229999999	41.8169459	-71.41789229999999	Med	5.588231094641271	NA
2696	2013-11-07	201575	23:29:00	Pedestrian	1	NA	FALSE	FALSE	1	COMSTOCK AVE	Broad St	2013-11-08	Two-Way , Not Divided	Dry	Dark - Lighted	Clear	Not a Collision Between Two Motor Vehicles in Transport	No	No Controls	2	1	Complains Of Pain	2	41.80948	-71.42091	FALSE	FALSE	Comstock Ave and Broad Street, Providence, RI, USA	FALSE	-71.420929	41.8094877	intersection	geometric_center	comstock ave & broad st, providence, ri 02907, usa	NA	NA	NA	NA	41.8094877	-71.420929	Med High	1.794457620511356	NA
2697	2013-11-06	201271	14:00:00	Pedestrian	2	NA	FALSE	FALSE	1	HOPE STREET	CYPRESS STREET	2013-11-06	Two-Way , Not Divided	Dry	Daylight	Clear	Other	No	No Controls	7	1	Non-Incapacitating	2	41.83139	-71.4177	FALSE	FALSE	Hope Street and Cypress Street, Providence, RI, USA	FALSE	-71.39896139999999	41.8410395	intersection	geometric_center	hope st & cypress st, providence, ri 02906, usa	NA	NA	NA	NA	41.8410395	-71.39896139999999	Med High	1889.2533476884992	Geocoded
2698	2013-11-05	201139	17:25:00	Pedestrian	1	NA	FALSE	FALSE	1	THAYER ST	ANGELL ST	2013-11-05	One-Way Trafficway	Dry	Dark - Lighted	Clear	Not a Collision Between Two Motor Vehicles in Transport	No	Traffic Control Signal	4	1	Complains Of Pain	1	41.82813	-71.40066	FALSE	FALSE	Thayer Street and Angell Street, Providence, RI, USA	FALSE	-71.4006581	41.8280973	intersection	geometric_center	thayer st & angell st, providence, ri 02906, usa	NA	NA	NA	NA	41.8280973	-71.4006581	Med High	3.6435575761694823	NA
2699	2013-11-05	201209	18:03:00	Pedestrian	2	NA	FALSE	FALSE	1	PARKING LOT	SILVER SPRING ST	2013-11-05	Two-Way , Not Divided	Dry	Dark - Lighted	Clear	Other	No	No Controls	3	2	Complains Of Pain	NA	41.85631	-71.41089	FALSE	FALSE	Parking Lot and Silver Spring Street, Providence, RI, USA	FALSE	-71.4133985	41.8503204	route	geometric_center	silver spring st, providence, ri 02904, usa	NA	NA	NA	NA	41.8503204	-71.4133985	Med	698.4487533630432	Raw
2700	2013-11-03	200634	02:54:00	Pedestrian	1	NA	FALSE	FALSE	1	PUTNAM ST	HALE ST	2013-11-03	One-Way Trafficway	Dry	Dark - Lighted	Clear	Not a Collision Between Two Motor Vehicles in Transport	Yes, M/V and Driver Left Scene	No Controls	1	1	Incapacitating	NA	41.82395	-71.44387	FALSE	FALSE	Putnam Street and Hale Street, Providence, RI, USA	FALSE	-71.443871	41.823948	intersection	geometric_center	hale st & putnam st, providence, ri 02909, usa	NA	NA	NA	NA	41.823948	-71.443871	Med High	0.23759134248584465	NA
2701	2013-11-01	200400	00:18:00	Pedestrian	1	NA	FALSE	FALSE	1	Dorrance St	Pine St	2013-11-01	Two-Way , Not Divided	Wet	Dark - Lighted	Rain	Not a Collision Between Two Motor Vehicles in Transport	Yes, M/V and Driver Left Scene	Pavement Markings	9	1	Incapacitating	NA	41.82237	-71.41006	FALSE	FALSE	Dorrance Street and Pine Street, Providence, RI, USA	FALSE	-71.4100874	41.822464	intersection	geometric_center	pine st & dorrance st, providence, ri 02903, usa	NA	NA	NA	NA	41.822464	-71.4100874	Med High	10.708062063357948	NA
2702	2013-11-01	200422	12:24:00	Pedestrian	1	NA	FALSE	FALSE	1	MATHEWSON ST	MATHEWSON ST	2013-11-01	One-Way Trafficway	Wet	Daylight	Rain	Not a Collision Between Two Motor Vehicles in Transport	No	No Controls	3	1	Complains Of Pain	1	41.82396	-71.41628	FALSE	FALSE	Mathewson Street and Mathewson Street, Providence, RI, USA	FALSE	-71.4142678	41.8226533	route	geometric_center	mathewson st, providence, ri 02903, usa	NA	NA	NA	NA	41.8226533	-71.4142678	Med	221.41019902809654	Geocoded
2703	2013-10-31	200314	20:16:00	Pedestrian	1	NA	FALSE	FALSE	1	RUTHERGLEN AVE	NARRAGANSETT AVE	2013-10-31	Two-Way , Not Divided	Wet	Dawn	Rain	Not a Collision Between Two Motor Vehicles in Transport	Yes, M/V and Driver Left Scene	Stop Signs	2	1	Complains Of Pain	NA	41.78696	-71.42308	FALSE	FALSE	Rutherglen Ave and Narragansett Ave, Providence, RI, USA	FALSE	-71.4230812	41.7869766	intersection	geometric_center	narragansett ave & rutherglen ave, providence, ri 02907, usa	NA	NA	NA	NA	41.7869766	-71.4230812	Med High	1.850585953448829	NA
2704	2013-10-31	200875	18:54:00	Pedestrian	1	NA	FALSE	FALSE	1	VALLEY ST	HEMLOCK ST	2013-11-04	Two-Way, Divided, Unprotected (painted>4feet) Medium	Wet	Dark - Lighted	Sleet, Hail (Freezing Rain or Drizzle)	Other	No	No Controls	10	1	Incapacitating	NA	41.83058	-71.4302	FALSE	FALSE	Valley Street and Hemlock Street, Providence, RI, USA	FALSE	-71.4304933	41.8304583	intersection	geometric_center	valley st & hemlock st, providence, ri 02908, usa	NA	NA	NA	NA	41.8304583	-71.4304933	Med High	27.845975342176494	NA
2705	2013-10-29	199963	09:33:00	Bicycle	NA	1	FALSE	FALSE	1	BATH ST	CHALKSTONE AVE	2013-10-29	Two-Way , Not Divided	Dry	Daylight	Clear	Angle (Front - to - Side) Right Angle (Includes Broadside)	No	No Controls	4	1	Complains Of Pain	2	41.83511	-71.42583	FALSE	FALSE	Bath Street and Chalkstone Ave, Providence, RI, USA	FALSE	-71.425822	41.8351738	intersection	geometric_center	bath st & chalkstone ave, providence, ri 02908, usa	NA	NA	NA	NA	41.8351738	-71.425822	Med High	7.133111142689706	NA
2706	2013-10-29	199968	11:58:00	Pedestrian	1	NA	FALSE	FALSE	1	CHARLES ST	BRANCH AVE	2013-10-29	Two-Way , Not Divided	Dry	Daylight	Clear	Not a Collision Between Two Motor Vehicles in Transport	Yes, M/V and Driver Left Scene	Stop Signs	4	1	Complains Of Pain	NA	41.85026	-71.41998	FALSE	FALSE	Charles Street and Branch Ave, Providence, RI, USA	FALSE	-71.4128343	41.8239891	locality	approximate	providence, ri, usa	Charles Street & Branch Ave, Providence, RI, USA	EjBDaGFybGVzIFN0cmVldCAmIEJyYW5jaCBBdmUsIFByb3ZpZGVuY2UsIFJJLCBVU0EiZiJkChQKEgmX1pBx8ETkiRFt3W_DezHjNhIUChIJl9aQcfBE5IkRbd1vw3sx4zYaFAoSCXULzmzxROSJEctkyy41Vf0yGhQKEgnptPOF-UTkiRG6fR7eUkO2qCIKDYfZ8RgVmixu1Q	41.8503047	-71.419991	41.8503047	-71.419991	Med	5.058890141082714	NA
2707	2013-10-29	199987	12:52:00	Pedestrian	1	NA	FALSE	FALSE	1	COLLYER ST	COLLYER ST	2013-10-29	Unknown	Dry	Daylight	Clear	Other	No	No Controls	4	0	No Injury	NA	41.85541	-71.40307	FALSE	FALSE	Collyer Street and Collyer Street, Providence, RI, USA	FALSE	-71.4035181	41.8544712	route	geometric_center	collyer st, rhode island, usa	NA	NA	NA	NA	41.8544712	-71.4035181	Med	110.91477718594213	Raw
2708	2013-10-26	199688	17:23:00	Pedestrian	1	NA	FALSE	FALSE	1	1 West Exchange Street	EXCHANGE TER	2013-10-26	One-Way Trafficway	Dry	Daylight	Cloudy	Unknown	No	No Controls	3	1	Complains Of Pain	NA	41.82485	-71.41559	TRUE	FALSE	1 West Exchange Street, Providence, RI, USA	FALSE	-71.41480469999999	41.8250247	intersection	geometric_center	us-1 & w exchange st, providence, ri 02903, usa	NA	NA	NA	NA	41.8250247	-71.41480469999999	High	67.98446466051823	NA
2709	2013-10-23	199173	09:46:00	Pedestrian	1	NA	FALSE	FALSE	1	BROAD ST	HOMER ST	2013-10-23	Two-Way , Not Divided	Dry	Daylight	Cloudy	Not a Collision Between Two Motor Vehicles in Transport	Yes, M/V and Driver Left Scene	No Controls	2	1	Complains Of Pain	NA	41.78886	-71.40405	FALSE	FALSE	Broad Street and Homer Street, Providence, RI, USA	FALSE	-71.4062193	41.7880624	route	geometric_center	homer st, providence, ri 02905, usa	Broad Street & Homer Street, Providence, RI, USA	EjBCcm9hZCBTdHJlZXQgJiBIb21lciBTdHJlZXQsIFByb3ZpZGVuY2UsIFJJLCBVU0EiZiJkChQKEgkR9V5l7U_kiRFRmvldABU7ORIUChIJEfVeZe1P5IkRUZr5XQAVOzkaFAoSCYPefdWMT-SJESyiypOYSwijGhQKEgkZiakz7U_kiRGt9q97hmVqdCIKDVR56BgVnptw1Q	41.78885959999999	-71.4040418	41.78885959999999	-71.4040418	Med	0.6820585929213773	NA
2710	2013-10-23	199208	15:27:00	Pedestrian	1	NA	FALSE	FALSE	1	WESTMINSTER ST	CAHIR ST	2013-10-23	Two-Way, Divided, Unprotected (painted>4feet) Medium	Dry	Daylight	Cloudy	Not a Collision Between Two Motor Vehicles in Transport	No	No Controls	2	1	Complains Of Pain	NA	41.81797	-71.42071	FALSE	FALSE	Westminster Street and Cahir Street, Providence, RI, USA	FALSE	-71.4201851	41.8182066	intersection	geometric_center	cahir st & westminster st, providence, ri 02903, usa	NA	NA	NA	NA	41.8182066	-71.4201851	Med High	50.89250065616159	NA
2711	2013-10-22	199046	14:59:00	Bicycle	NA	1	FALSE	FALSE	1	WESTMINSTER ST	WINTER ST	2013-10-22	Two-Way , Not Divided	Dry	Daylight	Clear	Sideswipe, Same Direction	Yes, M/V and Driver Left Scene	No Controls	4	1	Complains Of Pain	2	41.81741	-71.42241	FALSE	FALSE	Westminster Street and Winter Street, Providence, RI, USA	FALSE	-71.42230959999999	41.817219	intersection	geometric_center	winter st & westminster st, providence, ri 02903, usa	NA	NA	NA	NA	41.817219	-71.42230959999999	Med High	22.835387213957414	NA
2712	2013-10-22	199171	09:55:00	Bicycle	NA	1	FALSE	FALSE	1	345 BLACKSTONE BLVD	BUTLER DR	2013-10-23	Two-Way , Not Divided	Dry	Daylight	Clear	Not a Collision Between Two Motor Vehicles in Transport	No	No Controls	2	1	Complains Of Pain	NA	41.84616	-71.38677	TRUE	FALSE	345 Blackstone Blvd, Providence, RI, USA	FALSE	-71.385631	41.846263	street_address	rooftop	345 blackstone blvd, providence, ri 02906, usa	NA	NA	NA	NA	41.846263	-71.385631	High	95.14626563849188	NA
2713	2013-10-21	199148	13:10:00	Pedestrian	1	NA	FALSE	FALSE	1	MESSER ST	OAK ST	2013-10-21	Two-Way , Not Divided	Dry	Daylight	Clear	Other	No	No Controls	3	1	Complains Of Pain	NA	41.81496	-71.43677	FALSE	FALSE	Messer Street and Oak Street, Providence, RI, USA	FALSE	-71.436745	41.8148879	intersection	geometric_center	messer st & oak st, providence, ri 02909, usa	NA	NA	NA	NA	41.8148879	-71.436745	Med High	8.289814008824933	NA
2714	2013-10-20	198742	05:32:00	Pedestrian	1	NA	FALSE	FALSE	1	BRIDGHAM ST	ELMWOOD AVE	2013-10-21	Two-Way , Not Divided	Dry	Dark - Lighted	Clear	Other	Yes, M/V and Driver Left Scene	Traffic Control Signal	2	1	Complains Of Pain	4	41.81277	-71.42218	FALSE	FALSE	Bridgham Street and Elmwood Ave, Providence, RI, USA	FALSE	-71.4221436	41.8127945	intersection	geometric_center	bridgham st & elmwood ave, providence, ri 02907, usa	NA	NA	NA	NA	41.8127945	-71.4221436	Med High	4.06930554617504	NA
2715	2013-10-18	198494	17:15:00	Bicycle	NA	1	FALSE	FALSE	1	WESTMINSTER ST	HAMMOND ST	2013-10-18	Two-Way , Not Divided	Dry	Daylight	Clear	Not a Collision Between Two Motor Vehicles in Transport	No	No Controls	4	1	Complains Of Pain	2	41.81684	-71.42907	FALSE	FALSE	Westminster Street and Hammond Street, Providence, RI, USA	FALSE	-71.42907009999999	41.816861	intersection	geometric_center	westminster st & hammond st, providence, ri 02909, usa	NA	NA	NA	NA	41.816861	-71.42907009999999	Med High	2.3377240291534025	NA
2716	2013-10-18	198638	00:04:00	Pedestrian	1	NA	FALSE	FALSE	1	765 Westminster St	Cahir St	2013-10-20	Two-Way , Not Divided	Dry	Dark - Lighted	Clear	Not a Collision Between Two Motor Vehicles in Transport	No	No Controls	3	1	Complains Of Pain	NA	41.81815	-71.42034	TRUE	FALSE	765 Westminster Street, Providence, RI, USA	FALSE	-71.42086619999999	41.8180452	street_address	rooftop	765 westminster st, providence, ri 02903, usa	NA	NA	NA	NA	41.8180452	-71.42086619999999	High	45.1868646592572	NA
2717	2013-10-17	198292	09:36:00	Bicycle	NA	1	FALSE	FALSE	1	GOVERNOR ST	PRESTON ST	2013-10-17	Two-Way , Not Divided	Dry	Daylight	Clear	Sideswipe, Same Direction	No	No Controls	3	1	Complains Of Pain	NA	41.82408	-71.39409	FALSE	FALSE	Governor Street and Preston Street, Providence, RI, USA	FALSE	-71.3940736	41.8242077	intersection	geometric_center	governor st & preston st, providence, ri 02906, usa	NA	NA	NA	NA	41.8242077	-71.3940736	Med High	14.280450137517546	NA
2718	2013-10-16	198165	09:00:00	Pedestrian	1	NA	FALSE	FALSE	1	JULIAN ST	KOSSUTH ST	2013-10-16	Unknown	Dry	Daylight	Cloudy	Other	No	No Controls	3	1	Complains Of Pain	NA	41.82269	-71.44492	FALSE	FALSE	Julian Street and Kossuth Street, Providence, RI, USA	FALSE	-71.4449941	41.8220868	intersection	geometric_center	kossuth st & julian st, providence, ri 02909, usa	NA	NA	NA	NA	41.8220868	-71.4449941	Med High	67.42870124967583	NA
2719	2013-10-15	198110	18:34:00	Bicycle	NA	1	FALSE	FALSE	1	WATERMAN STREET	IVES ST	2013-10-15	One-Way Trafficway	Dry	Dark - Lighted	Clear	Not a Collision Between Two Motor Vehicles in Transport	No	Stop Signs	4	1	Non-Incapacitating	2	41.82778	-71.39291	FALSE	FALSE	Waterman Street and Ives Street, Providence, RI, USA	FALSE	-71.3929088	41.8277996	intersection	geometric_center	ives st & waterman st, providence, ri 02906, usa	NA	NA	NA	NA	41.8277996	-71.3929088	Med High	2.184131425974228	NA
2720	2013-10-14	197951	00:55:00	Pedestrian	2	NA	FALSE	FALSE	1	BROAD ST	BROAD ST	2013-10-14	Two-Way , Not Divided	Dry	Dark - Lighted	Clear	Not a Collision Between Two Motor Vehicles in Transport	Yes, M/V and Driver Left Scene	No Controls	2	0	No Injury	NA	41.80956	-71.42095	FALSE	FALSE	Broad Street and Broad Street, Providence, RI, USA	FALSE	-71.4101636	41.7945838	route	geometric_center	broad st, providence, ri, usa	NA	NA	NA	NA	41.7945838	-71.4101636	Med	1892.2352224531594	Cannot be determined
2721	2013-10-14	198016	14:52:00	Pedestrian	1	NA	FALSE	FALSE	1	POCASSET AVE	BANCROFT ST	2013-10-14	Two-Way , Not Divided	Dry	Daylight	Clear	Not a Collision Between Two Motor Vehicles in Transport	No	Pavement Markings	4	1	Complains Of Pain	2	41.81334	-71.44837	FALSE	FALSE	Pocasset Ave and Bancroft Street, Providence, RI, USA	FALSE	-71.4483431	41.8133787	intersection	geometric_center	pocasset ave & bancroft st, providence, ri 02909, usa	NA	NA	NA	NA	41.8133787	-71.4483431	Med High	4.851866543765637	NA
2722	2013-10-14	198054	19:01:00	Bicycle	NA	1	FALSE	FALSE	1	Berlin St	Chalkstone Ave.	2013-10-14	Two-Way , Not Divided	Dry	Dark - Lighted	Clear	Not a Collision Between Two Motor Vehicles in Transport	No	Stop Signs	6	1	Complains Of Pain	2	41.83228	-71.44173	FALSE	FALSE	Berlin Street and Chalkstone Ave., Providence, RI, USA	FALSE	-71.4417437	41.8322912	intersection	geometric_center	berlin st & chalkstone ave, providence, ri 02908, usa	NA	NA	NA	NA	41.8322912	-71.4417437	Med High	1.6869244606292824	NA