row_number	crash_date	crash_report_id	crash_time	collision_type	count_pedestrian	count_bicycle	scooter	wheel_chair	number_of_vehicles	street_or_highway	nearest_intersection	report_date	type_of_roadway	road_surface_condition	light_condition	weather_condition	manner_of_impact	hit_and_run	traffic_control	person_count	injury_count	most_serious_injury	number_of_lanes	lat_raw	lon_raw	has_st_number	is_intersection_null	address_sent_to_geocoder	is_address_blank	lon_api_first_try	lat_api_first_try	type	loctype	address_returned_by_geocoder	address_returned_by_autocomplete	place_ids_autocompleted	lat_api_second_try	lon_api_second_try	lat_api_best	lon_api_best	api_coord_conf	distance_btwn_coords_meters	best_coordinate_set
2812	2013-07-20	187952	17:14:00	Bicycle	NA	1	FALSE	FALSE	1	STANWOOD ST	NIAGARA ST	2013-07-23	Two-Way , Not Divided	Dry	Daylight	Clear	Angle (Front - to - Side) Right Angle (Includes Broadside)	Yes, M/V and Driver Left Scene	No Controls	1	0	No Injury	NA	41.80368	-71.41913	FALSE	FALSE	Stanwood Street and Niagara Street, Providence, RI, USA	FALSE	-71.4211086	41.8030662	intersection	geometric_center	stanwood st & niagara st, providence, ri 02907, usa	NA	NA	NA	NA	41.8030662	-71.4211086	Med High	177.83764755894993	Geocoded
2813	2013-07-19	187587	10:48:00	Bicycle	NA	1	FALSE	FALSE	1	ALLENS AVE	TERMINAL RD	2013-07-20	Two-Way , Not Divided	Dry	Daylight	Clear	Angle - Direction Not Specified	No	No Controls	3	1	Complains Of Pain	NA	41.79567	-71.39821	FALSE	FALSE	Allens Ave and Terminal Rd, Providence, RI, USA	FALSE	-71.3981721	41.7956308	intersection	geometric_center	allens ave & terminal rd, providence, ri 02905, usa	NA	NA	NA	NA	41.7956308	-71.3981721	Med High	5.379174934712126	NA
2814	2013-07-18	187398	19:48:00	Pedestrian	1	NA	FALSE	FALSE	1	45 Victoria St	MANOMET ST	2013-07-18	Two-Way , Not Divided	Dry	Daylight	Clear	Not a Collision Between Two Motor Vehicles in Transport	Yes, M/V and Driver Left Scene	No Controls	7	1	Complains Of Pain	2	41.83348	-71.45462	TRUE	FALSE	45 Victoria Street, Providence, RI, USA	FALSE	-71.4544488	41.8335495	premise	rooftop	45 victoria st, providence, ri 02909, usa	NA	NA	NA	NA	41.8335495	-71.4544488	High	16.170656148056057	NA
2815	2013-07-15	186966	14:31:00	Bicycle	NA	1	FALSE	FALSE	1	SMITHFIELD AVE	SMITHFIELD AVE	2013-07-15	Two-Way , Not Divided	Dry	Daylight	Clear	Angle - Direction Not Specified	No	No Controls	3	1	Complains Of Pain	NA	41.85778	-71.41084	FALSE	FALSE	Smithfield Ave and Smithfield Ave, Providence, RI, USA	FALSE	-71.4524031	41.8563993	intersection	geometric_center	smithfield rd & smithfield ave, north providence, ri 02904, usa	NA	NA	NA	NA	41.8563993	-71.4524031	Med High	3449.5070865409284	Cannot be determined
2816	2013-07-14	186787	13:11:00	Pedestrian	1	NA	FALSE	FALSE	1	ADMIRAL STREET	SHARON STREET	2013-07-14	Two-Way , Not Divided	Dry	Daylight	Clear	Other	Yes, M/V and Driver Left Scene	Stop Signs	1	1	Complains Of Pain	2	41.83616	-71.42824	FALSE	FALSE	Admiral Street and Sharon Street, Providence, RI, USA	FALSE	-71.4432125	41.8508064	intersection	geometric_center	admiral st & sharon st, providence, ri 02904, usa	NA	NA	NA	NA	41.8508064	-71.4432125	Med High	2049.397986810841	Geocoded
2817	2013-07-13	186839	20:34:00	Bicycle	NA	1	FALSE	FALSE	1	185 Glenbridge Ave	NA	2013-07-14	Two-Way , Not Divided	Dry	Dark - Lighted	Clear	Not a Collision Between Two Motor Vehicles in Transport	No	No Controls	4	1	Complains Of Pain	NA	41.81972	-71.46128	TRUE	TRUE	185 Glenbridge Ave, Providence, RI, USA	FALSE	-71.461452	41.81970099999999	premise	rooftop	185 glenbridge ave, providence, ri 02909, usa	NA	NA	NA	NA	41.81970099999999	-71.461452	High	14.42510511685846	NA
2818	2013-07-09	186225	12:19:00	Bicycle	NA	1	FALSE	FALSE	1	WATERMAN STREET	IVES STREET	2013-07-09	One-Way Trafficway	Dry	Daylight	Clear	Angle (Front - to - Side) Opposite Direction	No	Stop Signs	2	1	Non-Incapacitating	NA	41.83199	-71.41746	FALSE	FALSE	Waterman Street and Ives Street, Providence, RI, USA	FALSE	-71.3929088	41.8277996	intersection	geometric_center	ives st & waterman st, providence, ri 02906, usa	NA	NA	NA	NA	41.8277996	-71.3929088	Med High	2089.1978356791305	Geocoded
2819	2013-07-07	186127	23:23:00	Pedestrian	1	NA	FALSE	FALSE	1	Valley St	Harold St	2013-07-08	Two-Way , Not Divided	Dry	Dark - Lighted	Clear	Not a Collision Between Two Motor Vehicles in Transport	Yes, M/V and Driver Left Scene	No Controls	1	1	Complains Of Pain	NA	41.8269	-71.43756	FALSE	FALSE	Valley Street and Harold Street, Providence, RI, USA	FALSE	-71.4375676	41.826923	intersection	geometric_center	valley st & harold st, providence, ri 02908, usa	NA	NA	NA	NA	41.826923	-71.4375676	Med High	2.636820764661018	NA
2820	2013-07-06	185986	23:27:00	Bicycle	NA	1	FALSE	FALSE	1	SERVICE ROAD 8	BROADWAY	2013-07-07	Two-Way , Not Divided	Dry	Dark - Lighted	Clear	Not a Collision Between Two Motor Vehicles in Transport	No	Traffic Control Signal	2	1	Complains Of Pain	4	41.82212	-71.41976	FALSE	FALSE	Service Road 8 and Broadway, Providence, RI, USA	FALSE	-71.418282	41.8225345	street_address	range_interpolated	8 broadway, providence, ri 02903, usa	NA	NA	NA	NA	41.8225345	-71.418282	Med High	131.00546240624814	Raw
2821	2013-07-05	185796	13:45:00	Pedestrian	1	NA	FALSE	FALSE	1	PUBLIC ST	TEMPLE ST	2013-07-05	Two-Way , Not Divided	Dry	Daylight	Clear	Other	No	No Controls	5	1	Complains Of Pain	NA	41.80691	-71.40895	FALSE	FALSE	Public Street and Temple Street, Providence, RI, USA	FALSE	-71.4087759	41.8069634	intersection	geometric_center	temple st & public st, providence, ri 02905, usa	NA	NA	NA	NA	41.8069634	-71.4087759	Med High	15.621530007180505	NA
2822	2013-07-05	185863	13:17:00	Bicycle	NA	1	FALSE	FALSE	1	220 NIANTIC AVENUE	NA	2013-07-05	Two-Way , Not Divided	Dry	Daylight	Clear	Rear End(Front-to-Rear)	No	No Controls	2	1	Non-Incapacitating	2	41.84187	-71.41864	TRUE	TRUE	220 Niantic Avenue, Providence, RI, USA	FALSE	-71.4379325	41.7965615	street_address	range_interpolated	220 niantic ave, cranston, ri 02907, usa	NA	NA	NA	NA	41.7965615	-71.4379325	High	5291.577302070952	Geocoded
2823	2013-07-03	185656	16:46:00	Pedestrian	1	NA	FALSE	FALSE	1	BROADWAY	KNIGHT ST	2013-07-03	Two-Way , Not Divided	Dry	Daylight	Clear	Not a Collision Between Two Motor Vehicles in Transport	No	Traffic Control Signal	2	1	Complains Of Pain	NA	41.8198	-71.42936	FALSE	FALSE	Broadway and Knight Street, Providence, RI, USA	FALSE	-71.4298401	41.8202496	route	geometric_center	knight st, providence, ri, usa	Broadway & Knight Street, Providence, RI, USA	Ei1Ccm9hZHdheSAmIEtuaWdodCBTdHJlZXQsIFByb3ZpZGVuY2UsIFJJLCBVU0EiZiJkChQKEgmvZYGEdUXkiRHAVmwJ-u4XKRIUChIJr2WBhHVF5IkRwFZsCfruFykaFAoSCaW15YZ1ReSJERrCM7HXpG-zGhQKEgkPqvF6dUXkiRGsZxyELkktfCIKDcQy7RgVV79s1Q	41.8198212	-71.4293417	41.8198212	-71.4293417	Med	2.8061231257427877	NA
2824	2013-07-01	185417	15:23:00	Bicycle	NA	1	FALSE	FALSE	1	INDUSTRIAL DR	N MAIN ST	2013-07-01	Two-Way, Divided, Unprotected (painted>4feet) Medium	Dry	Daylight	Cloudy	Angle (Front - to - Side) Same Direction	Yes, M/V and Driver Left Scene	Flashing Traffic Control Signal	3	1	Complains Of Pain	NA	41.84063	-71.40872	FALSE	FALSE	Industrial Dr and N Main Street, Providence, RI, USA	FALSE	-71.37025750000001	41.8264716	establishment	rooftop	105 wilmarth ave, east providence, ri 02914, usa	Industrial Dr & North Main Street, Providence, RI, USA	EjZJbmR1c3RyaWFsIERyICYgTm9ydGggTWFpbiBTdHJlZXQsIFByb3ZpZGVuY2UsIFJJLCBVU0EiZiJkChQKEgkDezJW4ETkiRG9xnXQ5dwU2BIUChIJA3syVuBE5IkRvcZ10OXcFNgaFAoSCXnPQqDhROSJEYo636_w5uWZGhQKEgn5-kE93kTkiRFf162-DVwjPyIKDURg8BgV7uVv1Q	41.84064679999999	-71.408693	41.84064679999999	-71.408693	Med	2.917455443485986	NA
2825	2013-07-01	185467	21:09:00	Pedestrian	1	NA	FALSE	FALSE	1	1022 BROAD STREET	BROAD ST	2013-07-01	Two-Way , Not Divided	Wet	Dark - Not Lighted	Rain	Not a Collision Between Two Motor Vehicles in Transport	Yes, M/V and Driver Left Scene	No Controls	2	1	Incapacitating	NA	41.79716	-71.41337	TRUE	FALSE	1022 Broad Street, Providence, RI, USA	FALSE	-71.41308769999999	41.7971988	street_address	rooftop	1022 broad st, providence, ri 02905, usa	NA	NA	NA	NA	41.7971988	-71.41308769999999	High	23.822799321139545	NA
2826	2013-07-01	186734	17:00:00	Pedestrian	1	NA	FALSE	FALSE	1	ELMWOOD AVE	POTTERS AVE	2013-07-13	Unknown	Dry	Daylight	Clear	Not a Collision Between Two Motor Vehicles in Transport	Yes, M/V and Driver Left Scene	No Controls	3	1	Complains Of Pain	NA	41.80149	-71.42636	FALSE	FALSE	Elmwood Ave and Potters Ave, Providence, RI, USA	FALSE	-71.4263655	41.8015172	intersection	geometric_center	potters ave & elmwood ave, providence, ri 02907, usa	NA	NA	NA	NA	41.8015172	-71.4263655	Med High	3.0620958470082074	NA
2827	2013-06-30	185346	19:07:00	Bicycle	NA	1	FALSE	FALSE	1	CRANSTON ST	WAVERLY ST	2013-06-30	Two-Way , Not Divided	Dry	Daylight	Cloudy	Not a Collision Between Two Motor Vehicles in Transport	No	No Controls	2	1	Complains Of Pain	NA	41.80832	-71.43454	FALSE	FALSE	Cranston Street and Waverly Street, Providence, RI, USA	FALSE	-71.43456739999999	41.8083361	intersection	geometric_center	cranston st & waverly st, providence, ri 02907, usa	NA	NA	NA	NA	41.8083361	-71.43456739999999	Med High	2.89500191295151	NA
2828	2013-06-19	183933	20:33:00	Pedestrian	1	NA	FALSE	FALSE	1	unknown	unknown	2013-06-19	Two-Way , Not Divided	Unknown	Dark - Lighted	Cloudy	Not a Collision Between Two Motor Vehicles in Transport	Yes, M/V and Driver Left Scene	Unknown	1	1	Complains Of Pain	2	41.82547	-71.40121	FALSE	FALSE	Unknown and Unknown, Providence, RI, USA	FALSE	-71.4128343	41.8239891	locality	approximate	providence, ri, usa	NA	NA	NA	NA	41.8239891	-71.4128343	Med	978.2720041308916	Cannot be determined
2829	2013-06-17	183711	16:10:00	Pedestrian	1	NA	FALSE	FALSE	1	WICKENDEN ST	TRAVERSE ST	2013-06-17	Two-Way , Not Divided	Dry	Daylight	Clear	Not a Collision Between Two Motor Vehicles in Transport	No	No Controls	2	1	Complains Of Pain	2	41.8193	-71.39969	FALSE	FALSE	Wickenden Street and Traverse Street, Providence, RI, USA	FALSE	-71.39965029999999	41.819304700000004	intersection	geometric_center	wickenden st & traverse st, providence, ri 02906, usa	NA	NA	NA	NA	41.819304700000004	-71.39965029999999	Med High	3.334850022224409	NA
2830	2013-06-15	183496	23:00:00	Pedestrian	1	NA	FALSE	FALSE	1	DEAN ST	UNNAMED_38	2013-06-16	One-Way Trafficway	Dry	Dark - Lighted	Clear	Other	Yes, M/V and Driver Left Scene	No Controls	1	1	Non-Incapacitating	NA	41.82995	-71.42713	FALSE	FALSE	Dean Street and Unnamed_38, Providence, RI, USA	FALSE	-71.4128343	41.8239891	locality	approximate	providence, ri, usa	NA	NA	NA	NA	41.8239891	-71.4128343	Med	1358.8755814938252	Raw
2831	2013-06-13	183115	11:36:00	Pedestrian	1	NA	FALSE	FALSE	1	SMITH ST	ACADEMY AVE	2013-06-13	Two-Way , Not Divided	Wet	Daylight	Rain	Not a Collision Between Two Motor Vehicles in Transport	Yes, M/V and Driver Left Scene	Traffic Control Signal	3	0	No Injury	2	41.84258	-71.44515	FALSE	FALSE	Smith Street and Academy Ave, Providence, RI, USA	FALSE	-71.4451406	41.8425939	intersection	geometric_center	academy ave & smith st, providence, ri 02908, usa	NA	NA	NA	NA	41.8425939	-71.4451406	Med High	1.732617068441539	NA
2832	2013-06-13	183246	22:55:00	Bicycle	NA	1	FALSE	FALSE	1	Friendship	LOCKWOOD ST	2013-06-13	Two-Way , Not Divided	Wet	Dark - Unknown Lighting	Rain	Angle (Front - to - Side) Right Angle (Includes Broadside)	No	Stop Signs	2	1	Complains Of Pain	1	41.81367	-71.4174	FALSE	FALSE	Friendship and Lockwood Street, Providence, RI, USA	FALSE	-71.4159924	41.8129685	route	geometric_center	lockwood st, providence, ri, usa	Friendship Street & Lockwood Street, Providence, RI, USA	EjhGcmllbmRzaGlwIFN0cmVldCAmIExvY2t3b29kIFN0cmVldCwgUHJvdmlkZW5jZSwgUkksIFVTQSJmImQKFAoSCQ09Ly5uReSJEaWuJueQDICQEhQKEgkNPS8ubkXkiRGlribnkAyAkBoUChIJL5ZgT2xF5IkRF4JBJvEmvYYaFAoSCftX5vFuReSJERTpGcX8V45MIgoN9EPsGBXlkm7V	41.8137076	-71.4173723	41.8137076	-71.4173723	Med	4.775057724971769	NA
2833	2013-06-12	183059	17:02:00	Pedestrian	1	NA	FALSE	FALSE	1	Chalkstone Ave	Violet St	2013-06-12	Two-Way , Not Divided	Dry	Daylight	Clear	Not a Collision Between Two Motor Vehicles in Transport	Yes, M/V and Driver Left Scene	No Controls	1	1	Complains Of Pain	NA	41.83495	-71.42669	FALSE	FALSE	Chalkstone Ave and Violet Street, Providence, RI, USA	FALSE	-71.42666249999999	41.8349722	intersection	geometric_center	violet st & chalkstone ave, providence, ri 02908, usa	NA	NA	NA	NA	41.8349722	-71.42666249999999	Med High	3.362982970880522	NA
2834	2013-06-10	183726	12:30:00	Pedestrian	1	NA	FALSE	FALSE	1	Cranston St.	HUNTINGTON AVE	2013-06-18	Two-Way , Not Divided	Dry	Daylight	Clear	Angle (Front - to - Side) Right Angle (Includes Broadside)	No	Traffic Control Signal	2	1	Complains Of Pain	NA	41.80379	-71.43918	FALSE	FALSE	Cranston St. and Huntington Ave, Providence, RI, USA	FALSE	-71.4392216	41.80375230000001	intersection	geometric_center	cranston st & huntington ave, providence, ri 02907, usa	NA	NA	NA	NA	41.80375230000001	-71.4392216	Med High	5.434065979056297	NA
2835	2013-06-08	182191	14:08:00	Bicycle	NA	1	FALSE	FALSE	1	102 ALTHEA ST	NA	2013-06-08	Two-Way , Not Divided	Dry	Daylight	Clear	Not a Collision Between Two Motor Vehicles in Transport	No	No Controls	2	1	Complains Of Pain	2	41.80804	-71.4357	TRUE	TRUE	102 Althea Street, Providence, RI, USA	FALSE	-71.4329166	41.8069843	premise	rooftop	102 althea st, providence, ri 02907, usa	NA	NA	NA	NA	41.8069843	-71.4329166	High	259.1364561375022	Geocoded
2836	2013-06-06	181945	14:25:00	Pedestrian	1	NA	FALSE	FALSE	1	WATERMAN ST	BROWN ST	2013-06-07	One-Way Trafficway	Dry	Daylight	Clear	Other	No	Pavement Markings	3	1	Complains Of Pain	NA	41.82705	-71.40304	FALSE	FALSE	Waterman Street and Brown Street, Providence, RI, USA	FALSE	-71.4030136	41.8270531	intersection	geometric_center	brown st & waterman st, providence, ri 02912, usa	NA	NA	NA	NA	41.8270531	-71.4030136	Med High	2.2169288909598475	NA
2837	2013-06-05	181663	10:19:00	Pedestrian	1	NA	FALSE	FALSE	1	1023 CHALKSTONE AVENUE	NA	2013-06-05	Two-Way , Not Divided	Dry	Daylight	Clear	Other	Yes, M/V and Driver Left Scene	No Controls	1	1	Non-Incapacitating	2	41.82678	-71.41882	TRUE	TRUE	1023 Chalkstone Avenue, Providence, RI, USA	FALSE	-71.44156079999999	41.8324965	premise	rooftop	1023 chalkstone ave, providence, ri 02908, usa	NA	NA	NA	NA	41.8324965	-71.44156079999999	High	1990.7437523622955	Geocoded
2838	2013-06-04	181473	13:08:00	Pedestrian	1	NA	FALSE	FALSE	1	FENNER STREET	NA	2013-06-04	Two-Way , Not Divided	Dry	Daylight	Clear	Other	No	No Controls	3	1	Non-Incapacitating	NA	41.82672	-71.41981	FALSE	TRUE	Fenner Street, Providence, RI, USA	FALSE	-71.4162027	41.8185258	route	geometric_center	fenner st, providence, ri 02903, usa	NA	NA	NA	NA	41.8185258	-71.4162027	Inaccurate	960.0063103012217	Geocoded
2839	2013-06-03	181335	15:25:00	Pedestrian	1	NA	FALSE	FALSE	1	SILVER SPRING ST	ROYAL LITTLE DR	2013-06-03	Two-Way, Divided, Unprotected (painted>4feet) Medium	Wet	Daylight	Cloudy	Angle (Front - to - Side) Right Angle (Includes Broadside)	No	No Controls	2	1	Complains Of Pain	NA	41.84669	-71.41621	FALSE	FALSE	Silver Spring Street and Royal Little Dr, Providence, RI, USA	FALSE	-71.41617959999999	41.8467224	intersection	geometric_center	silver spring st & royal little dr, providence, ri 02904, usa	NA	NA	NA	NA	41.8467224	-71.41617959999999	Med High	4.400428406250954	NA
2840	2013-06-03	181350	13:10:00	Pedestrian	1	NA	FALSE	FALSE	1	530 NORTH MAIN ST	RANDALL SQ	2013-06-03	Unknown	Dry	Daylight	Cloudy	Unknown	No	No Controls	2	1	Complains Of Pain	NA	41.83694	-71.40987	TRUE	FALSE	530 North Main Street, Providence, RI, USA	FALSE	-71.4100844	41.8363567	street_address	rooftop	530 n main st, providence, ri 02904, usa	NA	NA	NA	NA	41.8363567	-71.4100844	High	67.32347646177973	NA
2841	2013-06-03	181653	13:49:00	Pedestrian	1	NA	FALSE	FALSE	1	HARTFORD AVE	HARTFORD AVE	2013-06-05	Two-Way, Divided, Unprotected (painted>4feet) Medium	Dry	Daylight	Clear	Sidwswipe, Opposite Direction	No	No Controls	2	0	No Injury	NA	41.81846	-71.45798	FALSE	FALSE	Hartford Ave and Hartford Ave, Providence, RI, USA	FALSE	-71.4587339	41.8185901	route	geometric_center	hartford ave, providence, ri, usa	Hartford Ave Service Rd & Hartford Ave, Johnston, Providence, RI, USA	EkVIYXJ0Zm9yZCBBdmUgU2VydmljZSBSZCAmIEhhcnRmb3JkIEF2ZSwgSm9obnN0b24sIFByb3ZpZGVuY2UsIFJJLCBVU0EiZiJkChQKEgmP4Jty0EfkiRFZT82Cwq1hZxIUChIJj-CbctBH5IkRWU_NgsKtYWcaFAoSCUk2WRTQR-SJEffJJKBODzFaGhQKEgkvAx61JEbkiRGCwC0vu7gN1iIKDdap7hgVnoNc1Q	41.829423	-71.5357282	41.829423	-71.5357282	Med	6564.047862710187	Cannot be determined
2842	2013-06-01	181201	12:46:00	Bicycle	NA	1	FALSE	FALSE	1	BYFIELD ST	BROAD ST	2013-06-02	Two-Way , Not Divided	Dry	Daylight	Clear	Angle (Front - to - Side) Right Angle (Includes Broadside)	No	Stop Signs	3	1	Non-Incapacitating	2	41.79439	-71.40993	FALSE	FALSE	Byfield Street and Broad Street, Providence, RI, USA	FALSE	-71.4099112	41.794379	intersection	geometric_center	byfield st & broad st, providence, ri 02905, usa	NA	NA	NA	NA	41.794379	-71.4099112	Med High	1.983403499254194	NA
2843	2013-05-31	181003	17:18:00	Pedestrian	1	NA	FALSE	FALSE	1	Smith Street	River Avenue	2013-05-31	Two-Way , Not Divided	Dry	Daylight	Clear	Unknown	No	No Controls	2	0	No Injury	NA	41.84063	-71.44055	FALSE	FALSE	Smith Street and River Avenue, Providence, RI, USA	FALSE	-71.4402155	41.8392795	route	geometric_center	river ave, providence, ri, usa	Smith Street & River Avenue, Providence, RI, USA	EjBTbWl0aCBTdHJlZXQgJiBSaXZlciBBdmVudWUsIFByb3ZpZGVuY2UsIFJJLCBVU0EiZiJkChQKEgkhINCZrUXkiRH5v14z0ymtjBIUChIJISDQma1F5IkR-b9eM9MprYwaFAoSCbWucExLROSJESG1ozC4jKuEGhQKEgmPcYLrqkXkiRH3L7URZbhrGyIKDe5g8BgVDQhr1Q	41.8406638	-71.44058749999999	41.8406638	-71.44058749999999	Med	4.881521642005936	NA
2844	2013-05-31	181047	16:34:00	Pedestrian	1	NA	FALSE	FALSE	1	160 Pine St	RICHMOND ST	2013-05-31	One-Way Trafficway	Other	Daylight	Clear	Not a Collision Between Two Motor Vehicles in Transport	No	Flashing Traffic Control Signal	10	2	Complains Of Pain	1	41.82051	-71.41189	TRUE	FALSE	160 Pine Street, Providence, RI, USA	FALSE	-71.4117639	41.8204248	street_address	rooftop	160 pine st, providence, ri 02903, usa	NA	NA	NA	NA	41.8204248	-71.4117639	High	14.120580276173985	NA
2845	2013-05-30	180742	07:03:00	Pedestrian	1	NA	FALSE	FALSE	1	EDDY STREET	DUDLEY STREET	2013-05-30	Two-Way , Not Divided	Dry	Daylight	Clear	Other	No	Traffic Control Signal	2	1	Complains Of Pain	2	41.82602	-71.41884	FALSE	FALSE	Eddy Street and Dudley Street, Providence, RI, USA	FALSE	-71.4071917	41.8108122	intersection	geometric_center	eddy st & dudley st, providence, ri 02905, usa	NA	NA	NA	NA	41.8108122	-71.4071917	Med High	1949.323158954494	Not yet determined
2846	2013-05-30	180771	10:59:00	Pedestrian	1	NA	FALSE	FALSE	1	WASHINGTON STREET	GREENE STREET	2013-05-30	Two-Way , Not Divided	Dry	Daylight	Clear	Other	No	No Controls	2	1	Non-Incapacitating	2	41.82762	-71.41844	FALSE	FALSE	Washington Street and Greene Street, Providence, RI, USA	FALSE	-71.4168727	41.8210088	route	geometric_center	greene st, providence, ri 02903, usa	Washington Street & Greene Street, Providence, RI, USA	EjZXYXNoaW5ndG9uIFN0cmVldCAmIEdyZWVuZSBTdHJlZXQsIFByb3ZpZGVuY2UsIFJJLCBVU0EiZiJkChQKEgm34he7EkXkiRGsc_jDIc_nwRIUChIJt-IXuxJF5IkRrHP4wyHP58EaFAoSCanazZwSReSJERoH0JajEjT2GhQKEgn9APC2EkXkiRFL2JV2CXi6tSIKDatr7RgVkphu1Q	41.8212779	-71.417227	41.8212779	-71.417227	Med	713.1340570843853	Not yet determined
2847	2013-05-29	180709	17:27:00	Pedestrian	1	NA	FALSE	FALSE	1	WAYLAND AVE	S ANGELL ST	2013-05-29	Two-Way , Not Divided	Dry	Daylight	Clear	Other	No	Traffic Control Signal	2	1	Complains Of Pain	2	41.83003	-71.38795	FALSE	FALSE	Wayland Ave and S Angell Street, Providence, RI, USA	FALSE	-71.38795379999999	41.8300494	intersection	geometric_center	wayland ave & s angell st, providence, ri 02906, usa	NA	NA	NA	NA	41.8300494	-71.38795379999999	Med High	2.1824789644756226	NA
2848	2013-05-28	180549	04:18:00	Pedestrian	1	NA	FALSE	FALSE	1	BATH ST	W PARK ST	2013-05-28	Two-Way , Not Divided	Dry	Dark - Lighted	Clear	Not a Collision Between Two Motor Vehicles in Transport	No	No Controls	4	1	Fatal	NA	41.83186	-71.4246	FALSE	FALSE	Bath Street and W Park Street, Providence, RI, USA	FALSE	-71.4246869	41.8320131	intersection	geometric_center	bath st & w park st, providence, ri 02908, usa	NA	NA	NA	NA	41.8320131	-71.4246869	Med High	18.50453976629822	NA
2849	2013-05-26	180345	01:11:00	Bicycle	NA	1	FALSE	FALSE	1	SABIN ST	MATHEWSON ST	2013-05-27	One-Way Trafficway	Wet	Dark - Lighted	Cloudy	Angle (Front - to - Side) Right Angle (Includes Broadside)	No	No Controls	2	1	Complains Of Pain	NA	41.82397	-71.4163	FALSE	FALSE	Sabin Street and Mathewson Street, Providence, RI, USA	FALSE	-71.4142678	41.8226533	route	geometric_center	mathewson st, providence, ri 02903, usa	NA	NA	NA	NA	41.8226533	-71.4142678	Med	223.39249908639513	Not yet determined
2850	2013-05-22	179747	19:48:00	Bicycle	NA	1	FALSE	FALSE	1	11 Sackett St	NA	2013-05-22	Two-Way , Not Divided	Dry	Dusk	Clear	Not a Collision Between Two Motor Vehicles in Transport	No	No Controls	2	1	Complains Of Pain	NA	41.79594	-71.41283	TRUE	TRUE	11 Sackett Street, Providence, RI, USA	FALSE	-71.4129971	41.7960386	street_address	rooftop	11 sackett st, providence, ri 02907, usa	NA	NA	NA	NA	41.7960386	-71.4129971	High	17.685912952816345	NA
2851	2013-05-20	179494	17:30:00	Bicycle	NA	1	FALSE	FALSE	1	Somerset	NA	2013-05-20	Two-Way , Not Divided	Dry	Daylight	Clear	Not a Collision Between Two Motor Vehicles in Transport	No	No Controls	3	1	Complains Of Pain	NA	41.81255	-71.41833	FALSE	TRUE	Somerset, Providence, RI, USA	FALSE	-71.4189293	41.8120584	route	geometric_center	somerset st, providence, ri, usa	NA	NA	NA	NA	41.8120584	-71.4189293	Inaccurate	73.94093085266012	NA
2852	2013-05-19	179425	20:52:00	Bicycle	NA	1	FALSE	FALSE	1	A ST	PERKINS ST	2013-05-19	Two-Way , Not Divided	Wet	Dark - Lighted	Rain	Not a Collision Between Two Motor Vehicles in Transport	Yes, M/V and Driver Left Scene	No Controls	4	1	Complains Of Pain	2	41.81459	-71.42379	FALSE	FALSE	A Street and Perkins Street, Providence, RI, USA	FALSE	-71.4221804	41.8155693	route	geometric_center	perkins st, providence, ri 02907, usa	A Street & Perkins Street, Providence, RI, USA	Ei5BIFN0cmVldCAmIFBlcmtpbnMgU3RyZWV0LCBQcm92aWRlbmNlLCBSSSwgVVNBImYiZAoUChIJBd0rKnFF5IkRMQJGvqQ75LsSFAoSCQXdKypxReSJETECRr6kO-S7GhQKEgmfisgrcUXkiRG8N4VriIPn-hoUChIJOS51PHFF5IkRbg3yVfYPWrEiCg1OYuwYFd2dbdU	41.8144846	-71.4236451	41.8144846	-71.4236451	Med	16.79857674436805	NA
2853	2013-05-18	179281	09:49:00	Bicycle	NA	1	FALSE	FALSE	1	550 Hartford ave	HARTFORD AVE	2013-05-18	Two-Way , Not Divided	Dry	Daylight	Clear	Head-On (Front - to - Front)	Yes, M/V and Driver Left Scene	No Controls	2	1	Complains Of Pain	NA	41.81913	-71.4627	TRUE	FALSE	550 Hartford Ave, Providence, RI, USA	FALSE	-71.4621452	41.8181477	premise	rooftop	550 hartford ave, providence, ri 02909, usa	NA	NA	NA	NA	41.8181477	-71.4621452	High	118.64122670073488	Not yet determined
2854	2013-05-18	179364	19:39:00	Pedestrian	2	NA	FALSE	FALSE	1	AUDREY ST	BOWDOIN ST	2013-05-18	Two-Way , Not Divided	Dry	Daylight	Clear	Head-On (Front - to - Front)	Yes, M/V and Driver Left Scene	No Controls	2	2	Complains Of Pain	NA	41.82033	-71.44318	FALSE	FALSE	Audrey Street and Bowdoin Street, Providence, RI, USA	FALSE	-71.4434359	41.820457	intersection	geometric_center	bowdoin st & audrey st, providence, ri 02909, usa	NA	NA	NA	NA	41.820457	-71.4434359	Med High	25.506014288815873	NA
2855	2013-05-17	179246	11:57:00	Bicycle	NA	1	FALSE	FALSE	1	153 BROAD STREET	CLAVERICK STREET	2013-05-17	Two-Way , Not Divided	Dry	Daylight	Clear	Other	No	No Controls	2	1	Complains Of Pain	2	41.82955	-71.41802	TRUE	FALSE	153 Broad Street, Providence, RI, USA	FALSE	-71.4167938	41.8174696	street_address	range_interpolated	153 broad st, providence, ri 02903, usa	NA	NA	NA	NA	41.8174696	-71.4167938	High	1348.6255681106566	Not yet determined