row_number	crash_date	crash_report_id	crash_time	collision_type	count_pedestrian	count_bicycle	scooter	wheel_chair	number_of_vehicles	street_or_highway	nearest_intersection	report_date	type_of_roadway	road_surface_condition	light_condition	weather_condition	manner_of_impact	hit_and_run	traffic_control	person_count	injury_count	most_serious_injury	number_of_lanes	lat_raw	lon_raw	has_st_number	is_intersection_null	address_sent_to_geocoder	is_address_blank	lon_api_first_try	lat_api_first_try	type	loctype	address_returned_by_geocoder	address_returned_by_autocomplete	place_ids_autocompleted	lat_api_second_try	lon_api_second_try	lat_api_best	lon_api_best	api_coord_conf	distance_btwn_coords_meters	best_coordinate_set
2856	2013-05-16	179105	16:25:00	Bicycle	NA	1	FALSE	FALSE	1	Governor Street	ANGELL ST	2013-05-16	One-Way Trafficway	Dry	Daylight	Clear	Not a Collision Between Two Motor Vehicles in Transport	No	No Controls	3	1	Complains Of Pain	1	41.82835	-71.39391	FALSE	FALSE	Governor Street and Angell Street, Providence, RI, USA	FALSE	-71.393911	41.8290246	intersection	geometric_center	governor st & angell st, providence, ri 02906, usa	NA	NA	NA	NA	41.8290246	-71.393911	Med High	75.09617429972646	NA
2857	2013-05-15	179030	21:46:00	Bicycle	NA	1	FALSE	FALSE	1	KILLINGLY ST	DUXBURY ST	2013-05-15	Two-Way, Divided, Positive Median Barrier	Dry	Dark - Lighted	Cloudy	Head-On (Front - to - Front)	No	No Controls	2	1	Complains Of Pain	NA	41.81381	-71.46094	FALSE	FALSE	Killingly Street and Duxbury Street, Providence, RI, USA	FALSE	-71.4608763	41.8138145	intersection	geometric_center	killingly st & duxbury st, providence, ri 02909, usa	NA	NA	NA	NA	41.8138145	-71.4608763	Med High	5.308756455615179	NA
2858	2013-05-15	179032	23:08:00	Pedestrian	1	NA	FALSE	FALSE	1	Dorrance St	Westminster St	2013-05-16	Two-Way, Divided, Unprotected (painted>4feet) Medium	Dry	Dark - Lighted	Clear	Not a Collision Between Two Motor Vehicles in Transport	Yes, M/V and Driver Left Scene	Traffic Control Signal	2	1	Complains Of Pain	NA	41.82361	-71.41167	FALSE	FALSE	Dorrance Street and Westminster Street, Providence, RI, USA	FALSE	-71.4116693	41.8236083	intersection	geometric_center	westminster st & dorrance st, providence, ri 02903, usa	NA	NA	NA	NA	41.8236083	-71.4116693	Med High	0.1979518866131529	NA
2859	2013-05-14	178826	11:04:00	Pedestrian	1	NA	FALSE	FALSE	1	MANTON AVE	GREENWOOD ST	2013-05-14	Two-Way , Not Divided	Dry	Daylight	Clear	Not a Collision Between Two Motor Vehicles in Transport	No	No Controls	2	1	Complains Of Pain	NA	41.82377	-71.45168	FALSE	FALSE	Manton Ave and Greenwood Street, Providence, RI, USA	FALSE	-71.45181	41.8238806	intersection	geometric_center	manton ave & greenwood st, providence, ri 02909, usa	NA	NA	NA	NA	41.8238806	-71.45181	Med High	16.367103154927065	NA
2860	2013-05-14	178875	16:45:00	Bicycle	NA	1	FALSE	FALSE	1	35 Hollis St	PARADE ST	2013-05-14	Two-Way , Not Divided	Dry	Daylight	Cloudy	Not a Collision Between Two Motor Vehicles in Transport	No	No Controls	5	1	Complains Of Pain	2	41.81071	-71.43095	TRUE	FALSE	35 Hollis Street, Providence, RI, USA	FALSE	-71.431209	41.8109338	premise	rooftop	35 hollis st, providence, ri 02907, usa	NA	NA	NA	NA	41.8109338	-71.431209	High	32.90109128693296	NA
2861	2013-05-09	178267	10:29:00	Pedestrian	1	NA	FALSE	FALSE	1	HAWTHORNE ST	BUCKLIN ST	2013-05-09	Two-Way , Not Divided	Wet	Daylight	Cloudy	Not a Collision Between Two Motor Vehicles in Transport	No	No Controls	2	1	Complains Of Pain	NA	41.80097	-71.42778	FALSE	FALSE	Hawthorne Street and Bucklin Street, Providence, RI, USA	FALSE	-71.4277045	41.8035437	route	geometric_center	bucklin st, providence, ri 02907, usa	Hawthorne Street & Bucklin Street, Providence, RI, USA	EjZIYXd0aG9ybmUgU3RyZWV0ICYgQnVja2xpbiBTdHJlZXQsIFByb3ZpZGVuY2UsIFJJLCBVU0EiZiJkChQKEgm34RNOgE_kiREkAntf55WMBhIUChIJt-ETToBP5IkRJAJ7X-eVjAYaFAoSCRkJjlGAT-SJEaG242pb1vv4GhQKEgm15Kfaf0XkiRFsHk5-ys5MQSIKDaBS6hgVWPxs1Q	41.800976	-71.42778	41.800976	-71.42778	Med	0.6679169445681254	NA
2862	2013-05-09	178332	15:37:00	Pedestrian	1	NA	FALSE	FALSE	1	PRUDENCE AVE	NA	2013-05-09	Two-Way , Not Divided	Dry	Daylight	Clear	Not a Collision Between Two Motor Vehicles in Transport	No	No Controls	2	1	Complains Of Pain	NA	41.80626	-71.45955	FALSE	TRUE	Prudence Ave, Providence, RI, USA	FALSE	-71.4607274	41.8067587	route	geometric_center	prudence ave, providence, ri 02909, usa	NA	NA	NA	NA	41.8067587	-71.4607274	Inaccurate	112.36894088849206	Not yet determined
2863	2013-05-05	177913	17:52:00	Pedestrian	1	NA	FALSE	FALSE	1	98/ 100 Rosedale St	ELLERY ST	2013-05-05	Two-Way , Not Divided	Dry	Daylight	Clear	Not a Collision Between Two Motor Vehicles in Transport	No	No Controls	7	1	Fatal	2	41.81055	-71.43911	FALSE	FALSE	98/ 100 Rosedale Street and Ellery Street, Providence, RI, USA	FALSE	-71.4390447	41.8104132	street_address	rooftop	98 rosedale st, providence, ri 02909, usa	NA	NA	NA	NA	41.8104132	-71.4390447	Med High	16.163638577372843	NA
2864	2013-05-04	177797	18:35:00	Bicycle	NA	NA	FALSE	FALSE	2	WILLIAMS ST	BROOK ST	2013-05-04	Two-Way , Not Divided	Dry	Daylight	Clear	Not a Collision Between Two Motor Vehicles in Transport	No	Stop Signs	3	2	Non-Incapacitating	NA	41.82245	-71.39859	FALSE	FALSE	Williams Street and Brook Street, Providence, RI, USA	FALSE	-71.3989869	41.825126	route	geometric_center	brook st, providence, ri, usa	Williams Street & Brook Street, Providence, RI, USA	EjNXaWxsaWFtcyBTdHJlZXQgJiBCcm9vayBTdHJlZXQsIFByb3ZpZGVuY2UsIFJJLCBVU0EiZiJkChQKEglDtn3eO0XkiRGjnWxp6ydaBhIUChIJQ7Z93jtF5IkRo51saesnWgYaFAoSCc8VZi06ReSJEdbRK1lrMSoLGhQKEgmbZn1yO0XkiRF1hochEHgAaCIKDeWZ7RgVg3Bx1Q	41.8224613	-71.3985917	41.8224613	-71.3985917	Med	1.26579095196663	NA
2865	2013-05-03	177669	15:32:00	Pedestrian	1	NA	FALSE	FALSE	1	CHARLESFIELD ST	HOPE ST	2013-05-03	Two-Way , Not Divided	Dry	Daylight	Clear	Not a Collision Between Two Motor Vehicles in Transport	Yes, M/V and Driver Left Scene	Traffic Control Signal	1	1	Complains Of Pain	NA	41.82414	-71.3972	FALSE	FALSE	Charlesfield Street and Hope Street, Providence, RI, USA	FALSE	-71.39718309999999	41.8241348	intersection	geometric_center	hope st & charlesfield st, providence, ri 02912, usa	NA	NA	NA	NA	41.8241348	-71.39718309999999	Med High	1.5167408042862152	NA
2866	2013-05-03	177718	20:31:00	Bicycle	NA	1	FALSE	FALSE	1	Washington St	Greene St	2013-05-04	Two-Way , Not Divided	Dry	Dark - Lighted	Clear	Not a Collision Between Two Motor Vehicles in Transport	Yes, M/V and Driver Left Scene	Traffic Control Signal	2	1	Complains Of Pain	NA	41.82126	-71.4172	FALSE	FALSE	Washington Street and Greene Street, Providence, RI, USA	FALSE	-71.4168727	41.8210088	route	geometric_center	greene st, providence, ri 02903, usa	Washington Street & Greene Street, Providence, RI, USA	EjZXYXNoaW5ndG9uIFN0cmVldCAmIEdyZWVuZSBTdHJlZXQsIFByb3ZpZGVuY2UsIFJJLCBVU0EiZiJkChQKEgm34he7EkXkiRGsc_jDIc_nwRIUChIJt-IXuxJF5IkRrHP4wyHP58EaFAoSCanazZwSReSJERoH0JajEjT2GhQKEgn9APC2EkXkiRFL2JV2CXi6tSIKDatr7RgVkphu1Q	41.8212779	-71.417227	41.8212779	-71.417227	Med	2.9979301723737284	NA
2867	2013-05-01	177367	10:36:00	Pedestrian	1	NA	FALSE	FALSE	1	1473 broad st	BROAD ST	2013-05-01	Two-Way, Divided, Positive Median Barrier	Dry	Daylight	Clear	Not a Collision Between Two Motor Vehicles in Transport	No	No Controls	2	1	Complains Of Pain	1	41.78732	-71.40273	TRUE	FALSE	1473 Broad Street, Providence, RI, USA	FALSE	-71.402941	41.7871376	premise	rooftop	1473 broad st, providence, ri 02905, usa	NA	NA	NA	NA	41.7871376	-71.402941	High	26.814246441952893	NA
2868	2013-04-30	177281	09:31:00	Pedestrian	1	NA	FALSE	FALSE	1	PLAINFIELD STREET	ELDER PL	2013-04-30	Two-Way, Divided, Unprotected (painted>4feet) Medium	Dry	Daylight	Clear	Not a Collision Between Two Motor Vehicles in Transport	Yes, M/V and Driver Left Scene	Person	3	1	Complains Of Pain	NA	41.81293	-71.4574	FALSE	FALSE	Plainfield Street and Elder Pl, Providence, RI, USA	FALSE	-71.45681069999999	41.8130438	intersection	geometric_center	plainfield st & elder pl, providence, ri 02909, usa	NA	NA	NA	NA	41.8130438	-71.45681069999999	Med High	50.50822024771565	NA
2869	2013-04-30	177345	23:31:00	Pedestrian	1	NA	FALSE	FALSE	1	DORRANCE STREET	WASHINGTON ST	2013-05-01	One-Way Trafficway	Dry	Dark - Lighted	Clear	Not a Collision Between Two Motor Vehicles in Transport	No	Traffic Control Signal	3	1	Incapacitating	NA	41.82458	-71.41297	FALSE	FALSE	Dorrance Street and Washington Street, Providence, RI, USA	FALSE	-71.41277699999999	41.8244607	intersection	geometric_center	washington st & dorrance st, providence, ri 02903, usa	NA	NA	NA	NA	41.8244607	-71.41277699999999	Med High	20.801321196970413	NA
2870	2013-04-28	177006	14:53:00	Bicycle	NA	1	FALSE	FALSE	1	WATERMAN ST	HENDERSON BRIDGE	2013-04-28	One-Way Trafficway	Dry	Daylight	Clear	Sideswipe, Same Direction	No	No Controls	4	1	Complains Of Pain	NA	41.82759	-71.38289	FALSE	FALSE	Waterman Street and Henderson Bridge, Providence, RI, USA	FALSE	-71.3827639	41.8276052	intersection	geometric_center	waterman st & henderson bridge, providence, ri 02906, usa	NA	NA	NA	NA	41.8276052	-71.3827639	Med High	10.596000947729449	NA
2871	2013-04-28	177674	21:37:00	Pedestrian	1	NA	FALSE	FALSE	1	44 WARREN ST	FULLER ST	2013-05-03	Two-Way , Not Divided	Dry	Dark - Lighted	Cloudy	Sideswipe, Same Direction	Yes, M/V and Driver Left Scene	No Controls	2	1	Complains Of Pain	NA	41.81081	-71.42593	TRUE	FALSE	44 Warren Street, Providence, RI, USA	FALSE	-71.4269111	41.8107374	premise	rooftop	44 warren st, providence, ri 02907, usa	NA	NA	NA	NA	41.8107374	-71.4269111	High	81.80408087427269	NA
2872	2013-04-27	176807	23:39:00	Pedestrian	1	NA	FALSE	FALSE	1	338 Manton Ave	AMHERST ST	2013-04-27	Two-Way , Not Divided	Dry	Dark - Lighted	Clear	Not a Collision Between Two Motor Vehicles in Transport	No	No Controls	3	1	Complains Of Pain	2	41.82336	-71.45111	TRUE	FALSE	338 Manton Ave, Providence, RI, USA	FALSE	-71.4512225	41.8232639	street_address	rooftop	338 manton ave, providence, ri 02909, usa	NA	NA	NA	NA	41.8232639	-71.4512225	High	14.196446277467675	NA
2873	2013-04-24	176607	18:09:00	Pedestrian	1	NA	FALSE	FALSE	1	plain st	BORDEN ST	2013-04-24	Two-Way , Not Divided	Dry	Daylight	Clear	Not a Collision Between Two Motor Vehicles in Transport	Yes, M/V and Driver Left Scene	Stop Signs	1	1	Complains Of Pain	2	41.81334	-71.41232	FALSE	FALSE	Plain Street and Borden Street, Providence, RI, USA	FALSE	-71.4122769	41.8132938	intersection	geometric_center	borden st & plain st, providence, ri 02903, usa	NA	NA	NA	NA	41.8132938	-71.4122769	Med High	6.263983285698831	NA
2874	2013-04-24	176613	18:45:00	Bicycle	NA	1	FALSE	FALSE	1	160 JULIAN STREET	AMHERST ST	2013-04-24	Two-Way , Not Divided	Dry	Daylight	Clear	Angle - Direction Not Specified	No	No Controls	2	1	Complains Of Pain	2	41.82379	-71.44476	TRUE	FALSE	160 Julian Street, Providence, RI, USA	FALSE	-71.44486429999999	41.8237963	street_address	rooftop	160 julian st, providence, ri 02909, usa	NA	NA	NA	NA	41.8237963	-71.44486429999999	High	8.680602442739827	NA
2875	2013-04-22	176372	08:04:00	Pedestrian	1	NA	FALSE	FALSE	1	CUTLER STREET	ATWELLS AVENUE	2013-04-22	Two-Way , Not Divided	Dry	Daylight	Clear	Other	Yes, M/V and Driver Left Scene	No Controls	1	1	Complains Of Pain	2	41.82435	-71.41963	FALSE	FALSE	Cutler Street and Atwells Avenue, Providence, RI, USA	FALSE	-71.4415532	41.82469529999999	intersection	geometric_center	cutler st & atwells ave, providence, ri 02908, usa	NA	NA	NA	NA	41.82469529999999	-71.4415532	Med High	1819.0286586962509	Not yet determined
2876	2013-04-22	176392	11:30:00	Bicycle	NA	1	FALSE	FALSE	1	1500 BROAD STREET	NA	2013-04-22	Two-Way , Not Divided	Dry	Daylight	Clear	Head-On (Front - to - Front)	No	No Controls	4	1	Non-Incapacitating	2	41.83116	-71.41751	TRUE	TRUE	1500 Broad Street, Providence, RI, USA	FALSE	-71.4017784	41.7865493	premise	rooftop	1500 broad st, providence, ri 02905, usa	NA	NA	NA	NA	41.7865493	-71.4017784	High	5134.727189549102	Not yet determined
2877	2013-04-20	176125	02:10:00	Pedestrian	2	NA	FALSE	FALSE	1	548 Atwells Ave	EAGLE ST	2013-04-20	Two-Way , Not Divided	Wet	Dark - Lighted	Rain	Not a Collision Between Two Motor Vehicles in Transport	No	No Controls	4	2	Complains Of Pain	NA	41.82439	-71.43469	TRUE	FALSE	548 Atwells Ave, Providence, RI, USA	FALSE	-71.43540949999999	41.82404880000001	premise	geometric_center	548 atwells ave, providence, ri 02909, usa	NA	NA	NA	NA	41.82404880000001	-71.43540949999999	High	70.74638046845895	NA
2878	2013-04-19	176091	18:09:00	Pedestrian	1	NA	FALSE	FALSE	1	N MAIN ST	N MAIN ST	2013-04-19	Two-Way, Divided, Positive Median Barrier	Wet	Dusk	Cloudy	Head-On (Front - to - Front)	No	No Controls	2	1	Complains Of Pain	NA	41.8434	-71.40715	FALSE	FALSE	N Main Street and N Main Street, Providence, RI, USA	FALSE	-71.2873641	41.7371398	route	geometric_center	n main st, rhode island, usa	North Main Street & South Main Street, Providence, RI, USA	EjpOb3J0aCBNYWluIFN0cmVldCAmIFNvdXRoIE1haW4gU3RyZWV0LCBQcm92aWRlbmNlLCBSSSwgVVNBImYiZAoUChIJD1urSRZF5IkRzGbOghZosXsSFAoSCQ9bq0kWReSJEcxmzoIWaLF7GhQKEgn5-kE93kTkiRFf162-DVwjPxoUChIJxfz7Uz5F5IkRx3FZv-YChPQiCg2TF-4YFdUHcNU	41.8256787	-71.4078251	41.8256787	-71.4078251	Med	1973.5205910677885	Not yet determined
2879	2013-04-18	176056	23:29:00	Bicycle	NA	1	FALSE	FALSE	1	COLLEGE ST	WESTMINSTER ST	2013-04-19	Two-Way , Not Divided	Dry	Dark - Lighted	Cloudy	Not a Collision Between Two Motor Vehicles in Transport	No	Traffic Control Signal	5	1	Incapacitating	2	41.8253	-71.40888	FALSE	FALSE	College Street and Westminster Street, Providence, RI, USA	FALSE	-71.4257801	41.8171825	route	geometric_center	westminster st, providence, ri, usa	College Street & Westminster Street, Providence, RI, USA	EjhDb2xsZWdlIFN0cmVldCAmIFdlc3RtaW5zdGVyIFN0cmVldCwgUHJvdmlkZW5jZSwgUkksIFVTQSJmImQKFAoSCUV3k14WReSJET5l5hZnxlyjEhQKEglFd5NeFkXkiRE-ZeYWZ8ZcoxoUChIJ0eXLLRZF5IkR9U78WzXwZD4aFAoSCf17EuZ0ReSJEcWGNOX-huwAIgoNFQnuGBVv4W_V	41.8253077	-71.4088081	41.8253077	-71.4088081	Med	6.025615642534212	NA
2880	2013-04-16	175739	10:32:00	Bicycle	NA	1	FALSE	FALSE	1	BENEVOLENT ST	BROOK ST	2013-04-16	Two-Way , Not Divided	Dry	Daylight	Clear	Angle (Front - to - Side) Right Angle (Includes Broadside)	No	Stop Signs	3	1	Complains Of Pain	NA	41.8249	-71.39897	FALSE	FALSE	Benevolent Street and Brook Street, Providence, RI, USA	FALSE	-71.39895160000002	41.8248965	intersection	geometric_center	benevolent st & brook st, providence, ri 02906, usa	NA	NA	NA	NA	41.8248965	-71.39895160000002	Med High	1.5752917344780915	NA
2881	2013-04-16	175782	14:18:00	Bicycle	NA	1	FALSE	FALSE	1	VALLEY ST	EAGLE ST	2013-04-16	Two-Way , Not Divided	Dry	Daylight	Clear	Other	No	Flashing Traffic Control Signal	3	1	Complains Of Pain	NA	41.82741	-71.4364	FALSE	FALSE	Valley Street and Eagle Street, Providence, RI, USA	FALSE	-71.4364099	41.8274251	intersection	geometric_center	valley st & eagle st, providence, ri 02908, usa	NA	NA	NA	NA	41.8274251	-71.4364099	Med High	1.870799885975158	NA
2882	2013-04-15	175589	06:46:00	Pedestrian	1	NA	FALSE	FALSE	1	WESTMINISTER STREET	SERVICE ROAD # 3	2013-04-15	Two-Way , Not Divided	Dry	Daylight	Clear	Other	Yes, M/V and Driver Left Scene	No Controls	1	1	Complains Of Pain	2	41.82477	-71.41987	FALSE	FALSE	Westminister Street and Service Road # 3, Providence, RI, USA	FALSE	-71.44060990000001	41.816332	intersection	geometric_center	service rd & westminster st, providence, ri 02909, usa	NA	NA	NA	NA	41.816332	-71.44060990000001	Med High	1960.272870780332	Not yet determined
2883	2013-04-15	175845	17:40:00	Pedestrian	1	NA	FALSE	FALSE	1	RAYMOND STREET	CHALKSTONE AVENUE	2013-04-15	Two-Way , Not Divided	Dry	Daylight	Clear	Not a Collision Between Two Motor Vehicles in Transport	No	Traffic Control Signal	2	1	Non-Incapacitating	2	41.82609	-71.42328	FALSE	FALSE	Raymond Street and Chalkstone Avenue, Providence, RI, USA	FALSE	-71.4417437	41.8322912	route	geometric_center	chalkstone ave, providence, ri, usa	Raymond Street & Chalkstone Avenue, Providence, RI, USA	EjdSYXltb25kIFN0cmVldCAmIENoYWxrc3RvbmUgQXZlbnVlLCBQcm92aWRlbmNlLCBSSSwgVVNBImYiZAoUChIJp43aKKhF5IkRAO9FcVWHqsQSFAoSCaeN2iioReSJEQDvRXFVh6rEGhQKEglNsK7xB0XkiRFE20j-Blhv0RoUChIJdzMxm69F5IkRFM5IhAG4zqsiCg2OZO8YFeqbbNU	41.834203	-71.4302486	41.834203	-71.4302486	Med	1072.270869118929	Not yet determined
2884	2013-04-13	175482	23:49:00	Pedestrian	1	NA	FALSE	FALSE	1	North Main St	Rochambeau Ave	2013-04-14	Two-Way, Divided, Positive Median Barrier	Dry	Dark - Lighted	Clear	Not a Collision Between Two Motor Vehicles in Transport	No	Traffic Control Signal	3	1	Complains Of Pain	NA	41.84676	-71.40505	FALSE	FALSE	North Main Street and Rochambeau Ave, Providence, RI, USA	FALSE	-71.3960532	41.8469319	route	geometric_center	rochambeau ave, providence, ri 02906, usa	North Main Street & Rochambeau Ave, Providence, RI, USA	EjdOb3J0aCBNYWluIFN0cmVldCAmIFJvY2hhbWJlYXUgQXZlLCBQcm92aWRlbmNlLCBSSSwgVVNBImYiZAoUChIJT306T91E5IkR5SdPUPBjKeASFAoSCU99Ok_dROSJEeUnT1DwYyngGhQKEgn5-kE93kTkiRFf162-DVwjPxoUChIJB3KhN8VE5IkRtMSH0rd7SbEiCg0zT_EYFTBzcNU	41.8467635	-71.4050768	41.8467635	-71.4050768	Med	2.2562956900154227	NA
2885	2013-04-10	175184	17:50:00	Pedestrian	1	NA	FALSE	FALSE	1	Thurbers Ave	Burnside Street	2013-04-10	Two-Way , Not Divided	Dry	Daylight	Clear	Other	No	Stop Signs	3	1	Complains Of Pain	NA	41.79916	-71.40973	FALSE	FALSE	Thurbers Ave and Burnside Street, Providence, RI, USA	FALSE	-71.4097938	41.7991557	intersection	geometric_center	thurbers ave & burnside st, providence, ri 02905, usa	NA	NA	NA	NA	41.7991557	-71.4097938	Med High	5.316170944967137	NA
2886	2013-04-09	175052	19:44:00	Pedestrian	1	NA	FALSE	FALSE	1	195 Vinton St	NA	2013-04-09	Two-Way , Not Divided	Dry	Dark - Lighted	Clear	Not a Collision Between Two Motor Vehicles in Transport	No	No Controls	3	1	Complains Of Pain	NA	41.81884	-71.42692	TRUE	TRUE	195 Vinton Street, Providence, RI, USA	FALSE	-71.42706079999999	41.8187793	street_address	rooftop	195 vinton st, providence, ri 02909, usa	NA	NA	NA	NA	41.8187793	-71.42706079999999	High	13.494593784347446	NA
2887	2013-04-08	174882	10:57:00	Pedestrian	1	NA	FALSE	FALSE	1	BLACKSTONE ST	EDDY ST	2013-04-08	Two-Way , Not Divided	Dry	Daylight	Clear	Not a Collision Between Two Motor Vehicles in Transport	No	No Controls	3	1	Complains Of Pain	NA	41.81012	-71.40729	FALSE	FALSE	Blackstone Street and Eddy Street, Providence, RI, USA	FALSE	-71.4072137	41.8101324	intersection	geometric_center	eddy st & blackstone st, providence, ri 02905, usa	NA	NA	NA	NA	41.8101324	-71.4072137	Med High	6.4795701845115365	NA
2888	2013-04-08	174883	11:32:00	Pedestrian	1	NA	FALSE	FALSE	1	EMPIRE ST	WASHINGTON ST	2013-04-08	Two-Way , Not Divided	Dry	Daylight	Clear	Not a Collision Between Two Motor Vehicles in Transport	No	Traffic Control Signal	2	1	Complains Of Pain	NA	41.82189	-71.41654	FALSE	FALSE	Empire Street and Washington Street, Providence, RI, USA	FALSE	-71.4164189	41.82186009999999	intersection	geometric_center	empire st & washington st, providence, ri 02903, usa	NA	NA	NA	NA	41.82186009999999	-71.4164189	Med High	10.583204497580523	NA
2889	2013-04-04	174825	20:44:00	Pedestrian	1	NA	FALSE	FALSE	1	Cranston St	Bridgham St	2013-04-07	Two-Way , Not Divided	Dry	Dark - Lighted	Clear	Not a Collision Between Two Motor Vehicles in Transport	No	Traffic Control Signal	2	1	Complains Of Pain	NA	41.81396	-71.42694	FALSE	FALSE	Cranston Street and Bridgham Street, Providence, RI, USA	FALSE	-71.426947	41.8139796	intersection	geometric_center	cranston st & bridgham st, providence, ri 02907, usa	NA	NA	NA	NA	41.8139796	-71.426947	Med High	2.2578356769984347	NA
2890	2013-04-02	174274	00:08:00	Pedestrian	1	NA	FALSE	FALSE	1	Atwells Ave.	Harris Ave.	2013-04-02	Unknown	Dry	Dark - Lighted	Cloudy	Not a Collision Between Two Motor Vehicles in Transport	Yes, M/V and Driver Left Scene	No Controls	4	1	Complains Of Pain	NA	41.82444	-71.43527	FALSE	FALSE	Atwells Ave. and Harris Ave., Providence, RI, USA	FALSE	-71.4354014	41.8244572	intersection	geometric_center	atwells ave & harris ave, providence, ri 02909, usa	NA	NA	NA	NA	41.8244572	-71.4354014	Med High	11.0670874419792	NA
2891	2013-04-01	174198	15:05:00	Bicycle	NA	1	FALSE	FALSE	1	TROY ST	WESTMINSTER ST	2013-04-01	Two-Way , Not Divided	Dry	Daylight	Clear	Not a Collision Between Two Motor Vehicles in Transport	No	No Controls	2	1	Complains Of Pain	4	41.81651	-71.44128	FALSE	FALSE	Troy Street and Westminster Street, Providence, RI, USA	FALSE	-71.4412978	41.8165238	intersection	geometric_center	troy st & westminster st, providence, ri 02909, usa	NA	NA	NA	NA	41.8165238	-71.4412978	Med High	2.1309125083961344	NA
2892	2013-04-01	174266	14:49:00	Bicycle	NA	1	FALSE	FALSE	1	ATWELLS AVE	EAGLE ST	2013-04-01	Two-Way , Not Divided	Dry	Daylight	Clear	Not a Collision Between Two Motor Vehicles in Transport	No	No Controls	5	1	Complains Of Pain	NA	41.82443	-71.43514	FALSE	FALSE	Atwells Ave and Eagle Street, Providence, RI, USA	FALSE	-71.4354014	41.8244572	intersection	geometric_center	atwells ave & eagle st, providence, ri 02909, usa	NA	NA	NA	NA	41.8244572	-71.4354014	Med High	21.89464592454477	NA
2893	2013-03-30	174016	15:34:00	Bicycle	NA	1	FALSE	FALSE	1	BROADWAY	VINTON ST	2013-03-30	Two-Way , Not Divided	Dry	Daylight	Clear	Not a Collision Between Two Motor Vehicles in Transport	No	No Controls	3	1	Complains Of Pain	NA	41.8201	-71.42807	FALSE	FALSE	Broadway and Vinton Street, Providence, RI, USA	FALSE	-71.4285663	41.8207514	route	geometric_center	vinton st, providence, ri, usa	Broadway & Vinton Street, Providence, RI, USA	Ei1Ccm9hZHdheSAmIFZpbnRvbiBTdHJlZXQsIFByb3ZpZGVuY2UsIFJJLCBVU0EiZiJkChQKEglF5rYLdUXkiRHipmasZ-JhnRIUChIJRea2C3VF5IkR4qZmrGfiYZ0aFAoSCaW15YZ1ReSJERrCM7HXpG-zGhQKEgnN2QdAdUXkiRHzHzv0hMO0lyIKDVg97RgVUexs1Q	41.820092	-71.4281903	41.820092	-71.4281903	Med	10.019740340890731	NA
2894	2013-03-30	174102	19:19:00	Bicycle	NA	1	FALSE	FALSE	1	RESERVOIR AVE	NARRAGANSETT AVE	2013-03-31	Two-Way, Divided, Unprotected (painted>4feet) Medium	Dry	Daylight	Clear	Not a Collision Between Two Motor Vehicles in Transport	No	Traffic Control Signal	3	1	Complains Of Pain	NA	41.79444	-71.42665	FALSE	FALSE	Reservoir Ave and Narragansett Ave, Providence, RI, USA	FALSE	-71.42687269999999	41.7938003	intersection	geometric_center	reservoir ave & narragansett ave, providence, ri 02907, usa	NA	NA	NA	NA	41.7938003	-71.42687269999999	Med High	73.57055877373219	NA
2895	2013-03-27	173746	16:33:00	Pedestrian	1	NA	FALSE	FALSE	1	GENEVA ST	CHALKSTONE AVE	2013-03-27	Two-Way , Not Divided	Dry	Daylight	Clear	Not a Collision Between Two Motor Vehicles in Transport	Yes, M/V and Driver Left Scene	No Controls	2	1	Complains Of Pain	2	41.83227	-71.44094	FALSE	FALSE	Geneva Street and Chalkstone Ave, Providence, RI, USA	FALSE	-71.4409323	41.832278	intersection	geometric_center	chalkstone ave & geneva st, providence, ri 02908, usa	NA	NA	NA	NA	41.832278	-71.4409323	Med High	1.0958967419588865	NA
2896	2013-03-26	173580	15:19:00	Bicycle	NA	1	FALSE	FALSE	1	HOPE ST	POWER ST	2013-03-26	Two-Way , Not Divided	Dry	Daylight	Clear	Angle (Front - to - Side) Right Angle (Includes Broadside)	No	Stop Signs	2	1	Incapacitating	NA	41.82318	-71.39702	FALSE	FALSE	Hope Street and Power Street, Providence, RI, USA	FALSE	-71.3970049	41.82320250000001	intersection	geometric_center	hope st & power st, providence, ri 02912, usa	NA	NA	NA	NA	41.82320250000001	-71.3970049	Med High	2.80045701277693	NA
2897	2013-03-20	172941	18:08:00	Pedestrian	1	NA	FALSE	FALSE	1	BRANCH AVE	VANDEWATER ST	2013-03-20	Two-Way , Not Divided	Dry	Daylight	Clear	Other	No	No Controls	3	1	Complains Of Pain	NA	41.85366	-71.42879	FALSE	FALSE	Branch Ave and Vandewater Street, Providence, RI, USA	FALSE	-71.428823	41.8536926	intersection	geometric_center	vandewater st & branch ave, providence, ri 02904, usa	NA	NA	NA	NA	41.8536926	-71.428823	Med High	4.544973022407288	NA
2898	2013-03-19	172874	16:19:00	Pedestrian	1	NA	FALSE	FALSE	1	PINE ST	RICHMOND ST	2013-03-19	Two-Way , Not Divided	Wet	Daylight	Cloudy	Not a Collision Between Two Motor Vehicles in Transport	Yes, M/V and Driver Left Scene	Stop Signs	2	0	No Injury	2	41.8206	-71.41181	FALSE	FALSE	Pine Street and Richmond Street, Providence, RI, USA	FALSE	-71.4088649	41.8188298	route	geometric_center	richmond st, providence, ri, usa	Pine Street & Richmond Street, Providence, RI, USA	EjJQaW5lIFN0cmVldCAmIFJpY2htb25kIFN0cmVldCwgUHJvdmlkZW5jZSwgUkksIFVTQSJmImQKFAoSCbP-c6EUReSJEYeVs9Zva_4EEhQKEgmz_nOhFEXkiRGHlbPWb2v-BBoUChIJOZMJU2xF5IkRoCks8G_vwjwaFAoSCbFeXiRrReSJEfWPLeMumlQUIgoNzlHtGBWXa2_V	41.8206158	-71.4118249	41.8206158	-71.4118249	Med	2.1497613895092273	NA