row_number	crash_date	crash_report_id	crash_time	collision_type	count_pedestrian	count_bicycle	scooter	wheel_chair	number_of_vehicles	street_or_highway	nearest_intersection	report_date	type_of_roadway	road_surface_condition	light_condition	weather_condition	manner_of_impact	hit_and_run	traffic_control	person_count	injury_count	most_serious_injury	number_of_lanes	lat_raw	lon_raw	has_st_number	is_intersection_null	address_sent_to_geocoder	is_address_blank	lon_api_first_try	lat_api_first_try	type	loctype	address_returned_by_geocoder	address_returned_by_autocomplete	place_ids_autocompleted	lat_api_second_try	lon_api_second_try	lat_api_best	lon_api_best	api_coord_conf	distance_btwn_coords_meters	best_coordinate_set
2899	2013-03-17	172586	20:48:00	Pedestrian	1	NA	FALSE	FALSE	1	EXCHANGE TER	EXCHANGE ST	2013-03-17	One-Way Trafficway	Dry	Dark - Lighted	Clear	Not a Collision Between Two Motor Vehicles in Transport	Yes, M/V and Driver Left Scene	No Controls	1	1	Non-Incapacitating	2	41.82502	-71.41483	FALSE	FALSE	Exchange Ter and Exchange Street, Providence, RI, USA	FALSE	-71.41480469999999	41.8250247	intersection	geometric_center	exchange terrace & w exchange st, providence, ri 02903, usa	NA	NA	NA	NA	41.8250247	-71.41480469999999	Med High	2.1629587937638286	NA
2900	2013-03-15	172288	19:54:00	Pedestrian	1	NA	FALSE	FALSE	1	THAYER ST	WATERMAN ST	2013-03-15	One-Way Trafficway	Dry	Dark - Lighted	Clear	Head-On (Front - to - Front)	No	No Controls	2	1	Complains Of Pain	NA	41.82729	-71.40054	FALSE	FALSE	Thayer Street and Waterman Street, Providence, RI, USA	FALSE	-71.4005559	41.8272892	intersection	geometric_center	thayer st & waterman st, providence, ri 02906, usa	NA	NA	NA	NA	41.8272892	-71.4005559	Med High	1.3219186601731197	NA
2901	2013-03-09	171639	16:42:00	Pedestrian	1	NA	FALSE	FALSE	1	MOOREFIELD ST	POCASSET AVE	2013-03-09	Two-Way, Divided, Positive Median Barrier	Dry	Daylight	Clear	Other	No	No Controls	2	1	Complains Of Pain	NA	41.80693	-71.45674	FALSE	FALSE	Moorefield Street and Pocasset Ave, Providence, RI, USA	FALSE	-71.45673219999999	41.80695009999999	intersection	geometric_center	pocasset ave & moorefield st, providence, ri 02909, usa	NA	NA	NA	NA	41.80695009999999	-71.45673219999999	Med High	2.3292484531410573	NA
2902	2013-03-09	172151	13:34:00	Pedestrian	1	NA	FALSE	FALSE	1	WESTMINSTER ST	EMPIRE ST	2013-03-09	Two-Way , Not Divided	Dry	Daylight	Clear	Not a Collision Between Two Motor Vehicles in Transport	No	Traffic Control Signal	4	1	Complains Of Pain	NA	41.82097	-71.41532	FALSE	FALSE	Westminster Street and Empire Street, Providence, RI, USA	FALSE	-71.41532459999999	41.82098879999999	intersection	geometric_center	empire st & westminster st, providence, ri 02903, usa	NA	NA	NA	NA	41.82098879999999	-71.41532459999999	Med High	2.1273141314465227	NA
2903	2013-03-08	171586	21:45:00	Pedestrian	1	NA	FALSE	FALSE	1	WATERMAN ST	BROWN ST	2013-03-08	One-Way Trafficway	Ice/Frost	Dark - Lighted	Clear	Other	No	Stop Signs	8	1	Complains Of Pain	NA	41.82705	-71.40304	FALSE	FALSE	Waterman Street and Brown Street, Providence, RI, USA	FALSE	-71.4030136	41.8270531	intersection	geometric_center	brown st & waterman st, providence, ri 02912, usa	NA	NA	NA	NA	41.8270531	-71.4030136	Med High	2.2169288909598475	NA
2904	2013-03-07	171499	14:48:00	Pedestrian	1	NA	FALSE	FALSE	1	244 CHAD BROWN ST	NA	2013-03-07	Two-Way , Not Divided	Wet	Daylight	Blowing Snow	Not a Collision Between Two Motor Vehicles in Transport	No	No Controls	2	1	Complains Of Pain	2	41.84049	-71.42394	TRUE	TRUE	244 Chad Brown Street, Providence, RI, USA	FALSE	-71.4241153	41.8405725	premise	rooftop	244 chad brown st, providence, ri 02908, usa	NA	NA	NA	NA	41.8405725	-71.4241153	High	17.19603860527374	NA
2905	2013-03-07	171584	09:19:00	Pedestrian	1	NA	FALSE	FALSE	1	FOUNTAIN ST	FOUNTAIN ST	2013-03-07	One-Way Trafficway	Snow	Daylight	Snow	Not a Collision Between Two Motor Vehicles in Transport	No	Traffic Control Signal	3	1	Complains Of Pain	NA	41.82327	-71.41613	FALSE	FALSE	Fountain Street and Fountain Street, Providence, RI, USA	FALSE	-71.4161507	41.8232429	route	geometric_center	fountain st, providence, ri, usa	NA	NA	NA	NA	41.8232429	-71.4161507	Med	3.4712477008871936	NA
2906	2013-03-06	171350	18:12:00	Pedestrian	1	NA	FALSE	FALSE	1	82 SMITH ST	NA	2013-03-06	Two-Way , Not Divided	Wet	Dark - Lighted	Rain	Other	No	No Controls	4	1	Complains Of Pain	4	41.83159	-71.41353	TRUE	TRUE	82 Smith Street, Providence, RI, USA	FALSE	-71.414976	41.8310054	subpremise	rooftop	82 smith st, providence, ri 02903, usa	NA	NA	NA	NA	41.8310054	-71.414976	High	136.45681658328553	Not yet determined
2907	2013-03-06	171368	19:32:00	Pedestrian	1	NA	FALSE	FALSE	1	Washington St.	Exchange St.	2013-03-06	One-Way Trafficway	Wet	Dark - Lighted	Rain	Not a Collision Between Two Motor Vehicles in Transport	No	Traffic Control Signal	8	1	Complains Of Pain	2	41.82564	-71.41112	FALSE	FALSE	Washington St. and Exchange St., Providence, RI, USA	FALSE	-71.4118704	41.8265115	route	geometric_center	exchange st, providence, ri 02903, usa	Washington St & Exchange St, Providence, RI, USA	EjBXYXNoaW5ndG9uIFN0ICYgRXhjaGFuZ2UgU3QsIFByb3ZpZGVuY2UsIFJJLCBVU0EiZiJkChQKEgl_Eq7GFkXkiRFuTEBUOY40ohIUChIJfxKuxhZF5IkRbkxAVDmONKIaFAoSCanazZwSReSJERoH0JajEjT2GhQKEgnRUp_XFkXkiREXSs7Pp9GNDiIKDWcZ7hgVVYpv1Q	41.8257255	-71.4110379	41.8257255	-71.4110379	Med	11.703446137456828	NA
2908	2013-03-02	170906	20:05:00	Bicycle	NA	1	FALSE	FALSE	1	BRANCH AVE	LANGDON ST	2013-03-03	Two-Way , Not Divided	Dry	Dark - Lighted	Clear	Not a Collision Between Two Motor Vehicles in Transport	No	Stop Signs	3	1	Complains Of Pain	NA	41.85221	-71.42447	FALSE	FALSE	Branch Ave and Langdon Street, Providence, RI, USA	FALSE	-71.4244214	41.8521995	intersection	geometric_center	langdon st & branch ave, providence, ri 02904, usa	NA	NA	NA	NA	41.8521995	-71.4244214	Med High	4.195923389373712	NA
2909	2013-03-01	170751	07:30:00	Pedestrian	2	NA	FALSE	FALSE	1	PETTEYS AVE	GLENBRIDGE AVE	2013-03-01	Two-Way , Not Divided	Dry	Daylight	Clear	Head-On (Front - to - Front)	No	Traffic Control Signal	5	2	Complains Of Pain	NA	41.81891	-71.46165	FALSE	FALSE	Petteys Ave and Glenbridge Ave, Providence, RI, USA	FALSE	-71.46158179999999	41.8190078	intersection	geometric_center	glenbridge ave & petteys ave, providence, ri 02909, usa	NA	NA	NA	NA	41.8190078	-71.46158179999999	Med High	12.269491080199153	NA
2910	2013-03-01	170770	12:40:00	Bicycle	NA	1	FALSE	FALSE	1	WASHINGTON ST	CLEMENCE ST	2013-03-01	Two-Way , Not Divided	Dry	Daylight	Clear	Sideswipe, Same Direction	No	No Controls	3	1	Complains Of Pain	NA	41.82332	-71.4144	FALSE	FALSE	Washington Street and Clemence Street, Providence, RI, USA	FALSE	-71.4143636	41.82333490000001	intersection	geometric_center	clemence st & washington st, providence, ri 02903, usa	NA	NA	NA	NA	41.82333490000001	-71.4143636	Med High	3.4451535975125127	NA
2911	2013-03-01	171050	07:44:00	Pedestrian	1	NA	FALSE	FALSE	1	CHARLES ST	CHARLES ST	2013-03-04	Two-Way , Not Divided	Dry	Daylight	Clear	Other	No	No Controls	2	1	Complains Of Pain	NA	41.84834	-71.41968	FALSE	FALSE	Charles Street and Charles Street, Providence, RI, USA	FALSE	-71.419539	41.8474982	route	geometric_center	charles st, providence, ri, usa	NA	NA	NA	NA	41.8474982	-71.419539	Med	94.43536724012009	NA
2912	2013-02-28	170600	06:57:00	Bicycle	NA	1	FALSE	FALSE	1	EDDY STREET	RHODES STREET	2013-02-28	Two-Way , Not Divided	Wet	Daylight	Clear	Other	No	No Controls	2	1	Non-Incapacitating	2	41.82672	-71.41981	FALSE	FALSE	Eddy Street and Rhodes Street, Providence, RI, USA	FALSE	-71.4072355	41.808252	intersection	geometric_center	rhodes st & eddy st, providence, ri 02905, usa	NA	NA	NA	NA	41.808252	-71.4072355	Med High	2305.3906803148107	Not yet determined
2913	2013-02-26	170368	18:58:00	Pedestrian	1	NA	FALSE	FALSE	1	ALLENS AVE	EDDY ST	2013-02-26	Two-Way, Divided, Positive Median Barrier	Dry	Dark - Not Lighted	Clear	Head-On (Front - to - Front)	No	No Controls	3	1	Non-Incapacitating	4	41.81505	-71.4066	FALSE	FALSE	Allens Ave and Eddy Street, Providence, RI, USA	FALSE	-71.4067286	41.8149779	intersection	geometric_center	allens ave & eddy st, providence, ri 02903, usa	NA	NA	NA	NA	41.8149779	-71.4067286	Med High	13.35129496566734	NA
2914	2013-02-25	170251	18:55:00	Pedestrian	1	NA	FALSE	FALSE	1	165 Pitman St	BUTLER AVE	2013-02-25	Two-Way , Not Divided	Dry	Dark - Lighted	Clear	Not a Collision Between Two Motor Vehicles in Transport	No	No Controls	2	1	Complains Of Pain	NA	41.8268	-71.38605	TRUE	FALSE	165 Pitman Street, Providence, RI, USA	FALSE	-71.386453	41.825466	street_address	rooftop	165 pitman st, providence, ri 02906, usa	NA	NA	NA	NA	41.825466	-71.386453	High	152.21647665594972	Not yet determined
2915	2013-02-25	170287	12:50:00	Pedestrian	1	NA	FALSE	FALSE	1	601 N MAIN ST	N MAIN ST	2013-02-26	Two-Way, Divided, Unprotected (painted>4feet) Medium	Dry	Daylight	Clear	Other	No	No Controls	3	1	Complains Of Pain	NA	41.83706	-71.40951	TRUE	FALSE	601 N Main Street, Providence, RI, USA	FALSE	-71.40832139999999	41.83723930000001	subpremise	rooftop	601 n main st, providence, ri 02904, usa	NA	NA	NA	NA	41.83723930000001	-71.40832139999999	High	100.58029094576108	Not yet determined
2916	2013-02-24	170159	16:22:00	Bicycle	NA	1	FALSE	FALSE	1	College St	BENEFIT ST	2013-02-24	Two-Way , Not Divided	Wet	Daylight	Rain	Unknown	No	Stop Signs	2	1	Complains Of Pain	2	41.82599	-71.40684	FALSE	FALSE	College Street and Benefit Street, Providence, RI, USA	FALSE	-71.4068354	41.8260134	route	geometric_center	benefit st, providence, ri, usa	College Street & Benefit Street, Providence, RI, USA	EjRDb2xsZWdlIFN0cmVldCAmIEJlbmVmaXQgU3RyZWV0LCBQcm92aWRlbmNlLCBSSSwgVVNBImYiZAoUChIJT1PH0hdF5IkRsjAAs9BpeJgSFAoSCU9Tx9IXReSJEbIwALPQaXiYGhQKEgnR5cstFkXkiRH1TvxbNfBkPhoUChIJedk4CD1F5IkRxfbmqgrCUioiCg2mJO4YFX4ucNU	41.8260134	-71.40683539999999	41.8260134	-71.40683539999999	Med	2.6326760639090367	NA
2917	2013-02-24	170166	18:43:00	Bicycle	NA	1	FALSE	FALSE	1	BRANCH AVE	CHARLES ST	2013-02-24	Two-Way , Not Divided	Wet	Dark - Lighted	Rain	Not a Collision Between Two Motor Vehicles in Transport	No	Traffic Control Signal	3	1	Complains Of Pain	2	41.85021	-71.41986	FALSE	FALSE	Branch Ave and Charles Street, Providence, RI, USA	FALSE	-71.419991	41.8503047	intersection	geometric_center	charles st & branch ave, providence, ri 02904, usa	NA	NA	NA	NA	41.8503047	-71.419991	Med High	15.13703125545928	NA
2918	2013-02-23	170086	10:59:00	Pedestrian	1	NA	FALSE	FALSE	1	1070 HOPE STREET	BLACKSTONE BLVD	2013-02-23	Two-Way , Not Divided	Dry	Daylight	Clear	Other	No	No Controls	3	1	Non-Incapacitating	2	41.83349	-71.41682	TRUE	FALSE	1070 Hope Street, Providence, RI, USA	FALSE	-71.3915134	41.8564793	street_address	rooftop	1070 hope st, providence, ri 02906, usa	NA	NA	NA	NA	41.8564793	-71.3915134	High	3309.605146359273	Not yet determined
2919	2013-02-23	170141	02:45:00	Pedestrian	1	NA	FALSE	FALSE	1	UNION ST	WASHINGTON ST	2013-02-24	Two-Way , Not Divided	Dry	Dark - Lighted	Clear	Not a Collision Between Two Motor Vehicles in Transport	Yes, M/V and Driver Left Scene	No Controls	1	1	Complains Of Pain	NA	41.82364	-71.41405	FALSE	FALSE	Union Street and Washington Street, Providence, RI, USA	FALSE	-71.4128343	41.8239891	locality	approximate	providence, ri, usa	Union Street & Washington Street, Providence, RI, USA	EjVVbmlvbiBTdHJlZXQgJiBXYXNoaW5ndG9uIFN0cmVldCwgUHJvdmlkZW5jZSwgUkksIFVTQSJmImQKFAoSCXvJS8cTReSJEcVp0B49EFpXEhQKEgl7yUvHE0XkiRHFadAePRBaVxoUChIJc0CzlRNF5IkRkkTXyjBrnRAaFAoSCanazZwSReSJERoH0JajEjT2IgoN_cbtGBWuFm_V	41.8236157	-71.4139986	41.8236157	-71.4139986	Med	5.049582008569426	NA
2920	2013-02-23	170280	13:53:00	Other	NA	NA	FALSE	TRUE	1	WESTMINSTER ST	EMPIRE ST	2013-02-26	Two-Way , Not Divided	Dry	Daylight	Cloudy	Not a Collision Between Two Motor Vehicles in Transport	No	Traffic Control Signal	4	1	Non-Incapacitating	NA	41.82097	-71.41532	FALSE	FALSE	Westminster Street and Empire Street, Providence, RI, USA	FALSE	-71.41532459999999	41.82098879999999	intersection	geometric_center	empire st & westminster st, providence, ri 02903, usa	NA	NA	NA	NA	41.82098879999999	-71.41532459999999	Med High	2.1273141314465227	NA
2921	2013-02-22	170973	14:30:00	Pedestrian	1	NA	FALSE	FALSE	1	N MAIN ST	N MAIN ST	2013-03-04	Two-Way , Not Divided	Dry	Daylight	Clear	Other	Yes, M/V and Driver Left Scene	Stop Signs	1	1	Complains Of Pain	NA	41.83646	-71.40963	FALSE	FALSE	N Main Street and N Main Street, Providence, RI, USA	FALSE	-71.2873641	41.7371398	route	geometric_center	n main st, rhode island, usa	North Main Street & South Main Street, Providence, RI, USA	EjpOb3J0aCBNYWluIFN0cmVldCAmIFNvdXRoIE1haW4gU3RyZWV0LCBQcm92aWRlbmNlLCBSSSwgVVNBImYiZAoUChIJD1urSRZF5IkRzGbOghZosXsSFAoSCQ9bq0kWReSJEcxmzoIWaLF7GhQKEgn5-kE93kTkiRFf162-DVwjPxoUChIJxfz7Uz5F5IkRx3FZv-YChPQiCg2TF-4YFdUHcNU	41.8256787	-71.4078251	41.8256787	-71.4078251	Med	1209.470105978319	Not yet determined
2922	2013-02-16	169020	01:55:00	Pedestrian	1	NA	FALSE	FALSE	1	ABORN ST	WASHINGTON ST	2013-02-16	One-Way Trafficway	Snow	Dark - Lighted	Cloudy	Rear End(Front-to-Rear)	No	No Controls	3	1	Complains Of Pain	NA	41.82185	-71.41544	FALSE	FALSE	Aborn Street and Washington Street, Providence, RI, USA	FALSE	-71.4159277	41.8222378	intersection	geometric_center	aborn st & washington st, providence, ri 02903, usa	NA	NA	NA	NA	41.8222378	-71.4159277	Med High	59.165032306343484	NA
2923	2013-02-16	169206	13:50:00	Pedestrian	1	NA	FALSE	FALSE	1	99 KENNEDY PLAZA	NA	2013-02-17	One-Way Trafficway	Wet	Daylight	Snow	Other	No	No Controls	4	1	Complains Of Pain	1	41.82602	-71.41884	TRUE	TRUE	99 Kennedy Plaza, Providence, RI, USA	FALSE	-71.4123453	41.8244292	premise	rooftop	99 kennedy plaza, providence, ri 02903, usa	NA	NA	NA	NA	41.8244292	-71.4123453	High	567.1145844301053	Not yet determined
2924	2013-02-15	169019	22:58:00	Bicycle	NA	1	FALSE	FALSE	1	Washington Street	MATHEWSON ST	2013-02-15	Two-Way , Not Divided	Wet	Dark - Lighted	Clear	Not a Collision Between Two Motor Vehicles in Transport	Yes, M/V and Driver Left Scene	Traffic Control Signal	1	1	Complains Of Pain	NA	41.82305	-71.4148	FALSE	FALSE	Washington Street and Mathewson Street, Providence, RI, USA	FALSE	-71.4147864	41.8230454	intersection	geometric_center	mathewson st & washington st, providence, ri 02903, usa	NA	NA	NA	NA	41.8230454	-71.4147864	Med High	1.2389749585803869	NA
2925	2013-02-13	168711	16:42:00	Bicycle	NA	1	FALSE	FALSE	1	W RIVER ST	BRANCH AVE	2013-02-13	Two-Way , Not Divided	Wet	Daylight	Clear	Not a Collision Between Two Motor Vehicles in Transport	No	Pavement Markings	2	1	Complains Of Pain	2	41.84688	-71.4127	FALSE	FALSE	W River Street and Branch Ave, Providence, RI, USA	FALSE	-71.4126689	41.8468987	intersection	geometric_center	w river st & branch ave, providence, ri 02904, usa	NA	NA	NA	NA	41.8468987	-71.4126689	Med High	3.3142847744608974	NA
2926	2013-02-12	168576	13:45:00	Pedestrian	1	NA	FALSE	FALSE	1	HAYES ST	Providence Place	2013-02-12	One-Way Trafficway	Wet	Dark - Lighted	Clear	Other	Yes, M/V and Driver Left Scene	No Controls	3	1	Complains Of Pain	1	41.82932	-71.41733	FALSE	FALSE	Hayes Street and Providence Place, Providence, RI, USA	FALSE	-71.4218026	41.8284801	route	geometric_center	providence pl, providence, ri 02903, usa	NA	NA	NA	NA	41.8284801	-71.4218026	Med	382.595879278482	Not yet determined
2927	2013-02-09	168319	15:57:00	Pedestrian	1	NA	FALSE	FALSE	1	650 SMITH ST	NA	2013-02-09	Two-Way , Not Divided	Snow	Daylight	Clear	Head-On (Front - to - Front)	No	No Controls	2	1	Complains Of Pain	2	41.83694	-71.43209	TRUE	TRUE	650 Smith Street, Providence, RI, USA	FALSE	-71.4327236	41.837053	street_address	rooftop	650 smith st, providence, ri 02908, usa	NA	NA	NA	NA	41.837053	-71.4327236	High	54.03416439740638	NA
2928	2013-02-09	170067	08:53:00	Pedestrian	1	NA	FALSE	FALSE	1	BROADWAY	ALMY ST	2013-02-20	Two-Way , Not Divided	Snow	Daylight	Blowing Snow	Not a Collision Between Two Motor Vehicles in Transport	Yes, M/V and Driver Left Scene	Traffic Control Signal	1	1	Complains Of Pain	2	41.81896	-71.43294	FALSE	FALSE	Broadway and Almy Street, Providence, RI, USA	FALSE	-71.4332086	41.8196567	route	geometric_center	almy st, providence, ri 02909, usa	Broadway & Almy Street, Providence, RI, USA	EitCcm9hZHdheSAmIEFsbXkgU3RyZWV0LCBQcm92aWRlbmNlLCBSSSwgVVNBImYiZAoUChIJf2wiiJ5F5IkRjn4qkn9k29gSFAoSCX9sIoieReSJEY5-KpJ_ZNvYGhQKEgmlteWGdUXkiREawjOx16RvsxoUChIJ51EWjJ5F5IkRlA-oyGoufZoiCg2qEe0YFbcybNU	41.81897379999999	-71.43294170000001	41.81897379999999	-71.43294170000001	Med	1.5426693494878854	NA
2929	2013-02-03	167689	00:51:00	Pedestrian	1	NA	FALSE	FALSE	1	BROAD ST	SERVICE ROAD 7	2013-02-03	One-Way Trafficway	Dry	Dark - Lighted	Clear	Not a Collision Between Two Motor Vehicles in Transport	Yes, M/V and Driver Left Scene	No Controls	1	1	Incapacitating	NA	41.81736	-71.41696	FALSE	FALSE	Broad Street and Service Road 7, Providence, RI, USA	FALSE	-71.4200451	41.8199608	route	geometric_center	service rd 1, providence, ri, usa	Broad Street & Service Road 7th, Providence, RI, USA	EjRCcm9hZCBTdHJlZXQgJiBTZXJ2aWNlIFJvYWQgN3RoLCBQcm92aWRlbmNlLCBSSSwgVVNBImYiZAoUChIJbbRukG1F5IkRg0XEjUgVvRgSFAoSCW20bpBtReSJEYNFxI1IFb0YGhQKEgmD3n3VjE_kiREsosqTmEsIoxoUChIJB3h0QnZF5IkRyxFdBkwhBUwiCg0k0-wYFUejbtU	41.8173732	-71.4169529	41.8173732	-71.4169529	Med	1.583084453358004	NA
2930	2013-02-02	167619	19:00:00	Pedestrian	1	NA	FALSE	FALSE	1	CHALKSTONE AVENUE	BILTMORE AVENUE	2013-02-02	Two-Way , Not Divided	Dry	Dark - Lighted	Clear	Not a Collision Between Two Motor Vehicles in Transport	No	No Controls	3	1	Complains Of Pain	2	41.8217	-71.45485	FALSE	FALSE	Chalkstone Avenue and Biltmore Avenue, Providence, RI, USA	FALSE	-71.4378466	41.8328452	intersection	geometric_center	chalkstone ave & biltmore ave, providence, ri 02908, usa	NA	NA	NA	NA	41.8328452	-71.4378466	Med High	1878.4656055925454	Not yet determined
2931	2013-01-30	167471	21:25:00	Pedestrian	1	NA	FALSE	FALSE	1	Washington St.	Exchange St.	2013-01-30	One-Way Trafficway	Wet	Dark - Lighted	Cloudy	Not a Collision Between Two Motor Vehicles in Transport	No	Flashing Traffic Control Signal	3	1	Complains Of Pain	2	41.82565	-71.41111	FALSE	FALSE	Washington St. and Exchange St., Providence, RI, USA	FALSE	-71.4118704	41.8265115	route	geometric_center	exchange st, providence, ri 02903, usa	Washington St & Exchange St, Providence, RI, USA	EjBXYXNoaW5ndG9uIFN0ICYgRXhjaGFuZ2UgU3QsIFByb3ZpZGVuY2UsIFJJLCBVU0EiZiJkChQKEgl_Eq7GFkXkiRFuTEBUOY40ohIUChIJfxKuxhZF5IkRbkxAVDmONKIaFAoSCanazZwSReSJERoH0JajEjT2GhQKEgnRUp_XFkXkiREXSs7Pp9GNDiIKDWcZ7hgVVYpv1Q	41.8257255	-71.4110379	41.8257255	-71.4110379	Med	10.31546095146224	NA
2932	2013-01-30	167581	12:53:00	Bicycle	1	NA	FALSE	FALSE	1	ATWOOD ST	PLAINFIELD ST	2013-02-02	One-Way Trafficway	Dry	Daylight	Clear	Not a Collision Between Two Motor Vehicles in Transport	No	Traffic Control Signal	3	0	No Injury	NA	41.81596	-71.44507	FALSE	FALSE	Atwood Street and Plainfield Street, Providence, RI, USA	FALSE	-71.44504909999999	41.8159764	intersection	geometric_center	atwood st & plainfield st, providence, ri 02909, usa	NA	NA	NA	NA	41.8159764	-71.44504909999999	Med High	2.5178623002670872	NA
2933	2013-01-28	167091	12:43:00	Pedestrian	1	NA	FALSE	FALSE	1	356 SMITH STREET	NA	2013-01-28	Two-Way , Not Divided	Dry	Daylight	Clear	Other	No	No Controls	2	1	Complains Of Pain	2	41.82678	-71.41875	TRUE	TRUE	356 Smith Street, Providence, RI, USA	FALSE	-71.42363929999999	41.8342601	premise	rooftop	356 smith st, providence, ri 02908, usa	NA	NA	NA	NA	41.8342601	-71.42363929999999	High	926.1903030803416	Not yet determined
2934	2013-01-28	167092	18:32:00	Pedestrian	1	NA	FALSE	FALSE	1	FRANCIS ST	MEMORIAL BLVD	2013-01-28	Two-Way , Not Divided	Dry	Dark - Lighted	Rain	Not a Collision Between Two Motor Vehicles in Transport	Yes, M/V and Driver Left Scene	No Controls	1	0	No Injury	NA	41.82691	-71.41548	FALSE	FALSE	Francis Street and Memorial Blvd, Providence, RI, USA	FALSE	-71.4134258	41.8263996	route	geometric_center	memorial blvd, providence, ri 02903, usa	Francis Street & Memorial Blvd, Providence, RI, USA	EjNGcmFuY2lzIFN0cmVldCAmIE1lbW9yaWFsIEJsdmQsIFByb3ZpZGVuY2UsIFJJLCBVU0EiZiJkChQKEgkDtc6dEUXkiRFK7mftfMbegBIUChIJA7XOnRFF5IkRSu5n7XzG3oAaFAoSCeMKJVkQReSJEQnXa5JsDkKbGhQKEgn3LDO1FkXkiRGsznR5eOTavSIKDRwg7hgVW-Bu1Q	41.8258972	-71.4153893	41.8258972	-71.4153893	Med	112.9951405171741	Not yet determined
2935	2013-01-27	166959	19:14:00	Pedestrian	1	NA	FALSE	FALSE	1	CHALKSTONE AVE	RUGGLES ST	2013-01-27	Two-Way , Not Divided	Dry	Dark - Lighted	Clear	Head-On (Front - to - Front)	Yes, M/V and Driver Left Scene	No Controls	2	1	Complains Of Pain	2	41.83461	-71.42819	FALSE	FALSE	Chalkstone Ave and Ruggles Street, Providence, RI, USA	FALSE	-71.42813550000001	41.834637	intersection	geometric_center	chalkstone ave & ruggles st, providence, ri 02908, usa	NA	NA	NA	NA	41.834637	-71.42813550000001	Med High	5.428336579853826	NA
2936	2013-01-25	166932	22:58:00	Pedestrian	1	NA	FALSE	FALSE	1	WESTMINSTER ST	MEMORIAL BLVD	2013-01-27	Two-Way , Not Divided	Wet	Dark - Lighted	Cloudy	Not a Collision Between Two Motor Vehicles in Transport	No	Traffic Control Signal	3	1	Complains Of Pain	NA	41.82529	-71.40898	FALSE	FALSE	Westminster Street and Memorial Blvd, Providence, RI, USA	FALSE	-71.4088081	41.8253077	intersection	geometric_center	memorial blvd & westminster st, providence, ri 02903, usa	NA	NA	NA	NA	41.8253077	-71.4088081	Med High	14.395146782042232	NA
2937	2013-01-23	166548	14:46:00	Pedestrian	1	NA	FALSE	FALSE	1	LENOX AVE	NIAGARA ST	2013-01-23	Two-Way , Not Divided	Dry	Daylight	Clear	Other	Yes, M/V and Driver Left Scene	No Controls	1	1	Complains Of Pain	2	41.79732	-71.41794	FALSE	FALSE	Lenox Ave and Niagara Street, Providence, RI, USA	FALSE	-71.41793059999999	41.7973363	intersection	geometric_center	lenox ave & niagara st, providence, ri 02907, usa	NA	NA	NA	NA	41.7973363	-71.41793059999999	Med High	1.9750938637303053	NA
2938	2013-01-22	166276	10:11:00	Pedestrian	1	NA	FALSE	FALSE	1	425 DEXTER ST	WALDO ST	2013-01-22	Two-Way , Not Divided	Slush	Daylight	Clear	Not a Collision Between Two Motor Vehicles in Transport	Yes, M/V and Driver Left Scene	No Controls	1	1	Complains Of Pain	NA	41.80458	-71.42994	TRUE	FALSE	425 Dexter Street, Providence, RI, USA	FALSE	-71.4301943	41.8050009	premise	rooftop	425 dexter st, providence, ri 02907, usa	NA	NA	NA	NA	41.8050009	-71.4301943	High	51.38693210462301	NA
2939	2013-01-20	166079	04:42:00	Pedestrian	1	NA	FALSE	FALSE	1	EDDY ST	VERMONT AVE	2013-01-20	Two-Way , Not Divided	Dry	Dark - Lighted	Clear	Not a Collision Between Two Motor Vehicles in Transport	Yes, M/V and Driver Left Scene	Stop Signs	2	1	Complains Of Pain	NA	41.78756	-71.40242	FALSE	FALSE	Eddy Street and Vermont Ave, Providence, RI, USA	FALSE	-71.4024104	41.7875793	intersection	geometric_center	vermont ave & eddy st, providence, ri 02905, usa	NA	NA	NA	NA	41.7875793	-71.4024104	Med High	2.2914688139058015	NA
2940	2013-01-19	166047	18:16:00	Bicycle	NA	1	FALSE	FALSE	1	IVES ST	PRESTON ST	2013-01-19	Two-Way , Not Divided	Dry	Dark - Lighted	Clear	Angle - Direction Not Specified	No	No Controls	4	1	Complains Of Pain	NA	41.82438	-71.39242	FALSE	FALSE	Ives Street and Preston Street, Providence, RI, USA	FALSE	-71.39236389999999	41.8243449	intersection	geometric_center	ives st & preston st, providence, ri 02906, usa	NA	NA	NA	NA	41.8243449	-71.39236389999999	Med High	6.076548678820301	NA
2941	2013-01-19	166075	22:02:00	Pedestrian	1	NA	FALSE	FALSE	1	Empire St.	Westminster St.	2013-01-19	Two-Way , Not Divided	Dry	Dark - Lighted	Clear	Not a Collision Between Two Motor Vehicles in Transport	No	Traffic Control Signal	5	1	Complains Of Pain	3	41.82092	-71.41525	FALSE	FALSE	Empire St. and Westminster St., Providence, RI, USA	FALSE	-71.41532459999999	41.82098879999999	intersection	geometric_center	empire st & westminster st, providence, ri 02903, usa	NA	NA	NA	NA	41.82098879999999	-71.41532459999999	Med High	9.846690984247019	NA