row_number	crash_date	crash_report_id	crash_time	collision_type	count_pedestrian	count_bicycle	scooter	wheel_chair	number_of_vehicles	street_or_highway	nearest_intersection	report_date	type_of_roadway	road_surface_condition	light_condition	weather_condition	manner_of_impact	hit_and_run	traffic_control	person_count	injury_count	most_serious_injury	number_of_lanes	lat_raw	lon_raw	has_st_number	is_intersection_null	address_sent_to_geocoder	is_address_blank	lon_api_first_try	lat_api_first_try	type	loctype	address_returned_by_geocoder	address_returned_by_autocomplete	place_ids_autocompleted	lat_api_second_try	lon_api_second_try	lat_api_best	lon_api_best	api_coord_conf	distance_btwn_coords_meters	best_coordinate_set
2942	2013-01-13	165282	14:56:00	Bicycle	NA	1	FALSE	FALSE	1	CUMERFORD ST	DORA ST	2013-01-13	Two-Way , Not Divided	Dry	Daylight	Clear	Not a Collision Between Two Motor Vehicles in Transport	No	Stop Signs	4	1	Complains Of Pain	2	41.80928	-71.44364	FALSE	FALSE	Cumerford Street and Dora Street, Providence, RI, USA	FALSE	-71.443642	41.809284	intersection	geometric_center	dora st & cumerford st, providence, ri 02909, usa	NA	NA	NA	NA	41.809284	-71.443642	Med High	0.47519595365701806	NA
2943	2013-01-12	165201	07:38:00	Pedestrian	1	NA	FALSE	FALSE	1	FRANCIS STREET	GASPEE STREET	2013-01-12	Two-Way, Divided, Positive Median Barrier	Wet	Daylight	Rain	Head-On (Front - to - Front)	No	Traffic Control Signal	3	1	Complains Of Pain	4	41.82678	-71.41875	FALSE	FALSE	Francis Street and Gaspee Street, Providence, RI, USA	FALSE	-71.413218	41.8298918	route	geometric_center	gaspee st, providence, ri 02903, usa	NA	NA	NA	NA	41.8298918	-71.413218	Med	574.9456433644589	Not yet determined
2944	2013-01-12	165286	22:57:00	Pedestrian	1	NA	FALSE	FALSE	1	Parade St.	CHAPIN AVE	2013-01-13	Two-Way , Not Divided	Wet	Dark - Lighted	Sleet, Hail (Freezing Rain or Drizzle)	Not a Collision Between Two Motor Vehicles in Transport	No	Stop Signs	2	1	Complains Of Pain	2	41.81192	-71.43118	FALSE	FALSE	Parade St. and Chapin Ave, Providence, RI, USA	FALSE	-71.4311711	41.8119296	intersection	geometric_center	chapin ave & parade st, providence, ri 02909, usa	NA	NA	NA	NA	41.8119296	-71.4311711	Med High	1.2989765607837622	NA
2945	2013-01-10	165885	10:41:00	Pedestrian	1	NA	FALSE	FALSE	1	FRANCIS ST	AMERICAN EXPRESS PLZ	2013-01-17	Two-Way, Divided, Unprotected (painted>4feet) Medium	Dry	Dark - Lighted	Clear	Other	No	Traffic Control Signal	3	1	Complains Of Pain	NA	41.82745	-71.41541	FALSE	FALSE	Francis Street and American Express Plz, Providence, RI, USA	FALSE	-71.4128343	41.8239891	locality	approximate	providence, ri, usa	NA	NA	NA	NA	41.8239891	-71.4128343	Med	440.5459489815115	Not yet determined
2946	2013-01-08	164684	11:35:00	Pedestrian	1	NA	FALSE	FALSE	1	1075 CHALKSTONE AVE	GENEVA ST	2013-01-08	Unknown	Dry	Daylight	Clear	Other	No	No Controls	2	1	Complains Of Pain	NA	41.83228	-71.44072	TRUE	FALSE	1075 Chalkstone Ave, Providence, RI, USA	FALSE	-71.4435246	41.8324241	street_address	rooftop	1075 chalkstone ave, providence, ri 02908, usa	NA	NA	NA	NA	41.8324241	-71.4435246	High	233.1774405542161	Not yet determined
2947	2013-01-08	164685	13:17:00	Pedestrian	1	NA	FALSE	FALSE	1	617 HARTFORD AVE	KING PHILIP ST	2013-01-08	Unknown	Dry	Daylight	Clear	Other	No	No Controls	3	1	Complains Of Pain	NA	41.81954	-71.46551	TRUE	FALSE	617 Hartford Ave, Providence, RI, USA	FALSE	-71.4652789	41.8197116	street_address	rooftop	617 hartford ave, providence, ri 02909, usa	NA	NA	NA	NA	41.8197116	-71.4652789	High	27.064285905403732	NA
2948	2013-01-07	164565	18:25:00	Pedestrian	1	NA	FALSE	FALSE	1	MANTON AVE	CHALKSTONE AVE	2013-01-07	Two-Way , Not Divided	Dry	Dark - Lighted	Clear	Not a Collision Between Two Motor Vehicles in Transport	Yes, M/V and Driver Left Scene	No Controls	1	1	Complains Of Pain	2	41.83391	-71.46733	FALSE	FALSE	Manton Ave and Chalkstone Ave, Providence, RI, USA	FALSE	-71.4669005	41.8339433	intersection	geometric_center	chalkstone ave & manton ave, providence, ri 02909, usa	NA	NA	NA	NA	41.8339433	-71.4669005	Med High	35.81596430831038	NA
2949	2013-01-03	164302	19:36:00	Pedestrian	1	NA	FALSE	FALSE	1	731 Eddy st.	NA	2013-01-03	Unknown	Dry	Dark - Lighted	Clear	Not a Collision Between Two Motor Vehicles in Transport	Yes, M/V and Driver Left Scene	No Controls	1	1	Complains Of Pain	NA	41.82849	-71.40959	TRUE	TRUE	731 Eddy St., Providence, RI, USA	FALSE	-71.4075635	41.80781959999999	premise	rooftop	731 eddy st, providence, ri 02903, usa	NA	NA	NA	NA	41.80781959999999	-71.4075635	High	2307.1521832924327	Not yet determined
2950	2013-01-02	164257	19:00:00	Pedestrian	1	NA	FALSE	FALSE	1	DOUGLAS AVE	DOUGLAS AVE	2013-01-02	Two-Way , Not Divided	Dry	Dark - Lighted	Clear	Unknown	Yes, M/V and Driver Left Scene	No Controls	1	1	Complains Of Pain	NA	41.84915	-71.43258	FALSE	FALSE	Douglas Ave and Douglas Ave, Providence, RI, USA	FALSE	-71.4649957	41.8715442	intersection	geometric_center	douglas turnpike & douglas ave, north providence, ri 02904, usa	NA	NA	NA	NA	41.8715442	-71.4649957	Med High	3665.697798888095	Not yet determined
2951	2013-01-01	163984	06:01:00	Pedestrian	1	NA	FALSE	FALSE	1	VALLEY ST	JEWETT ST	2013-01-01	Two-Way , Not Divided	Wet	Dark - Lighted	Clear	Other	Yes, M/V and Driver Left Scene	No Controls	1	1	Complains Of Pain	NA	41.83221	-71.42769	FALSE	FALSE	Valley Street and Jewett Street, Providence, RI, USA	FALSE	-71.4277108	41.8321931	intersection	geometric_center	valley st & jewett st, providence, ri 02908, usa	NA	NA	NA	NA	41.8321931	-71.4277108	Med High	2.5525957473111047	NA
2952	2012-12-28	163569	15:06:00	Pedestrian	1	NA	FALSE	FALSE	1	GLENBRIDGE AVE	MANTON AVE	2012-12-28	Two-Way , Not Divided	Dry	Daylight	Clear	Not a Collision Between Two Motor Vehicles in Transport	No	Traffic Control Signal	2	1	Complains Of Pain	NA	41.82597	-71.45822	FALSE	FALSE	Glenbridge Ave and Manton Ave, Providence, RI, USA	FALSE	-71.4582318	41.8259774	intersection	geometric_center	glenbridge ave & manton ave, providence, ri 02909, usa	NA	NA	NA	NA	41.8259774	-71.4582318	Med High	1.2793401188497675	NA
2953	2012-12-28	163829	06:34:00	Pedestrian	1	NA	FALSE	FALSE	1	Thackery St	ELMWOOD AVE	2012-12-29	Two-Way , Not Divided	Dry	Dawn	Clear	Not a Collision Between Two Motor Vehicles in Transport	No	No Controls	2	1	Incapacitating	2	41.79218	-71.42255	FALSE	FALSE	Thackery Street and Elmwood Ave, Providence, RI, USA	FALSE	-71.4229658	41.7920613	intersection	geometric_center	thackery st & elmwood ave, providence, ri 02907, usa	NA	NA	NA	NA	41.7920613	-71.4229658	Med High	36.953049343240565	NA
2954	2012-12-27	163415	10:13:00	Pedestrian	1	NA	FALSE	FALSE	1	4TH ST	SUMMIT AVE	2012-12-27	Two-Way , Not Divided	Wet	Daylight	Rain	Other	No	Stop Signs	4	1	Complains Of Pain	NA	41.85052	-71.39823	FALSE	FALSE	4th Street and Summit Ave, Providence, RI, USA	FALSE	-71.398247	41.850533	route	geometric_center	summit ave, providence, ri 02906, usa	4th Street & Summit Ave, Providence, RI, USA	Eiw0dGggU3RyZWV0ICYgU3VtbWl0IEF2ZSwgUHJvdmlkZW5jZSwgUkksIFVTQSJmImQKFAoSCYWlTyTEROSJEbAGfT0wMgxAEhQKEgmFpU8kxETkiRGwBn09MDIMQBoUChIJ7QsqzsVE5IkRdJ5UApq7RJ0aFAoSCWc0otTFROSJEcuWttDdYL4lIgoNcuLxGBX6fXHV	41.850533	-71.398247	41.850533	-71.398247	Med	2.0202385838541024	NA
2955	2012-12-27	163477	12:11:00	Pedestrian	1	NA	FALSE	FALSE	1	Allens Ave	Chapman St	2012-12-27	Two-Way , Not Divided	Wet	Daylight	Sleet, Hail (Freezing Rain or Drizzle)	Not a Collision Between Two Motor Vehicles in Transport	No	No Controls	3	1	Complains Of Pain	2	41.79323	-71.39739	FALSE	FALSE	Allens Ave and Chapman Street, Providence, RI, USA	FALSE	-71.3973889	41.7932522	intersection	geometric_center	allens ave & chapman st, providence, ri 02905, usa	NA	NA	NA	NA	41.7932522	-71.3973889	Med High	2.4729784117755487	NA
2956	2012-12-26	163371	20:16:00	Pedestrian	1	NA	FALSE	FALSE	1	SERVICE ROAD 8	BROAD ST	2012-12-26	One-Way Trafficway	Wet	Dark - Lighted	Snow	Not a Collision Between Two Motor Vehicles in Transport	No	Pavement Markings	3	1	Non-Incapacitating	NA	41.81802	-71.41641	FALSE	FALSE	Service Road 8 and Broad Street, Providence, RI, USA	FALSE	-71.41497679999999	41.819365	street_address	range_interpolated	8 broad st, providence, ri 02903, usa	NA	NA	NA	NA	41.819365	-71.41497679999999	Med High	191.19336286239343	Not yet determined
2957	2012-12-24	163219	13:10:00	Pedestrian	1	NA	FALSE	FALSE	1	PARK ST	HAYES ST	2012-12-24	One-Way Trafficway	Dry	Daylight	Clear	Other	Yes, M/V and Driver Left Scene	Other	1	0	No Injury	2	41.82896	-71.41748	FALSE	FALSE	Park Street and Hayes Street, Providence, RI, USA	FALSE	-71.4164217	41.8292527	route	geometric_center	hayes st, providence, ri, usa	Park Street & Hayes Street, Providence, RI, USA	Ei9QYXJrIFN0cmVldCAmIEhheWVzIFN0cmVldCwgUHJvdmlkZW5jZSwgUkksIFVTQSJmImQKFAoSCREPRhoQReSJETSwi2643ajREhQKEgkRD0YaEEXkiRE0sItuuN2o0RoUChIJUaVyIhBF5IkRNSXsEUHSLG4aFAoSCTU0Om0QReSJEb8l1u4ux6oUIgoNCqbuGBW7j27V	41.8293258	-71.41745329999999	41.8293258	-71.41745329999999	Med	40.780852386375145	NA
2958	2012-12-22	163094	15:02:00	Bicycle	NA	2	FALSE	FALSE	1	PINEHURST AVE	CHAD BROWN ST	2012-12-22	Two-Way , Not Divided	Dry	Daylight	Clear	Not a Collision Between Two Motor Vehicles in Transport	No	No Controls	3	2	Non-Incapacitating	NA	41.83953	-71.4322	FALSE	FALSE	Pinehurst Ave and Chad Brown Street, Providence, RI, USA	FALSE	-71.4321875	41.8395741	intersection	geometric_center	chad brown st & pinehurst ave, providence, ri 02908, usa	NA	NA	NA	NA	41.8395741	-71.4321875	Med High	5.017455227235649	NA
2959	2012-12-19	162757	11:53:00	Pedestrian	2	NA	FALSE	FALSE	1	WASHINGTON ST	GREENE ST	2012-12-19	Two-Way, Divided, Unprotected (painted>4feet) Medium	Dry	Daylight	Clear	Other	No	Traffic Control Signal	5	2	Complains Of Pain	NA	41.82125	-71.41721	FALSE	FALSE	Washington Street and Greene Street, Providence, RI, USA	FALSE	-71.4168727	41.8210088	route	geometric_center	greene st, providence, ri 02903, usa	Washington Street & Greene Street, Providence, RI, USA	EjZXYXNoaW5ndG9uIFN0cmVldCAmIEdyZWVuZSBTdHJlZXQsIFByb3ZpZGVuY2UsIFJJLCBVU0EiZiJkChQKEgm34he7EkXkiRGsc_jDIc_nwRIUChIJt-IXuxJF5IkRrHP4wyHP58EaFAoSCanazZwSReSJERoH0JajEjT2GhQKEgn9APC2EkXkiRFL2JV2CXi6tSIKDatr7RgVkphu1Q	41.8212779	-71.417227	41.8212779	-71.417227	Med	3.411012792522418	NA
2960	2012-12-17	162516	10:17:00	Bicycle	NA	1	FALSE	FALSE	1	WASHINGTON ST	EMPIRE ST	2012-12-17	Two-Way , Not Divided	Wet	Daylight	Rain	Not a Collision Between Two Motor Vehicles in Transport	No	Traffic Control Signal	2	1	Complains Of Pain	NA	41.82182	-71.41645	FALSE	FALSE	Washington Street and Empire Street, Providence, RI, USA	FALSE	-71.4157797	41.821349	route	geometric_center	empire st, providence, ri 02903, usa	Washington Street & Empire Street, Providence, RI, USA	EjZXYXNoaW5ndG9uIFN0cmVldCAmIEVtcGlyZSBTdHJlZXQsIFByb3ZpZGVuY2UsIFJJLCBVU0EiZiJkChQKEgmNpp3sEkXkiRHnvAEsqcaDvRIUChIJjaad7BJF5IkR57wBLKnGg70aFAoSCanazZwSReSJERoH0JajEjT2GhQKEgnHPO_pEkXkiRGhxI4iuiomFSIKDWmC7RgVI7hu1Q	41.82186009999999	-71.4164189	41.82186009999999	-71.4164189	Med	5.155853917904554	NA
2961	2012-12-15	162403	22:54:00	Pedestrian	1	NA	FALSE	FALSE	1	MEETING ST	BENEFIT ST	2012-12-16	Unknown	Dry	Dark - Not Lighted	Clear	Not a Collision Between Two Motor Vehicles in Transport	No	No Controls	3	1	Complains Of Pain	NA	41.82862	-71.40807	FALSE	FALSE	Meeting Street and Benefit Street, Providence, RI, USA	FALSE	-71.4082439	41.8286034	intersection	geometric_center	benefit st & meeting st, providence, ri 02903, usa	NA	NA	NA	NA	41.8286034	-71.4082439	Med High	14.542703660514077	NA
2962	2012-12-13	162139	00:44:00	Pedestrian	1	NA	FALSE	FALSE	1	PLAINFIELD ST	POCASSET AVE	2012-12-13	Two-Way , Not Divided	Dry	Dark - Lighted	Clear	Other	Yes, M/V and Driver Left Scene	Traffic Control Signal	1	1	Incapacitating	NA	41.81382	-71.44779	FALSE	FALSE	Plainfield Street and Pocasset Ave, Providence, RI, USA	FALSE	-71.44779419999999	41.8138447	intersection	geometric_center	pocasset ave & plainfield st, providence, ri 02909, usa	NA	NA	NA	NA	41.8138447	-71.44779419999999	Med High	2.7715846617181294	NA
2963	2012-12-12	162123	21:06:00	Bicycle	NA	1	FALSE	FALSE	1	MEMORIAL BLVD	COLLEGE ST	2012-12-12	Two-Way, Not Divided With a Continuous Left Turn Lane	Dry	Dark - Lighted	Clear	Head-On (Front - to - Front)	No	Traffic Control Signal	3	1	Complains Of Pain	4	41.8253	-71.40882	FALSE	FALSE	Memorial Blvd and College Street, Providence, RI, USA	FALSE	-71.4088081	41.8253077	intersection	geometric_center	memorial blvd & college st, providence, ri 02903, usa	NA	NA	NA	NA	41.8253077	-71.4088081	Med High	1.3073544342189873	NA
2964	2012-12-12	162054	17:46:00	Bicycle	NA	1	FALSE	FALSE	1	Waterman st	BUTLER AVE	2012-12-12	Two-Way , Not Divided	Dry	Dark - Lighted	Clear	Not a Collision Between Two Motor Vehicles in Transport	No	Traffic Control Signal	3	1	Complains Of Pain	2	41.82808	-71.3855	FALSE	FALSE	Waterman Street and Butler Ave, Providence, RI, USA	FALSE	-71.3855111	41.8280967	intersection	geometric_center	butler ave & waterman st, providence, ri 02906, usa	NA	NA	NA	NA	41.8280967	-71.3855111	Med High	2.074554567992968	NA
2965	2012-12-11	161968	17:28:00	Pedestrian	1	NA	FALSE	FALSE	1	Admiral Street	Gentian Avenue	2012-12-11	Two-Way , Not Divided	Dry	Dark - Lighted	Clear	Other	No	No Controls	2	1	Non-Incapacitating	NA	41.85401	-71.44666	FALSE	FALSE	Admiral Street and Gentian Avenue, Providence, RI, USA	FALSE	-71.4498575	41.8501912	route	geometric_center	gentian ave, providence, ri, usa	NA	NA	NA	NA	41.8501912	-71.4498575	Med	501.00976573925675	Not yet determined
2966	2012-12-10	161720	10:43:00	Bicycle	NA	1	FALSE	FALSE	1	PRAIRIE AVE	OXFORD ST	2012-12-10	Two-Way , Not Divided	Wet	Daylight	Rain	Angle (Front - to - Side) Right Angle (Includes Broadside)	No	Stop Signs	2	1	Complains Of Pain	NA	41.80164	-71.41315	FALSE	FALSE	Prairie Ave and Oxford Street, Providence, RI, USA	FALSE	-71.413116	41.8015958	intersection	geometric_center	oxford st & prairie ave, providence, ri 02905, usa	NA	NA	NA	NA	41.8015958	-71.413116	Med High	5.671874553307974	NA
2967	2012-12-10	161741	17:13:00	Pedestrian	2	NA	FALSE	FALSE	1	SMITH ST	WINSOR ST	2012-12-10	Two-Way, Divided, Unprotected (painted>4feet) Medium	Wet	Dark - Lighted	Rain	Not a Collision Between Two Motor Vehicles in Transport	No	No Controls	4	2	Complains Of Pain	NA	41.83298	-71.42	FALSE	FALSE	Smith Street and Winsor Street, Providence, RI, USA	FALSE	-71.4198687	41.8334092	route	geometric_center	winsor st, providence, ri 02908, usa	Smith Street & Winsor Street, Providence, RI, USA	EjFTbWl0aCBTdHJlZXQgJiBXaW5zb3IgU3RyZWV0LCBQcm92aWRlbmNlLCBSSSwgVVNBImYiZAoUChIJT09z4gRF5IkRKcDBlena_x8SFAoSCU9Pc-IEReSJESnAwZXp2v8fGhQKEgm1rnBMS0TkiREhtaMwuIyrhBoUChIJP87s5QRF5IkRZYTarRT0iUciCg1CNe8YFYsrbtU	41.8329922	-71.4200181	41.8329922	-71.4200181	Med	2.0244137944506337	NA
2968	2012-12-10	161746	18:18:00	Pedestrian	1	NA	FALSE	FALSE	1	CHALKSTONE AVENUE	ACADEMY AVENUE	2012-12-10	Two-Way , Not Divided	Wet	Dark - Lighted	Rain	Angle (Front - to - Side) Opposite Direction	No	Traffic Control Signal	3	1	Complains Of Pain	2	41.82632	-71.42219	FALSE	FALSE	Chalkstone Avenue and Academy Avenue, Providence, RI, USA	FALSE	-71.44452489999999	41.8324538	intersection	geometric_center	academy ave & chalkstone ave, providence, ri 02908, usa	NA	NA	NA	NA	41.8324538	-71.44452489999999	Med High	1974.4579461625008	Not yet determined
2969	2012-12-10	161908	19:41:00	Pedestrian	1	NA	FALSE	FALSE	1	CHALKSTONE AVENUE	FALLON AVENUE	2012-12-11	Two-Way , Not Divided	Wet	Dark - Lighted	Cloudy	Rear - to - Side	Yes, M/V and Driver Left Scene	No Controls	1	1	Complains Of Pain	2	41.82489	-71.41943	FALSE	FALSE	Chalkstone Avenue and Fallon Avenue, Providence, RI, USA	FALSE	-71.443344	41.832336	intersection	geometric_center	fallon ave & chalkstone ave, providence, ri 02908, usa	NA	NA	NA	NA	41.832336	-71.443344	Med High	2149.8562811486763	Not yet determined
2970	2012-12-09	161621	03:02:00	Pedestrian	1	NA	FALSE	FALSE	1	PINE ST	CHESTNUT ST	2012-12-09	One-Way Trafficway	Dry	Dark - Lighted	Clear	Not a Collision Between Two Motor Vehicles in Transport	Yes, M/V and Driver Left Scene	No Controls	2	1	Complains Of Pain	NA	41.81943	-71.41295	FALSE	FALSE	Pine Street and Chestnut Street, Providence, RI, USA	FALSE	-71.4108086	41.818517	route	geometric_center	chestnut st, providence, ri, usa	NA	NA	NA	NA	41.818517	-71.4108086	Med	204.67148716902904	Not yet determined
2971	2012-12-09	161632	18:15:00	Pedestrian	1	NA	FALSE	FALSE	1	280 Broad St.	NA	2012-12-09	Two-Way , Not Divided	Wet	Dark - Lighted	Rain	Not a Collision Between Two Motor Vehicles in Transport	No	No Controls	3	1	Incapacitating	NA	41.83072	-71.41787	TRUE	TRUE	280 Broad St., Providence, RI, USA	FALSE	-71.4202425	41.8149485	premise	rooftop	280 broad st, providence, ri 02907, usa	NA	NA	NA	NA	41.8149485	-71.4202425	High	1766.6725032865158	Not yet determined
2972	2012-12-09	161646	06:15:00	Pedestrian	1	NA	FALSE	FALSE	1	ATWELLS AVE	ATWELLS AVE	2012-12-09	One-Way Trafficway	Wet	Dark - Lighted	Clear	Not a Collision Between Two Motor Vehicles in Transport	Yes, M/V and Driver Left Scene	Traffic Control Signal	1	1	Complains Of Pain	NA	41.82307	-71.4195	FALSE	FALSE	Atwells Ave and Atwells Ave, Providence, RI, USA	FALSE	-71.4363598	41.8244829	route	geometric_center	atwells ave, providence, ri, usa	NA	NA	NA	NA	41.8244829	-71.4363598	Med	1407.4242845430808	Not yet determined
2973	2012-12-07	161475	18:25:00	Pedestrian	1	NA	FALSE	FALSE	1	CHATHAM ST	SILVER SPRING ST	2012-12-07	Two-Way , Not Divided	Wet	Dark - Lighted	Rain	Not a Collision Between Two Motor Vehicles in Transport	No	Traffic Control Signal	2	1	Complains Of Pain	2	41.84637	-71.41674	FALSE	FALSE	Chatham Street and Silver Spring Street, Providence, RI, USA	FALSE	-71.4167252	41.8463094	intersection	geometric_center	silver spring st & chatham st, providence, ri 02904, usa	NA	NA	NA	NA	41.8463094	-71.4167252	Med High	6.8566951058086225	NA
2974	2012-12-07	161484	20:16:00	Pedestrian	1	NA	FALSE	FALSE	1	GEORGE ST	BROWN ST	2012-12-07	Two-Way , Not Divided	Wet	Dark - Lighted	Rain	Unknown	No	Pavement Markings	2	1	Complains Of Pain	NA	41.82535	-71.40276	FALSE	FALSE	George Street and Brown Street, Providence, RI, USA	FALSE	-71.4034266	41.82934	route	geometric_center	brown st, providence, ri, usa	George Street & Brown Street, Providence, RI, USA	EjFHZW9yZ2UgU3RyZWV0ICYgQnJvd24gU3RyZWV0LCBQcm92aWRlbmNlLCBSSSwgVVNBImYiZAoUChIJPSHA-DxF5IkRr_LorNZUunsSFAoSCT0hwPg8ReSJEa_y6KzWVLp7GhQKEgnH6iRjO0XkiRGyZ442LkmUZRoUChIJjdFj6CJF5IkRfjtAGSc-nD0iCg0BC-4YFajPcNU	41.8253569	-71.4027096	41.8253569	-71.4027096	Med	4.250812246263413	NA
2975	2012-12-07	161514	20:42:00	Pedestrian	1	NA	FALSE	FALSE	1	CHALKSTONE AVE	CAMDEN AVE	2012-12-07	Two-Way , Not Divided	Wet	Dark - Lighted	Rain	Not a Collision Between Two Motor Vehicles in Transport	No	Traffic Control Signal	3	1	Non-Incapacitating	NA	41.83529	-71.42536	FALSE	FALSE	Chalkstone Ave and Camden Ave, Providence, RI, USA	FALSE	-71.4253488	41.835296	intersection	geometric_center	chalkstone ave & camden ave, providence, ri 02908, usa	NA	NA	NA	NA	41.835296	-71.4253488	Med High	1.14412686236667	NA
2976	2012-12-04	161035	17:17:00	Pedestrian	1	NA	FALSE	FALSE	1	W EXCHANGE ST	W EXCHANGE ST EXIT 22A	2012-12-04	Two-Way , Not Divided	Wet	Dark - Lighted	Cloudy	Not a Collision Between Two Motor Vehicles in Transport	No	No Controls	3	1	Complains Of Pain	NA	41.82485	-71.41611	FALSE	FALSE	W Exchange Street and W Exchange St Exit 22a, Providence, RI, USA	FALSE	-71.4202531	41.825222	route	geometric_center	w exchange st, providence, ri 02903, usa	NA	NA	NA	NA	41.825222	-71.4202531	Med	346.17079552071164	Not yet determined
2977	2012-11-30	160784	19:21:00	Bicycle	NA	1	FALSE	FALSE	1	ADELAIDE AVE	ELMWOOD AVE	2012-12-01	Two-Way , Not Divided	Dry	Dark - Lighted	Clear	Other	Yes, M/V and Driver Left Scene	Traffic Control Signal	1	1	Complains Of Pain	NA	41.79586	-71.4251	FALSE	FALSE	Adelaide Ave and Elmwood Ave, Providence, RI, USA	FALSE	-71.42499500000001	41.79588700000001	intersection	geometric_center	adelaide ave & elmwood ave, providence, ri 02907, usa	NA	NA	NA	NA	41.79588700000001	-71.42499500000001	Med High	9.21787330995054	NA
2978	2012-11-29	160300	09:37:00	Pedestrian	2	NA	FALSE	FALSE	1	206 ELMWOOD AVENUE	NA	2012-11-29	Two-Way , Not Divided	Dry	Daylight	Clear	Other	Yes, M/V and Driver Left Scene	No Controls	5	2	Complains Of Pain	NA	41.82597	-71.42112	TRUE	TRUE	206 Elmwood Avenue, Providence, RI, USA	FALSE	-71.42372449999999	41.8076933	premise	rooftop	206 elmwood ave, providence, ri 02907, usa	NA	NA	NA	NA	41.8076933	-71.42372449999999	High	2045.9951957602273	Not yet determined
2979	2012-11-28	160081	07:15:00	Pedestrian	1	NA	FALSE	FALSE	1	155 CRANSTON STREET	NA	2012-11-28	Two-Way , Not Divided	Ice/Frost	Daylight	Clear	Other	No	No Controls	3	1	Complains Of Pain	2	41.82672	-71.41981	TRUE	TRUE	155 Cranston Street, Providence, RI, USA	FALSE	-71.4256923	41.81527510000001	premise	rooftop	155 cranston st, providence, ri 02907, usa	NA	NA	NA	NA	41.81527510000001	-71.4256923	High	1364.2990615517158	Not yet determined
2980	2012-11-28	160201	11:39:00	Bicycle	NA	1	FALSE	FALSE	1	EDDY STREET	POINT STREET	2012-11-28	Two-Way , Not Divided	Dry	Daylight	Clear	Other	No	Traffic Control Signal	6	1	Complains Of Pain	4	41.82477	-71.41987	FALSE	FALSE	Eddy Street and Point Street, Providence, RI, USA	FALSE	-71.4064202	41.816823	intersection	geometric_center	point st & eddy st, providence, ri 02903, usa	NA	NA	NA	NA	41.816823	-71.4064202	Med High	1423.9338990061106	Not yet determined
2981	2012-11-27	250923	17:07:00	Pedestrian	1	NA	FALSE	FALSE	1	BROADWAY	TOBEY ST	2014-09-06	Two-Way , Not Divided	Wet	Dark - Lighted	Rain	Other	No	Traffic Control Signal	3	1	Complains Of Pain	NA	41.81848	-71.43503	FALSE	FALSE	Broadway and Tobey Street, Providence, RI, USA	FALSE	-71.4350823	41.8184808	route	geometric_center	tobey st, providence, ri 02909, usa	Broadway & Tobey Street, Providence, RI, USA	EixCcm9hZHdheSAmIFRvYmV5IFN0cmVldCwgUHJvdmlkZW5jZSwgUkksIFVTQSJmImQKFAoSCRfuNQOcReSJERM-cKucrPmwEhQKEgkX7jUDnEXkiRETPnCrnKz5sBoUChIJpbXlhnVF5IkRGsIzsdekb7MaFAoSCaeDYAScReSJEdnG3TCTK2fVIgoNaP7sGBUZ32vV	41.8184808	-71.43508229999999	41.8184808	-71.43508229999999	Med	4.339830207866017	NA
2982	2012-11-22	159346	02:11:00	Pedestrian	1	NA	FALSE	FALSE	1	S Main St	Tockwotton St	2012-11-22	One-Way Trafficway	Dry	Dark - Lighted	Clear	Not a Collision Between Two Motor Vehicles in Transport	Yes, M/V and Driver Left Scene	No Controls	1	1	Complains Of Pain	2	41.81756	-71.40069	FALSE	FALSE	S Main Street and Tockwotton Street, Providence, RI, USA	FALSE	-71.3990414	41.8174597	intersection	geometric_center	s main st & tockwotton st, providence, ri 02903, usa	NA	NA	NA	NA	41.8174597	-71.3990414	Med High	137.22832380358423	Not yet determined
2983	2012-11-22	159436	22:20:00	Pedestrian	1	NA	FALSE	FALSE	1	Charles St	Hawkins St	2012-11-22	Two-Way , Not Divided	Dry	Dark - Lighted	Clear	Not a Collision Between Two Motor Vehicles in Transport	No	No Controls	3	0	No Injury	NA	41.8514	-71.42016	FALSE	FALSE	Charles Street and Hawkins Street, Providence, RI, USA	FALSE	-71.4232923	41.8502749	route	geometric_center	hawkins st, providence, ri, usa	Charles Street & Hawkins Street, Providence, RI, USA	EjRDaGFybGVzIFN0cmVldCAmIEhhd2tpbnMgU3RyZWV0LCBQcm92aWRlbmNlLCBSSSwgVVNBImYiZAoUChIJp7zvRPBE5IkRsQR9FhcT41QSFAoSCae870TwROSJEbEEfRYXE-NUGhQKEgl1C85s8UTkiRHLZMsuNVX9MhoUChIJpfJlFfpE5IkRLMzGtaGm9F0iCg3YA_IYFXEmbtU	41.851388	-71.4201487	41.851388	-71.4201487	Med	1.6316866740717042	NA
2984	2012-11-21	159441	19:45:00	Pedestrian	1	NA	FALSE	FALSE	1	EDDY ST	BLACKSTONE ST	2012-11-23	Two-Way , Not Divided	Dry	Dark - Lighted	Clear	Not a Collision Between Two Motor Vehicles in Transport	No	Pavement Markings	3	1	Complains Of Pain	NA	41.81014	-71.40722	FALSE	FALSE	Eddy Street and Blackstone Street, Providence, RI, USA	FALSE	-71.4072137	41.8101324	intersection	geometric_center	eddy st & blackstone st, providence, ri 02905, usa	NA	NA	NA	NA	41.8101324	-71.4072137	Med High	0.9944894971134446	NA