row_number	crash_date	crash_report_id	crash_time	collision_type	count_pedestrian	count_bicycle	scooter	wheel_chair	number_of_vehicles	street_or_highway	nearest_intersection	report_date	type_of_roadway	road_surface_condition	light_condition	weather_condition	manner_of_impact	hit_and_run	traffic_control	person_count	injury_count	most_serious_injury	number_of_lanes	lat_raw	lon_raw	has_st_number	is_intersection_null	address_sent_to_geocoder	is_address_blank	lon_api_first_try	lat_api_first_try	type	loctype	address_returned_by_geocoder	address_returned_by_autocomplete	place_ids_autocompleted	lat_api_second_try	lon_api_second_try	lat_api_best	lon_api_best	api_coord_conf	distance_btwn_coords_meters	best_coordinate_set
2985	2012-11-20	158944	17:17:00	Pedestrian	1	NA	FALSE	FALSE	1	POWER ST	GANO ST	2012-11-20	Two-Way , Not Divided	Dry	Dark - Lighted	Clear	Angle - Direction Not Specified	No	Flashing Traffic Control Signal	3	1	Complains Of Pain	NA	41.82386	-71.3901	FALSE	FALSE	Power Street and Gano Street, Providence, RI, USA	FALSE	-71.39009829999999	41.8238695	intersection	geometric_center	gano st & power st, providence, ri 02906, usa	NA	NA	NA	NA	41.8238695	-71.39009829999999	Med High	1.0668965714053098	NA
2986	2012-11-19	158630	00:59:00	Pedestrian	1	NA	FALSE	FALSE	1	319 Pocasset Avenue	NA	2012-11-19	Unknown	Dry	Dark - Lighted	Clear	Not a Collision Between Two Motor Vehicles in Transport	Yes, M/V and Driver Left Scene	No Controls	1	1	Incapacitating	NA	41.80628	-71.45721	TRUE	TRUE	319 Pocasset Avenue, Providence, RI, USA	FALSE	-71.4578113	41.8060458	premise	rooftop	319 pocasset ave, providence, ri 02909, usa	NA	NA	NA	NA	41.8060458	-71.4578113	High	56.295454524561606	NA
2987	2012-11-18	159020	02:35:00	Pedestrian	1	NA	FALSE	FALSE	1	Lenox Ave	Broad St	2012-11-20	Two-Way , Not Divided	Dry	Dark - Lighted	Clear	Not a Collision Between Two Motor Vehicles in Transport	Yes, M/V and Driver Left Scene	Pavement Markings	1	1	Complains Of Pain	NA	41.79829	-71.41477	FALSE	FALSE	Lenox Ave and Broad Street, Providence, RI, USA	FALSE	-71.4148014	41.7983177	intersection	geometric_center	lenox ave & broad st, providence, ri 02905, usa	NA	NA	NA	NA	41.7983177	-71.4148014	Med High	4.0371559389712015	NA
2988	2012-11-17	158424	02:17:00	Pedestrian	1	NA	FALSE	FALSE	1	N MAIN ST	STEEPLE ST	2012-11-17	Unknown	Dry	Dark - Not Lighted	Clear	Not a Collision Between Two Motor Vehicles in Transport	No	No Controls	3	1	Non-Incapacitating	NA	41.82753	-71.40909	FALSE	FALSE	N Main Street and Steeple Street, Providence, RI, USA	FALSE	-71.409299	41.8273889	route	geometric_center	steeple st, providence, ri 02903, usa	North Main Street & Steeple Street, Providence, RI, USA	EjdOb3J0aCBNYWluIFN0cmVldCAmIFN0ZWVwbGUgU3RyZWV0LCBQcm92aWRlbmNlLCBSSSwgVVNBImYiZAoUChIJUS88oBdF5IkRhG9IWd2q99wSFAoSCVEvPKAXReSJEYRvSFndqvfcGhQKEgn5-kE93kTkiRFf162-DVwjPxoUChIJZ9LkCxdF5IkRUKQiBhkBnmUiCg2wXe4YFQzYb9U	41.8274736	-71.4090484	41.8274736	-71.4090484	Med	7.164225535301541	NA
2989	2012-11-13	157706	08:31:00	Pedestrian	1	NA	FALSE	FALSE	1	963 CHALKSTONE AVENUE	HAROLD STREET	2012-11-13	Two-Way , Not Divided	Wet	Daylight	Rain	Other	No	No Controls	4	1	Complains Of Pain	2	41.82671	-71.41997	TRUE	FALSE	963 Chalkstone Avenue, Providence, RI, USA	FALSE	-71.4393661	41.8326767	street_address	rooftop	963 chalkstone ave, providence, ri 02908, usa	NA	NA	NA	NA	41.8326767	-71.4393661	High	1740.5751286101406	Not yet determined
2990	2012-11-13	157737	16:34:00	Pedestrian	1	NA	FALSE	FALSE	1	ROUTE 6 OFF RAMP	HARTFORD AVE	2012-11-13	One-Way Trafficway	Wet	Dark - Lighted	Rain	Head-On (Front - to - Front)	No	Yield Signs	3	1	Complains Of Pain	1	41.81724	-71.44962	FALSE	FALSE	Route 6 Off Ramp and Hartford Ave, Providence, RI, USA	FALSE	-71.4587339	41.8185901	route	geometric_center	hartford ave, providence, ri, usa	NA	NA	NA	NA	41.8185901	-71.4587339	Med	770.9067813693805	Not yet determined
2991	2012-11-11	157510	18:53:00	Pedestrian	1	NA	FALSE	FALSE	1	DOUGLAS AVE	DOUGLAS AVE	2012-11-11	Two-Way, Divided, Unprotected (painted>4feet) Medium	Dry	Dark - Lighted	Clear	Not a Collision Between Two Motor Vehicles in Transport	No	No Controls	4	1	Complains Of Pain	NA	41.836	-71.41949	FALSE	FALSE	Douglas Ave and Douglas Ave, Providence, RI, USA	FALSE	-71.4649957	41.8715442	intersection	geometric_center	douglas turnpike & douglas ave, north providence, ri 02904, usa	NA	NA	NA	NA	41.8715442	-71.4649957	Med High	5467.425993711149	Not yet determined
2992	2012-11-10	157455	18:55:00	Pedestrian	1	NA	FALSE	FALSE	1	EXCHANGE TER	SABIN ST	2012-11-10	One-Way Trafficway	Dry	Dark - Lighted	Clear	Angle - Direction Not Specified	Yes, M/V and Driver Left Scene	No Controls	1	1	Complains Of Pain	2	41.82493	-71.41507	FALSE	FALSE	Exchange Ter and Sabin Street, Providence, RI, USA	FALSE	-71.4163184	41.8239955	route	geometric_center	sabin st, providence, ri, usa	NA	NA	NA	NA	41.8239955	-71.4163184	Med	146.78742472467684	Not yet determined
2993	2012-11-09	157338	19:08:00	Pedestrian	1	NA	FALSE	FALSE	1	HUXLEY AVE	EATON ST	2012-11-09	Two-Way , Not Divided	Dry	Dark - Lighted	Clear	Not a Collision Between Two Motor Vehicles in Transport	No	No Controls	2	1	Non-Incapacitating	NA	41.84375	-71.43317	FALSE	FALSE	Huxley Ave and Eaton Street, Providence, RI, USA	FALSE	-71.43359099999999	41.8415128	intersection	geometric_center	eaton st & huxley ave, providence, ri 02908, usa	NA	NA	NA	NA	41.8415128	-71.43359099999999	Med High	251.47937063179958	Not yet determined
2994	2012-11-09	157358	17:54:00	Pedestrian	1	NA	FALSE	FALSE	1	EDNA ST	PLAINFIELD ST	2012-11-09	One-Way Trafficway	Dry	Dark - Lighted	Clear	Head-On (Front - to - Front)	Yes, M/V and Driver Left Scene	Traffic Control Signal	2	1	Complains Of Pain	NA	41.81593	-71.44514	FALSE	FALSE	Edna Street and Plainfield Street, Providence, RI, USA	FALSE	-71.4455457	41.8156785	intersection	geometric_center	plainfield st & edna st, providence, ri 02909, usa	NA	NA	NA	NA	41.8156785	-71.4455457	Med High	43.78081797028258	NA
2995	2012-11-08	156981	00:38:00	Pedestrian	1	NA	FALSE	FALSE	1	Waterman St.	Brown St.	2012-11-08	One-Way Trafficway	Slush	Dark - Lighted	Snow	Not a Collision Between Two Motor Vehicles in Transport	Yes, M/V and Driver Left Scene	Stop Signs	3	1	Complains Of Pain	1	41.82705	-71.40304	FALSE	FALSE	Waterman St. and Brown St., Providence, RI, USA	FALSE	-71.4030136	41.8270531	intersection	geometric_center	brown st & waterman st, providence, ri 02912, usa	NA	NA	NA	NA	41.8270531	-71.4030136	Med High	2.2169288909598475	NA
2996	2012-11-08	157106	16:10:00	Pedestrian	1	NA	FALSE	FALSE	1	PLAINFIELD ST	WEBSTER AVE	2012-11-08	Two-Way, Divided, Positive Median Barrier	Wet	Dark - Lighted	Cloudy	Head-On (Front - to - Front)	Yes, M/V and Driver Left Scene	Traffic Control Signal	1	1	Complains Of Pain	NA	41.81366	-71.45079	FALSE	FALSE	Plainfield Street and Webster Ave, Providence, RI, USA	FALSE	-71.4507916	41.813667	intersection	geometric_center	webster ave & plainfield st, providence, ri 02909, usa	NA	NA	NA	NA	41.813667	-71.4507916	Med High	0.7904630285084774	NA
2997	2012-11-07	156961	18:35:00	Pedestrian	1	NA	FALSE	FALSE	1	WEYBOSSET ST	PAGE ST	2012-11-07	Two-Way , Not Divided	Wet	Daylight	Snow	Not a Collision Between Two Motor Vehicles in Transport	Yes, M/V and Driver Left Scene	No Controls	1	1	Complains Of Pain	2	41.82147	-71.41247	FALSE	FALSE	Weybosset Street and Page Street, Providence, RI, USA	FALSE	-71.41237199999999	41.8215954	intersection	geometric_center	weybosset st & page st, providence, ri 02903, usa	NA	NA	NA	NA	41.8215954	-71.41237199999999	Med High	16.154313389187244	NA
2998	2012-11-06	156729	20:26:00	Pedestrian	1	NA	FALSE	FALSE	1	BROADWAY	TOBEY ST	2012-11-06	Two-Way, Divided, Unprotected (painted>4feet) Medium	Dry	Dark - Lighted	Clear	Not a Collision Between Two Motor Vehicles in Transport	No	Traffic Control Signal	3	1	Complains Of Pain	NA	41.81848	-71.43503	FALSE	FALSE	Broadway and Tobey Street, Providence, RI, USA	FALSE	-71.4350823	41.8184808	route	geometric_center	tobey st, providence, ri 02909, usa	Broadway & Tobey Street, Providence, RI, USA	EixCcm9hZHdheSAmIFRvYmV5IFN0cmVldCwgUHJvdmlkZW5jZSwgUkksIFVTQSJmImQKFAoSCRfuNQOcReSJERM-cKucrPmwEhQKEgkX7jUDnEXkiRETPnCrnKz5sBoUChIJpbXlhnVF5IkRGsIzsdekb7MaFAoSCaeDYAScReSJEdnG3TCTK2fVIgoNaP7sGBUZ32vV	41.8184808	-71.43508229999999	41.8184808	-71.43508229999999	Med	4.339830207866017	NA
2999	2012-11-05	156507	16:03:00	Pedestrian	1	NA	FALSE	FALSE	1	MANTON AVE	ORTOLEVA DR	2012-11-05	Two-Way, Not Divided With a Continuous Left Turn Lane	Dry	Daylight	Clear	Head-On (Front - to - Front)	No	No Controls	4	1	Complains Of Pain	3	41.82589	-71.45777	FALSE	FALSE	Manton Ave and Ortoleva Dr, Providence, RI, USA	FALSE	-71.457764	41.825893	intersection	geometric_center	ortoleva dr & manton ave, providence, ri 02909, usa	NA	NA	NA	NA	41.825893	-71.457764	Med High	0.5993732621272978	NA
3000	2012-11-05	156518	18:02:00	Pedestrian	1	NA	FALSE	FALSE	1	HARTFORD AVE	PONAGANSETT AVE	2012-11-05	Two-Way , Not Divided	Dry	Dark - Not Lighted	Clear	Head-On (Front - to - Front)	No	Stop Signs	5	1	Complains Of Pain	2	41.81858	-71.45874	FALSE	FALSE	Hartford Ave and Ponagansett Ave, Providence, RI, USA	FALSE	-71.4587339	41.8185901	intersection	geometric_center	ponagansett ave & hartford ave, providence, ri 02909, usa	NA	NA	NA	NA	41.8185901	-71.4587339	Med High	1.2329702006129193	NA
3001	2012-11-03	156212	16:53:00	Pedestrian	1	NA	FALSE	FALSE	1	DEAN ST	W EXCHANGE ST	2012-11-03	Two-Way, Divided, Positive Median Barrier	Dry	Daylight	Clear	Not a Collision Between Two Motor Vehicles in Transport	No	Traffic Control Signal	2	1	Complains Of Pain	2	41.82542	-71.42583	FALSE	FALSE	Dean Street and W Exchange Street, Providence, RI, USA	FALSE	-71.4202531	41.825222	route	geometric_center	w exchange st, providence, ri 02903, usa	Dean Street & West Exchange Street, Providence, RI, USA	EjdEZWFuIFN0cmVldCAmIFdlc3QgRXhjaGFuZ2UgU3RyZWV0LCBQcm92aWRlbmNlLCBSSSwgVVNBImYiZAoUChIJtQnOuAtF5IkRkzwfpUoL0JcSFAoSCbUJzrgLReSJEZM8H6VKC9CXGhQKEglbBmx-DEXkiRHItJ_foOdA5BoUChIJZcnnxA1F5IkRv8kI-Xim7hoiCg3QDe4YFYlIbdU	41.8254288	-71.42582949999999	41.8254288	-71.42582949999999	Med	0.9804891791390988	NA
3002	2012-11-01	155781	10:00:00	Pedestrian	1	NA	FALSE	FALSE	1	386 SMITH STREET	NA	2012-11-01	Two-Way , Not Divided	Dry	Daylight	Clear	Other	No	No Controls	2	1	Complains Of Pain	2	41.82671	-71.41997	TRUE	TRUE	386 Smith Street, Providence, RI, USA	FALSE	-71.4243396	41.8345293	premise	rooftop	386 smith st, providence, ri 02908, usa	NA	NA	NA	NA	41.8345293	-71.4243396	High	942.8844616151042	Not yet determined
3003	2012-11-01	155783	11:56:00	Pedestrian	1	NA	FALSE	FALSE	1	MANTON AVE	DELAINE ST	2012-11-01	Two-Way , Not Divided	Dry	Daylight	Clear	Sideswipe, Same Direction	Yes, M/V and Driver Left Scene	Traffic Control Signal	1	0	No Injury	NA	41.81795	-71.44465	FALSE	FALSE	Manton Ave and Delaine Street, Providence, RI, USA	FALSE	-71.4446349	41.8179569	intersection	geometric_center	delaine st & manton ave, providence, ri 02909, usa	NA	NA	NA	NA	41.8179569	-71.4446349	Med High	1.4694679286698689	NA
3004	2012-11-01	155834	15:03:00	Bicycle	NA	1	FALSE	FALSE	1	673 BROADWAY	NA	2012-11-01	Two-Way, Divided, Positive Median Barrier	Dry	Daylight	Clear	Head-On (Front - to - Front)	No	No Controls	4	0	No Injury	3	41.81671	-71.44139	TRUE	TRUE	673 Broadway, Providence, RI, USA	FALSE	-71.441498	41.817011	street_address	rooftop	673 broadway, providence, ri 02909, usa	NA	NA	NA	NA	41.817011	-71.441498	High	34.68449451383407	NA
3005	2012-11-01	156275	08:03:00	Pedestrian	1	NA	FALSE	FALSE	1	THURBERS AVE	OCEAN ST	2012-11-04	Two-Way , Not Divided	Dry	Daylight	Clear	Not a Collision Between Two Motor Vehicles in Transport	No	No Controls	3	0	No Injury	2	41.79936	-71.408690000000007	FALSE	FALSE	Thurbers Ave and Ocean Street, Providence, RI, USA	FALSE	-71.4089834	41.7993122	intersection	geometric_center	thurbers ave & ocean st, providence, ri 02905, usa	NA	NA	NA	NA	41.7993122	-71.4089834	Med High	24.922997708854524	NA
3006	2012-10-30	155499	18:06:00	Pedestrian	1	NA	FALSE	FALSE	1	MOUNT PLEASANT AVENUE	CHALKSTONE AVENUE	2012-10-30	Two-Way , Not Divided	Wet	Dark - Lighted	Rain	Angle (Front - to - Side) Right Angle (Includes Broadside)	No	No Controls	3	1	Complains Of Pain	2	41.81322	-71.44015	FALSE	FALSE	Mount Pleasant Avenue and Chalkstone Avenue, Providence, RI, USA	FALSE	-71.4497544	41.83271	intersection	geometric_center	mt pleasant ave & chalkstone ave, providence, ri 02908, usa	NA	NA	NA	NA	41.83271	-71.4497544	Med High	2311.285391504933	Not yet determined
3007	2012-10-27	154875	00:46:00	Pedestrian	1	NA	FALSE	FALSE	1	431 ATWELLS AVENUE	DALE ST	2012-10-27	Two-Way, Divided, Unprotected (painted>4feet) Medium	Dry	Dark - Lighted	Clear	Not a Collision Between Two Motor Vehicles in Transport	Yes, M/V and Driver Left Scene	No Controls	1	1	Complains Of Pain	2	41.82394	-71.43176	TRUE	FALSE	431 Atwells Avenue, Providence, RI, USA	FALSE	-71.43174189999999	41.8241332	street_address	rooftop	431 atwells ave, providence, ri 02909, usa	NA	NA	NA	NA	41.8241332	-71.43174189999999	High	21.559274141654555	NA
3008	2012-10-27	155083	19:31:00	Pedestrian	1	NA	FALSE	FALSE	1	EMPIRE STREET	WASHINGTON ST	2012-10-27	Two-Way , Not Divided	Dry	Dark - Lighted	Clear	Other	No	No Controls	3	1	Complains Of Pain	2	41.8217	-71.41629	FALSE	FALSE	Empire Street and Washington Street, Providence, RI, USA	FALSE	-71.4164189	41.82186009999999	intersection	geometric_center	empire st & washington st, providence, ri 02903, usa	NA	NA	NA	NA	41.82186009999999	-71.4164189	Med High	20.784090635048774	NA
3009	2012-10-26	154691	00:51:00	Pedestrian	1	NA	FALSE	FALSE	1	ADMIRAL ST	DOUGLAS AVE	2012-10-26	Two-Way, Divided, Unprotected (painted>4feet) Medium	Dry	Dark - Lighted	Clear	Sideswipe, Same Direction	Yes, M/V and Driver Left Scene	Traffic Control Signal	3	1	Complains Of Pain	NA	41.84605	-71.429	FALSE	FALSE	Admiral Street and Douglas Ave, Providence, RI, USA	FALSE	-71.4289636	41.8460618	intersection	geometric_center	admiral st & douglas ave, providence, ri 02908, usa	NA	NA	NA	NA	41.8460618	-71.4289636	Med High	3.291947995690432	NA
3010	2012-10-24	154365	13:13:00	Bicycle	NA	1	FALSE	FALSE	1	WEYBOSSET ST	ORANGE ST	2012-10-24	One-Way Trafficway	Dry	Daylight	Clear	Other	No	No Controls	2	1	Complains Of Pain	NA	41.82334	-71.41058	FALSE	FALSE	Weybosset Street and Orange Street, Providence, RI, USA	FALSE	-71.410541	41.8233753	intersection	geometric_center	weybosset st & orange st, providence, ri 02903, usa	NA	NA	NA	NA	41.8233753	-71.410541	Med High	5.090047528908157	NA
3011	2012-10-23	154245	17:50:00	Pedestrian	1	NA	FALSE	FALSE	1	NARRAGANSETT BLVD	MASSACHUSETTS AVE	2012-10-23	Two-Way, Divided, Unprotected (painted>4feet) Medium	Dry	Daylight	Clear	Not a Collision Between Two Motor Vehicles in Transport	No	No Controls	3	1	Complains Of Pain	NA	41.78738	-71.39545	FALSE	FALSE	Narragansett Blvd and Massachusetts Ave, Providence, RI, USA	FALSE	-71.3955134	41.78757040000001	intersection	geometric_center	massachusetts ave & narragansett blvd, providence, ri 02905, usa	NA	NA	NA	NA	41.78757040000001	-71.3955134	Med High	21.838728295268982	NA
3012	2012-10-23	154371	12:42:00	Pedestrian	1	NA	FALSE	FALSE	1	WEYBOSSETT STREET	UNION STREET	2012-10-23	Two-Way , Not Divided	Dry	Daylight	Clear	Head-On (Front - to - Front)	No	No Controls	3	1	Complains Of Pain	2	41.82555	-71.41804	FALSE	FALSE	Weybossett Street and Union Street, Providence, RI, USA	FALSE	-71.4118986	41.8221261	intersection	geometric_center	weybosset st & union st, providence, ri 02903, usa	NA	NA	NA	NA	41.8221261	-71.4118986	Med High	636.2570493572691	Not yet determined
3013	2012-10-22	153985	18:53:00	Pedestrian	1	NA	FALSE	FALSE	1	Sabin St	Exchange Ter	2012-10-22	One-Way Trafficway	Dry	Dark - Lighted	Clear	Head-On (Front - to - Front)	No	No Controls	3	1	Complains Of Pain	NA	41.82473	-71.41545	FALSE	FALSE	Sabin Street and Exchange Ter, Providence, RI, USA	FALSE	-71.4127397	41.825713	route	geometric_center	exchange terrace, providence, ri 02903, usa	Sabin Street & West Exchange Street, Providence, RI, USA	EjhTYWJpbiBTdHJlZXQgJiBXZXN0IEV4Y2hhbmdlIFN0cmVldCwgUHJvdmlkZW5jZSwgUkksIFVTQSJmImQKFAoSCWFwUCoSReSJEV3fD8gHsadHEhQKEglhcFAqEkXkiRFd3w_IB7GnRxoUChIJvZdiPxJF5IkRTCSeUT_omAcaFAoSCWXJ58QNReSJEb_JCPl4pu4aIgoNxfftGBVU5G7V	41.8248645	-71.4152876	41.8248645	-71.4152876	Med	20.14105045816003	NA
3014	2012-10-20	153670	16:24:00	Bicycle	NA	1	FALSE	FALSE	1	WESTMINSTER STREET	SERVICE ROAD 8	2012-10-20	Two-Way , Not Divided	Dry	Daylight	Clear	Angle (Front - to - Side) Opposite Direction	Yes, M/V and Driver Left Scene	Stop Signs	1	1	Complains Of Pain	NA	41.81921	-71.41786	FALSE	FALSE	Westminster Street and Service Road 8, Providence, RI, USA	FALSE	-71.44060990000001	41.816332	intersection	geometric_center	service rd & westminster st, providence, ri 02909, usa	NA	NA	NA	NA	41.816332	-71.44060990000001	Med High	1914.397959838418	Not yet determined
3015	2012-10-19	153452	13:37:00	Pedestrian	1	NA	FALSE	FALSE	1	RANDELL ST.	NORTH MAIN ST.	2012-10-19	One-Way Trafficway	Wet	Daylight	Cloudy	Not a Collision Between Two Motor Vehicles in Transport	No	Yield Signs	3	1	Complains Of Pain	NA	41.83688	-71.4147	FALSE	FALSE	Randell St. and North Main St., Providence, RI, USA	FALSE	-71.4128343	41.8239891	locality	approximate	providence, ri, usa	NA	NA	NA	NA	41.8239891	-71.4128343	Med	1443.3287235047128	Not yet determined
3016	2012-10-19	153488	18:14:00	Pedestrian	1	NA	FALSE	FALSE	1	MOUNT PLEASANT AVE	MANOMET ST	2012-10-19	Two-Way , Not Divided	Wet	Dark - Lighted	Rain	Not a Collision Between Two Motor Vehicles in Transport	No	No Controls	4	1	Incapacitating	2	41.83438	-71.45015	FALSE	FALSE	Mount Pleasant Ave and Manomet Street, Providence, RI, USA	FALSE	-71.45011319999999	41.8341822	intersection	geometric_center	mt pleasant ave & manomet st, providence, ri 02908, usa	NA	NA	NA	NA	41.8341822	-71.45011319999999	Med High	22.229538648011093	NA
3017	2012-10-18	153133	02:12:00	Pedestrian	1	NA	FALSE	FALSE	1	Branch Ave	Touro St	2012-10-18	Two-Way , Not Divided	Dry	Dark - Lighted	Clear	Head-On (Front - to - Front)	Yes, M/V and Driver Left Scene	No Controls	4	1	Incapacitating	NA	41.84995	-71.41927	FALSE	FALSE	Branch Ave and Touro Street, Providence, RI, USA	FALSE	-71.4190307	41.8498648	intersection	geometric_center	touro st & branch ave, providence, ri 02904, usa	NA	NA	NA	NA	41.8498648	-71.4190307	Med High	21.993226079213144	NA
3018	2012-10-18	153279	15:18:00	Bicycle	NA	1	FALSE	FALSE	1	PUBLIC ST	BROAD ST	2012-10-18	Two-Way , Not Divided	Dry	Daylight	Clear	Not a Collision Between Two Motor Vehicles in Transport	No	Traffic Control Signal	2	1	Complains Of Pain	2	41.80442	-71.41935	FALSE	FALSE	Public Street and Broad Street, Providence, RI, USA	FALSE	-71.41935959999999	41.804449	intersection	geometric_center	public st & broad st, providence, ri 02907, usa	NA	NA	NA	NA	41.804449	-71.41935959999999	Med High	3.325099214272177	NA
3019	2012-10-16	152796	15:00:00	Pedestrian	1	NA	FALSE	FALSE	1	Broad Street	FRICKER ST	2012-10-16	Two-Way, Divided, Unprotected (painted>4feet) Medium	Dry	Daylight	Clear	Not a Collision Between Two Motor Vehicles in Transport	No	No Controls	3	0	No Injury	2	41.81523	-71.42069	FALSE	FALSE	Broad Street and Fricker Street, Providence, RI, USA	FALSE	-71.42173	41.8165575	route	geometric_center	fricker st, providence, ri, usa	Broad Street & Fricker Street, Providence, RI, USA	EjJCcm9hZCBTdHJlZXQgJiBGcmlja2VyIFN0cmVldCwgUHJvdmlkZW5jZSwgUkksIFVTQSJmImQKFAoSCcsO7ptxReSJEe1RgLr0NWTvEhQKEgnLDu6bcUXkiRHtUYC69DVk7xoUChIJg9591YxP5IkRLKLKk5hLCKMaFAoSCaG8FtZzReSJESAHFPqNHvDOIgoNcoXsGBU0FG7V	41.8153842	-71.42061559999999	41.8153842	-71.42061559999999	Med	18.24157978654433	NA
3020	2012-10-16	153461	16:10:00	Pedestrian	1	NA	FALSE	FALSE	1	PLAINFIELD ST	PLAINFIELD ST	2012-10-16	Two-Way, Divided, Positive Median Barrier	Dry	Daylight	Clear	Head-On (Front - to - Front)	No	No Controls	2	1	Complains Of Pain	NA	41.81304	-71.45674	FALSE	FALSE	Plainfield Street and Plainfield Street, Providence, RI, USA	FALSE	-71.4643452	41.8067161	route	geometric_center	plainfield st, rhode island, usa	NA	NA	NA	NA	41.8067161	-71.4643452	Med	945.3965581375098	Not yet determined
3021	2012-10-15	152551	18:17:00	Pedestrian	1	NA	FALSE	FALSE	1	SMITHFIELD AVE	EXIT	2012-10-15	One-Way Trafficway	Dry	Dark - Lighted	Clear	Sideswipe, Same Direction	Yes, M/V and Driver Left Scene	No Controls	1	1	Complains Of Pain	NA	41.85571	-71.40708	FALSE	FALSE	Smithfield Ave and Exit, Providence, RI, USA	FALSE	-71.414734	41.8756939	route	geometric_center	smithfield ave, rhode island, usa	NA	NA	NA	NA	41.8756939	-71.414734	Med	2313.321013289391	Not yet determined
3022	2012-10-14	152376	02:16:00	Pedestrian	2	NA	FALSE	FALSE	1	EXIT 22A (RT )	FRANCIS ST	2012-10-14	Two-Way, Divided, Positive Median Barrier	Dry	Dark - Lighted	Clear	Not a Collision Between Two Motor Vehicles in Transport	No	Traffic Control Signal	5	2	Incapacitating	NA	41.82577	-71.41527	FALSE	FALSE	Exit 22a (Rt ) and Francis Street, Providence, RI, USA	FALSE	-71.4153409	41.8284747	route	geometric_center	francis st, providence, ri, usa	NA	NA	NA	NA	41.8284747	-71.4153409	Med	301.1432612289948	Not yet determined
3023	2012-10-14	152430	13:57:00	Pedestrian	1	NA	FALSE	FALSE	1	WICKENDEN ST	THOMPSON ST	2012-10-14	Two-Way , Not Divided	Dry	Daylight	Clear	Not a Collision Between Two Motor Vehicles in Transport	No	No Controls	2	0	No Injury	NA	41.81955	-71.39699	FALSE	FALSE	Wickenden Street and Thompson Street, Providence, RI, USA	FALSE	-71.3969264	41.8195494	intersection	geometric_center	wickenden st & thompson st, providence, ri 02903, usa	NA	NA	NA	NA	41.8195494	-71.3969264	Med High	5.27672242768522	NA
3024	2012-10-14	153097	13:31:00	Pedestrian	1	NA	FALSE	FALSE	1	POTTERS AVE	GRAND ST	2012-10-17	Two-Way , Not Divided	Dry	Daylight	Clear	Not a Collision Between Two Motor Vehicles in Transport	No	No Controls	3	1	Complains Of Pain	NA	41.80302	-71.43209	FALSE	FALSE	Potters Ave and Grand Street, Providence, RI, USA	FALSE	-71.4319158	41.8029682	intersection	geometric_center	potters ave & grand st, providence, ri 02907, usa	NA	NA	NA	NA	41.8029682	-71.4319158	Med High	15.563158413961599	NA
3025	2012-10-12	152114	16:47:00	Bicycle	NA	1	FALSE	FALSE	1	OXFORD ST	EDDY ST	2012-10-12	Two-Way , Not Divided	Dry	Daylight	Clear	Angle (Front - to - Side) Right Angle (Includes Broadside)	No	No Controls	2	1	Complains Of Pain	NA	41.8031	-71.40669	FALSE	FALSE	Oxford Street and Eddy Street, Providence, RI, USA	FALSE	-71.4066724	41.8031182	intersection	geometric_center	oxford st & eddy st, providence, ri 02905, usa	NA	NA	NA	NA	41.8031182	-71.4066724	Med High	2.4975479892664363	NA
3026	2012-10-11	151754	07:45:00	Bicycle	NA	1	FALSE	FALSE	1	289 ELMWOOD AVENUE	MOORE STREET	2012-10-11	Two-Way , Not Divided	Dry	Daylight	Clear	Other	No	No Controls	4	1	Complains Of Pain	4	41.82955	-71.41802	TRUE	FALSE	289 Elmwood Avenue, Providence, RI, USA	FALSE	-71.4259989	41.8049087	street_address	range_interpolated	289 elmwood ave, providence, ri 02907, usa	NA	NA	NA	NA	41.8049087	-71.4259989	High	2821.7992910921957	Not yet determined
3027	2012-10-11	151856	18:41:00	Pedestrian	1	NA	FALSE	FALSE	1	PRAIRIE AVE	DUDLEY ST	2012-10-11	Two-Way , Not Divided	Dry	Dark - Lighted	Clear	Not a Collision Between Two Motor Vehicles in Transport	No	No Controls	2	1	Complains Of Pain	NA	41.81032	-71.4156	FALSE	FALSE	Prairie Ave and Dudley Street, Providence, RI, USA	FALSE	-71.41567739999999	41.809957	intersection	geometric_center	dudley st & prairie ave, providence, ri 02907, usa	NA	NA	NA	NA	41.809957	-71.41567739999999	Med High	40.91611725837254	NA
3028	2012-10-11	153815	18:45:00	Bicycle	NA	1	FALSE	FALSE	1	CHARLES ST	LEDGE ST	2012-10-21	Two-Way, Divided, Unprotected (painted>4feet) Medium	Dry	Dark - Lighted	Clear	Other	No	No Controls	3	0	No Injury	NA	41.85311	-71.42042	FALSE	FALSE	Charles Street and Ledge Street, Providence, RI, USA	FALSE	-71.4164713	41.8538765	route	geometric_center	ledge st, providence, ri 02904, usa	Charles Street & Ledge Street, Providence, RI, USA	EjJDaGFybGVzIFN0cmVldCAmIExlZGdlIFN0cmVldCwgUHJvdmlkZW5jZSwgUkksIFVTQSJmImQKFAoSCb-kYqPxROSJEU77EuvE6CszEhQKEgm_pGKj8UTkiRFO-xLrxOgrMxoUChIJdQvObPFE5IkRy2TLLjVV_TIaFAoSCT_xOnPuROSJEZQVmiAl9zyqIgoNn0jyGBWLHG7V	41.8531487	-71.42040209999999	41.8531487	-71.42040209999999	Med	4.556568786559907	NA