row_number	crash_date	crash_report_id	crash_time	collision_type	count_pedestrian	count_bicycle	scooter	wheel_chair	number_of_vehicles	street_or_highway	nearest_intersection	report_date	type_of_roadway	road_surface_condition	light_condition	weather_condition	manner_of_impact	hit_and_run	traffic_control	person_count	injury_count	most_serious_injury	number_of_lanes	lat_raw	lon_raw	has_st_number	is_intersection_null	address_sent_to_geocoder	is_address_blank	lon_api_first_try	lat_api_first_try	type	loctype	address_returned_by_geocoder	address_returned_by_autocomplete	place_ids_autocompleted	lat_api_second_try	lon_api_second_try	lat_api_best	lon_api_best	api_coord_conf	distance_btwn_coords_meters	best_coordinate_set
3029	2012-10-10	151663	16:27:00	Bicycle	NA	1	FALSE	FALSE	1	DEXTER ST	CRANSTON ST	2012-10-10	Two-Way , Not Divided	Wet	Daylight	Clear	Not a Collision Between Two Motor Vehicles in Transport	No	Traffic Control Signal	2	1	Complains Of Pain	2	41.81265	-71.42961	FALSE	FALSE	Dexter Street and Cranston Street, Providence, RI, USA	FALSE	-71.429588	41.81260289999999	intersection	geometric_center	cranston st & dexter st, providence, ri 02907, usa	NA	NA	NA	NA	41.81260289999999	-71.429588	Med High	5.551796066804573	NA
3030	2012-10-10	151666	16:46:00	Pedestrian	1	NA	FALSE	FALSE	1	1850 Westminster St	SERVICE ROAD 3	2012-10-10	Two-Way , Not Divided	Wet	Daylight	Cloudy	Not a Collision Between Two Motor Vehicles in Transport	No	Pavement Markings	3	1	Complains Of Pain	4	41.81631	-71.44056	TRUE	FALSE	1850 Westminster Street, Providence, RI, USA	FALSE	-71.44085799999999	41.8161129	premise	rooftop	1850 westminster st, providence, ri 02909, usa	NA	NA	NA	NA	41.8161129	-71.44085799999999	High	33.055494367077266	NA
3031	2012-10-10	151832	11:28:00	Pedestrian	1	NA	FALSE	FALSE	1	TRANSIT ST	GOVERNOR ST	2012-10-10	Two-Way , Not Divided	Wet	Daylight	Rain	Other	No	No Controls	2	1	Complains Of Pain	NA	41.82125	-71.39382	FALSE	FALSE	Transit Street and Governor Street, Providence, RI, USA	FALSE	-71.3937634	41.8212129	intersection	geometric_center	transit st & governor st, providence, ri 02906, usa	NA	NA	NA	NA	41.8212129	-71.3937634	Med High	6.253301375897307	NA
3032	2012-10-10	151955	08:57:00	Bicycle	NA	1	FALSE	FALSE	1	JOHN ST	BROOK ST	2012-10-12	Two-Way , Not Divided	Wet	Daylight	Rain	Other	No	Stop Signs	3	1	Complains Of Pain	NA	41.82177	-71.39849	FALSE	FALSE	John Street and Brook Street, Providence, RI, USA	FALSE	-71.3989869	41.825126	route	geometric_center	brook st, providence, ri, usa	John Street & Brook Street, Providence, RI, USA	Ei9Kb2huIFN0cmVldCAmIEJyb29rIFN0cmVldCwgUHJvdmlkZW5jZSwgUkksIFVTQSJmImQKFAoSCQU5vmY5ReSJEVbzSSRzY6OCEhQKEgkFOb5mOUXkiRFW80kkc2OjghoUChIJZ8pYgTNF5IkRnRQkdIVtZo0aFAoSCZtmfXI7ReSJEXWGhyEQeABoIgoNX3_tGBXZc3HV	41.8217823	-71.3985063	41.8217823	-71.3985063	Med	1.9243876581888315	NA
3033	2012-10-04	150761	13:41:00	Bicycle	NA	1	FALSE	FALSE	1	PRAIRIE AVE	POINT ST	2012-10-04	Two-Way, Divided, Unprotected (painted>4feet) Medium	Dry	Daylight	Cloudy	Other	No	Stop Signs	5	1	Complains Of Pain	NA	41.81451	-71.41531	FALSE	FALSE	Prairie Ave and Point Street, Providence, RI, USA	FALSE	-71.415311	41.8145184	intersection	geometric_center	point st & prairie ave, providence, ri 02903, usa	NA	NA	NA	NA	41.8145184	-71.415311	Med High	0.9387572248583295	NA
3034	2012-09-30	151255	16:15:00	Bicycle	NA	1	FALSE	FALSE	1	500 Broad Street	PINE ST	2012-10-07	Two-Way , Not Divided	Dry	Daylight	Clear	Not a Collision Between Two Motor Vehicles in Transport	No	No Controls	2	1	Non-Incapacitating	NA	41.81125	-71.4214	TRUE	FALSE	500 Broad Street, Providence, RI, USA	FALSE	-71.420897	41.8108616	premise	rooftop	500 broad st, providence, ri 02909, usa	NA	NA	NA	NA	41.8108616	-71.420897	High	60.09313005465652	NA
3035	2012-09-29	149983	20:38:00	Pedestrian	1	NA	FALSE	FALSE	1	UNION AVE	WHITEHALL ST	2012-09-30	Two-Way , Not Divided	Wet	Dark - Not Lighted	Rain	Not a Collision Between Two Motor Vehicles in Transport	No	No Controls	2	1	Complains Of Pain	NA	41.80778	-71.4439	FALSE	FALSE	Union Ave and Whitehall Street, Providence, RI, USA	FALSE	-71.445114	41.8103179	route	geometric_center	whitehall st, providence, ri, usa	Union Ave & Whitehall Street, Providence, RI, USA	EjFVbmlvbiBBdmUgJiBXaGl0ZWhhbGwgU3RyZWV0LCBQcm92aWRlbmNlLCBSSSwgVVNBImYiZAoUChIJ-VAjWohF5IkRu98HnY0tfOASFAoSCflQI1qIReSJEbvfB52NLXzgGhQKEgkjges4ikXkiRGe1Z8wsMWILxoUChIJ0XzJ2IhF5IkRe7M5a8Uv5H4iCg1gXesYFW6GatU	41.8078048	-71.4439058	41.8078048	-71.4439058	Med	2.8023570487791383	NA
3036	2012-09-26	149344	17:40:00	Bicycle	NA	1	FALSE	FALSE	1	253 elmwood ave	WHITMARSH ST	2012-09-26	Two-Way , Not Divided	Dry	Daylight	Cloudy	Not a Collision Between Two Motor Vehicles in Transport	Yes, M/V and Driver Left Scene	No Controls	1	1	Complains Of Pain	2	41.80579	-71.42511	TRUE	FALSE	253 Elmwood Ave, Providence, RI, USA	FALSE	-71.42546039999999	41.80577479999999	premise	rooftop	253 elmwood ave, providence, ri 02907, usa	NA	NA	NA	NA	41.80577479999999	-71.42546039999999	High	29.12486634295115	NA
3037	2012-09-26	149375	19:26:00	Bicycle	NA	1	FALSE	FALSE	1	N Main St	Duncan St	2012-09-26	Two-Way, Divided, Positive Median Barrier	Dry	Dark - Lighted	Cloudy	Not a Collision Between Two Motor Vehicles in Transport	No	No Controls	4	1	Complains Of Pain	NA	41.84127	-71.40818	FALSE	FALSE	N Main Street and Duncan Street, Providence, RI, USA	FALSE	-71.3587919	41.8928648	route	geometric_center	duncan st, pawtucket, ri 02861, usa	NA	NA	NA	NA	41.8928648	-71.3587919	Med	7053.408964500086	Not yet determined
3038	2012-09-25	149039	09:40:00	Bicycle	NA	1	FALSE	FALSE	1	CRANSTON ST	BRIDGHAM ST	2012-09-25	Two-Way, Divided, Unprotected (painted>4feet) Medium	Dry	Daylight	Clear	Angle - Direction Not Specified	No	Traffic Control Signal	2	1	Complains Of Pain	NA	41.81396	-71.42694	FALSE	FALSE	Cranston Street and Bridgham Street, Providence, RI, USA	FALSE	-71.426947	41.8139796	intersection	geometric_center	cranston st & bridgham st, providence, ri 02907, usa	NA	NA	NA	NA	41.8139796	-71.426947	Med High	2.2578356769984347	NA
3039	2012-09-25	149086	11:18:00	Bicycle	NA	1	FALSE	FALSE	1	400 WEST FOUNTAIN STREET	NA	2012-09-25	Two-Way , Not Divided	Dry	Daylight	Clear	Sideswipe, Same Direction	No	No Controls	3	0	Unknown	2	41.82602	-71.41884	TRUE	TRUE	400 West Fountain Street, Providence, RI, USA	FALSE	-71.4231577	41.8185595	premise	rooftop	400 w fountain st, providence, ri 02903, usa	NA	NA	NA	NA	41.8185595	-71.4231577	High	904.4470631061321	Not yet determined
3040	2012-09-24	148846	08:36:00	Bicycle	NA	1	FALSE	FALSE	1	CADY ST	BENEFIT ST	2012-09-24	Two-Way , Not Divided	Dry	Daylight	Clear	Unknown	No	No Controls	2	1	Incapacitating	NA	41.82986	-71.40868	FALSE	FALSE	Cady Street and Benefit Street, Providence, RI, USA	FALSE	-71.4086611	41.829859	intersection	geometric_center	cady st & benefit st, providence, ri 02903, usa	NA	NA	NA	NA	41.829859	-71.4086611	Med High	1.571651840000426	NA
3041	2012-09-24	148968	18:09:00	Bicycle	NA	1	FALSE	FALSE	1	UNION AVE EXIT	UNION AVE	2012-09-24	One-Way Trafficway	Dry	Daylight	Clear	Not a Collision Between Two Motor Vehicles in Transport	No	Traffic Control Signal	3	1	Complains Of Pain	NA	41.80886	-71.43993	FALSE	FALSE	Union Ave Exit and Union Ave, Providence, RI, USA	FALSE	-71.4475494	41.8068304	route	geometric_center	union ave, providence, ri, usa	NA	NA	NA	NA	41.8068304	-71.4475494	Med	671.3837433569507	Not yet determined
3042	2012-09-24	148985	20:21:00	Bicycle	NA	1	FALSE	FALSE	1	CRANSTON ST	HOLLIS ST	2012-09-24	Two-Way , Not Divided	Dry	Dark - Lighted	Clear	Not a Collision Between Two Motor Vehicles in Transport	Yes, M/V and Driver Left Scene	No Controls	3	1	Non-Incapacitating	NA	41.81094	-71.43211	FALSE	FALSE	Cranston Street and Hollis Street, Providence, RI, USA	FALSE	-71.4320632	41.8110018	intersection	geometric_center	cranston st & hollis st, providence, ri 02907, usa	NA	NA	NA	NA	41.8110018	-71.4320632	Med High	7.899774998765376	NA
3043	2012-09-23	148592	01:40:00	Pedestrian	1	NA	FALSE	FALSE	1	HUXLEY AVE	EATON ST	2012-09-23	Two-Way , Not Divided	Wet	Dark - Lighted	Rain	Other	No	No Controls	5	1	Complains Of Pain	NA	41.84348	-71.43322	FALSE	FALSE	Huxley Ave and Eaton Street, Providence, RI, USA	FALSE	-71.43359099999999	41.8415128	intersection	geometric_center	eaton st & huxley ave, providence, ri 02908, usa	NA	NA	NA	NA	41.8415128	-71.43359099999999	Med High	221.1385213949758	Not yet determined
3044	2012-09-23	148768	15:25:00	Pedestrian	1	NA	FALSE	FALSE	1	SMITH ST	SMITH ST	2012-09-23	Two-Way , Not Divided	Dry	Daylight	Clear	Not a Collision Between Two Motor Vehicles in Transport	Yes, M/V and Driver Left Scene	No Controls	2	1	Complains Of Pain	NA	41.84164	-71.44294	FALSE	FALSE	Smith Street and Smith Street, Providence, RI, USA	FALSE	-71.4433053	41.8418141	route	geometric_center	smith st, providence, ri, usa	NA	NA	NA	NA	41.8418141	-71.4433053	Med	35.96389814812014	NA
3045	2012-09-22	148519	16:43:00	Bicycle	NA	1	FALSE	FALSE	1	Atlantic ave	NIAGARA ST	2012-09-22	Two-Way , Not Divided	Dry	Daylight	Clear	Not a Collision Between Two Motor Vehicles in Transport	Yes, Driver Left Scene	No Controls	2	1	Complains Of Pain	2	41.79939	-71.41615	FALSE	FALSE	Atlantic Ave and Niagara Street, Providence, RI, USA	FALSE	-71.4186449	41.7986319	intersection	geometric_center	atlantic ave & niagara st, providence, ri 02907, usa	NA	NA	NA	NA	41.7986319	-71.4186449	Med High	223.58336208847396	Not yet determined
3046	2012-09-22	148686	11:30:00	Bicycle	NA	1	FALSE	FALSE	1	10TH ST	HIGHLAND AVE	2012-09-23	Two-Way , Not Divided	Dry	Dark - Not Lighted	Clear	Angle (Front - to - Side) Right Angle (Includes Broadside)	Yes, M/V and Driver Left Scene	Stop Signs	3	1	Complains Of Pain	NA	41.85476	-71.39793	FALSE	FALSE	10th Street and Highland Ave, Providence, RI, USA	FALSE	-71.3993489	41.852353	route	geometric_center	highland ave, providence, ri 02906, usa	10th Street & Highland Ave, Providence, RI, USA	Ei8xMHRoIFN0cmVldCAmIEhpZ2hsYW5kIEF2ZSwgUHJvdmlkZW5jZSwgUkksIFVTQSJmImQKFAoSCSOSIXLHROSJEUgfsxBlrv03EhQKEgkjkiFyx0TkiRFIH7MQZa79NxoUChIJLUnHkcdE5IkRqvFrtTRY4dkaFAoSCTepo8fGROSJEQ4kOtRiA-rNIgoNVYjyGBV-inHV	41.85477969999999	-71.39792659999999	41.85477969999999	-71.39792659999999	Med	2.211039673603218	NA
3047	2012-09-22	149129	16:23:00	Bicycle	NA	1	FALSE	FALSE	1	BROADWAY	RINGGOLD ST	2012-09-25	Two-Way , Not Divided	Dry	Daylight	Clear	Angle (Front - to - Side) Right Angle (Includes Broadside)	No	No Controls	3	1	Complains Of Pain	NA	41.82121	-71.42335	FALSE	FALSE	Broadway and Ringgold Street, Providence, RI, USA	FALSE	-71.4233535	41.8212225	route	geometric_center	ringgold st, providence, ri 02903, usa	Broadway & Ringgold Street, Providence, RI, USA	Ei9Ccm9hZHdheSAmIFJpbmdnb2xkIFN0cmVldCwgUHJvdmlkZW5jZSwgUkksIFVTQSJmImQKFAoSCQHFIVJzReSJEZc0Z-2f-JoPEhQKEgkBxSFSc0XkiRGXNGftn_iaDxoUChIJpbXlhnVF5IkRGsIzsdekb7MaFAoSCa1x6FFzReSJEfxS86mAer7HIgoNgWntGBVBqW3V	41.8212225	-71.42335349999999	41.8212225	-71.42335349999999	Med	1.4214642002668922	NA
3048	2012-09-18	147740	12:10:00	Bicycle	NA	1	FALSE	FALSE	1	BROOK ST	CHARLESFIELD ST	2012-09-18	Two-Way , Not Divided	Dry	Daylight	Clear	Sideswipe, Same Direction	No	No Controls	2	1	Complains Of Pain	NA	41.82431	-71.39889	FALSE	FALSE	Brook Street and Charlesfield Street, Providence, RI, USA	FALSE	-71.4010018	41.8238139	route	geometric_center	charlesfield st, providence, ri, usa	Brook Street & Charlesfield Street, Providence, RI, USA	EjdCcm9vayBTdHJlZXQgJiBDaGFybGVzZmllbGQgU3RyZWV0LCBQcm92aWRlbmNlLCBSSSwgVVNBImYiZAoUChIJf4z1lztF5IkRb-81pxJiO1QSFAoSCX-M9Zc7ReSJEW_vNacSYjtUGhQKEgmbZn1yO0XkiRF1hochEHgAaBoUChIJB6t_cjxF5IkRY6NwT-scYXciCg3_1u0YFepmcdU	41.8240255	-71.39883739999999	41.8240255	-71.39883739999999	Med	31.96956895972777	NA
3049	2012-09-18	148135	22:28:00	Bicycle	NA	1	FALSE	FALSE	1	BROAD ST	PARKIS AVE	2012-09-21	Two-Way, Divided, Unprotected (painted>4feet) Medium	Wet	Dark - Lighted	Rain	Not a Collision Between Two Motor Vehicles in Transport	No	Traffic Control Signal	4	1	Complains Of Pain	NA	41.80929	-71.42088	FALSE	FALSE	Broad Street and Parkis Ave, Providence, RI, USA	FALSE	-71.4216175	41.8091566	route	geometric_center	parkis ave, providence, ri 02907, usa	Broad Street & Parkis Ave, Providence, RI, USA	Ei5Ccm9hZCBTdHJlZXQgJiBQYXJraXMgQXZlLCBQcm92aWRlbmNlLCBSSSwgVVNBImYiZAoUChIJRzM1_npF5IkRjtZmKd5_CBoSFAoSCUczNf56ReSJEY7WZinefwgaGhQKEgmD3n3VjE_kiREsosqTmEsIoxoUChIJMX42yntF5IkRzmf6NFIaq3EiCg0FkusYFZ8LbtU	41.8091525	-71.4208353	41.8091525	-71.4208353	Med	15.749382221753672	NA
3050	2012-09-17	147673	20:04:00	Pedestrian	1	NA	FALSE	FALSE	1	Waterman St	Brown St	2012-09-17	One-Way Trafficway	Dry	Dark - Lighted	Clear	Not a Collision Between Two Motor Vehicles in Transport	No	Pavement Markings	2	1	Complains Of Pain	NA	41.82706	-71.40296	FALSE	FALSE	Waterman Street and Brown Street, Providence, RI, USA	FALSE	-71.4030136	41.8270531	intersection	geometric_center	brown st & waterman st, providence, ri 02912, usa	NA	NA	NA	NA	41.8270531	-71.4030136	Med High	4.512031214544745	NA
3051	2012-09-16	147332	00:26:00	Bicycle	NA	1	FALSE	FALSE	1	CALVERLY ST	SMITH ST	2012-09-16	Two-Way , Not Divided	Dry	Dark - Lighted	Clear	Head-On (Front - to - Front)	Yes, M/V and Driver Left Scene	School Zone Signs	7	2	Incapacitating	NA	41.8332	-71.42056	FALSE	FALSE	Calverly Street and Smith Street, Providence, RI, USA	FALSE	-71.4205609	41.8332067	intersection	geometric_center	calverly st & smith st, providence, ri 02908, usa	NA	NA	NA	NA	41.8332067	-71.4205609	Med High	0.7495669486513676	NA
3052	2012-09-15	147255	16:46:00	Bicycle	NA	1	FALSE	FALSE	1	CAHIR ST	BROAD ST	2012-09-15	Two-Way, Divided, Positive Median Barrier	Dry	Daylight	Clear	Head-On (Front - to - Front)	No	No Controls	2	1	Complains Of Pain	NA	41.8171	-71.41806	FALSE	FALSE	Cahir Street and Broad Street, Providence, RI, USA	FALSE	-71.41789229999999	41.8169459	intersection	geometric_center	broad st & cahir st, providence, ri 02903, usa	NA	NA	NA	NA	41.8169459	-71.41789229999999	Med High	22.08719742576762	NA
3053	2012-09-15	147262	17:16:00	Pedestrian	1	NA	FALSE	FALSE	1	101 Academy ave	WEALTH AVE	2012-09-15	Two-Way , Not Divided	Dry	Daylight	Clear	Not a Collision Between Two Motor Vehicles in Transport	No	Pavement Markings	4	1	Complains Of Pain	2	41.8272	-71.4437	TRUE	FALSE	101 Academy Ave, Providence, RI, USA	FALSE	-71.4435388	41.8274609	street_address	rooftop	101 academy ave, providence, ri 02908, usa	NA	NA	NA	NA	41.8274609	-71.4435388	High	31.973604197321208	NA
3054	2012-09-14	147120	16:13:00	Pedestrian	1	NA	FALSE	FALSE	1	CHARLES ST	BRANCH AVE	2012-09-14	Two-Way , Not Divided	Dry	Daylight	Clear	Not a Collision Between Two Motor Vehicles in Transport	No	No Controls	2	1	Complains Of Pain	NA	41.84959	-71.41987	FALSE	FALSE	Charles Street and Branch Ave, Providence, RI, USA	FALSE	-71.4128343	41.8239891	locality	approximate	providence, ri, usa	Charles Street & Branch Ave, Providence, RI, USA	EjBDaGFybGVzIFN0cmVldCAmIEJyYW5jaCBBdmUsIFByb3ZpZGVuY2UsIFJJLCBVU0EiZiJkChQKEgmX1pBx8ETkiRFt3W_DezHjNhIUChIJl9aQcfBE5IkRbd1vw3sx4zYaFAoSCXULzmzxROSJEctkyy41Vf0yGhQKEgnptPOF-UTkiRG6fR7eUkO2qCIKDYfZ8RgVmixu1Q	41.8503047	-71.419991	41.8503047	-71.419991	Med	80.1902153092492	NA
3055	2012-09-10	146509	16:19:00	Pedestrian	1	NA	FALSE	FALSE	1	MANTON AVE	WESTCOTT AVE	2012-09-10	Two-Way, Not Divided With a Continuous Left Turn Lane	Dry	Daylight	Clear	Other	No	No Controls	4	1	Complains Of Pain	3	41.83372	-71.46853	FALSE	FALSE	Manton Ave and Westcott Ave, Providence, RI, USA	FALSE	-71.4685327	41.8337394	intersection	geometric_center	westcott ave & manton ave, providence, ri 02909, usa	NA	NA	NA	NA	41.8337394	-71.4685327	Med High	2.1711782678965035	NA
3056	2012-09-09	146345	19:05:00	Pedestrian	1	NA	FALSE	FALSE	1	Thayer Street	WATERMAN ST	2012-09-09	One-Way Trafficway	Dry	Dark - Lighted	Clear	Not a Collision Between Two Motor Vehicles in Transport	No	No Controls	4	1	Complains Of Pain	1	41.82721	-71.40053	FALSE	FALSE	Thayer Street and Waterman Street, Providence, RI, USA	FALSE	-71.4005559	41.8272892	intersection	geometric_center	thayer st & waterman st, providence, ri 02906, usa	NA	NA	NA	NA	41.8272892	-71.4005559	Med High	9.074495035167024	NA
3057	2012-09-08	146141	11:08:00	Bicycle	NA	1	FALSE	FALSE	1	BROADWAY	DEPASQUALE AVENUE	2012-09-08	Two-Way , Not Divided	Dry	Daylight	Clear	Angle (Front - to - Side) Right Angle (Includes Broadside)	No	Traffic Control Signal	3	1	Complains Of Pain	2	41.83578	-71.4154	FALSE	FALSE	Broadway and Depasquale Avenue, Providence, RI, USA	FALSE	-71.4262101	41.8224893	route	geometric_center	de pasquale ave, providence, ri 02903, usa	NA	NA	NA	NA	41.8224893	-71.4262101	Med	1730.027428290262	Not yet determined
3058	2012-09-08	146216	20:07:00	Pedestrian	1	NA	FALSE	FALSE	1	354 Admiral St	HAWKINS ST	2012-09-08	Two-Way , Not Divided	Wet	Dark - Lighted	Rain	Not a Collision Between Two Motor Vehicles in Transport	No	Traffic Control Signal	3	1	Complains Of Pain	2	41.84591	-71.42834	TRUE	FALSE	354 Admiral Street, Providence, RI, USA	FALSE	-71.4279723	41.84563319999999	premise	rooftop	354 admiral st, providence, ri 02908, usa	NA	NA	NA	NA	41.84563319999999	-71.4279723	High	43.35004841821254	NA
3059	2012-09-05	145704	20:18:00	Bicycle	NA	1	FALSE	FALSE	1	UNION AVE	TERRACE AVE	2012-09-05	Two-Way , Not Divided	Wet	Dark - Lighted	Clear	Not a Collision Between Two Motor Vehicles in Transport	No	Flashing Traffic Control Signal	2	0	No Injury	NA	41.80622	-71.45009	FALSE	FALSE	Union Ave and Terrace Ave, Providence, RI, USA	FALSE	-71.4869184	41.8332697	route	geometric_center	union ave, johnston, ri 02919, usa	Union Ave & Terrace Ave, Cranston, Providence, RI, USA	EjZVbmlvbiBBdmUgJiBUZXJyYWNlIEF2ZSwgQ3JhbnN0b24sIFByb3ZpZGVuY2UsIFJJLCBVU0EiZiJkChQKEgm5Uj_QYU_kiRGsUf3lIBvT4BIUChIJuVI_0GFP5IkRrFH95SAb0-AaFAoSCSOB6ziKReSJEZ7VnzCwxYgvGhQKEgnfgr3VYU_kiRHaPBUYd7xDXiIKDdQf6xgVqJRp1Q	41.8062292	-71.45009519999999	41.8062292	-71.45009519999999	Med	1.1113239498587566	NA
3060	2012-09-04	145414	16:05:00	Pedestrian	1	NA	FALSE	FALSE	1	LIBRARY RD	RHODE ISLAND COLL	2012-09-04	Two-Way , Not Divided	Wet	Daylight	Rain	Unknown	Yes, M/V and Driver Left Scene	No Controls	2	0	No Injury	NA	41.84222	-71.46192	FALSE	FALSE	Library Rd and Rhode Island Coll, Providence, RI, USA	FALSE	-71.4627575	41.8417288	establishment	rooftop	600 mt pleasant ave, providence, ri 02908, usa	NA	NA	NA	NA	41.8417288	-71.4627575	Med	88.3965348290177	NA
3061	2012-09-03	145210	19:38:00	Pedestrian	1	NA	FALSE	FALSE	1	Broad St	Calla St	2012-09-03	Two-Way, Not Divided With a Continuous Left Turn Lane	Dry	Dusk	Clear	Not a Collision Between Two Motor Vehicles in Transport	No	No Controls	4	1	Complains Of Pain	3	41.79001	-71.40501	FALSE	FALSE	Broad Street and Calla Street, Providence, RI, USA	FALSE	-71.4078389	41.7886829	route	geometric_center	calla st, providence, ri 02905, usa	Broad Street & Calla Street, Providence, RI, USA	EjBCcm9hZCBTdHJlZXQgJiBDYWxsYSBTdHJlZXQsIFByb3ZpZGVuY2UsIFJJLCBVU0EiZiJkChQKEgnHToWh8k_kiRGye9tLI5CNRhIUChIJx06FofJP5IkRsnvbSyOQjUYaFAoSCYPefdWMT-SJESyiypOYSwijGhQKEgk3d_3Akk_kiRFLhxhX7oy_1CIKDcKe6BgV33tw1Q	41.7898178	-71.4048545	41.7898178	-71.4048545	Med	24.986915908725422	NA
3062	2012-09-02	144954	00:09:00	Pedestrian	1	NA	FALSE	FALSE	1	WESTMINSTER ST	SERVICE ROAD 7	2012-09-02	One-Way Trafficway	Dry	Dark - Lighted	Clear	Not a Collision Between Two Motor Vehicles in Transport	Yes, M/V and Driver Left Scene	No Controls	1	1	Complains Of Pain	NA	41.81881	-71.41883	FALSE	FALSE	Westminster Street and Service Road 7, Providence, RI, USA	FALSE	-71.4188188	41.8188132	intersection	geometric_center	service rd 1 & westminster st, providence, ri 02903, usa	NA	NA	NA	NA	41.8188132	-71.4188188	Med High	0.9951140721174757	NA
3063	2012-09-02	145036	20:09:00	Pedestrian	1	NA	FALSE	FALSE	1	31 EDGEMERE AVE	MANTON AVE	2012-09-02	Two-Way , Not Divided	Dry	Dark - Unknown Lighting	Clear	Not a Collision Between Two Motor Vehicles in Transport	No	No Controls	2	1	Complains Of Pain	1	41.82504	-71.4579	TRUE	FALSE	31 Edgemere Ave, Providence, RI, USA	FALSE	-71.4581078	41.82507349999999	street_address	rooftop	31 edgemere ave, providence, ri 02909, usa	NA	NA	NA	NA	41.82507349999999	-71.4581078	High	17.636522222340528	NA
3064	2012-09-02	145141	22:25:00	Pedestrian	1	NA	FALSE	FALSE	1	1000 Elmwood Avenue	NA	2012-09-03	One-Way Trafficway	Dry	Dark - Lighted	Clear	Unknown	Yes, M/V and Driver Left Scene	No Controls	1	1	Complains Of Pain	NA	41.78544	-71.41674	TRUE	TRUE	1000 Elmwood Avenue, Providence, RI, USA	FALSE	-71.42028619999999	41.7792003	street_address	rooftop	1000 elmwood ave, providence, ri 02907, usa	NA	NA	NA	NA	41.7792003	-71.42028619999999	High	754.4010284858545	Not yet determined
3065	2012-08-31	144535	01:21:00	Pedestrian	1	NA	FALSE	FALSE	1	STANWOOD ST	NIAGARA ST	2012-08-31	Two-Way , Not Divided	Dry	Dark - Lighted	Clear	Not a Collision Between Two Motor Vehicles in Transport	Yes, M/V and Driver Left Scene	No Controls	2	1	Incapacitating	NA	41.80303	-71.42116	FALSE	FALSE	Stanwood Street and Niagara Street, Providence, RI, USA	FALSE	-71.4211086	41.8030662	intersection	geometric_center	stanwood st & niagara st, providence, ri 02907, usa	NA	NA	NA	NA	41.8030662	-71.4211086	Med High	5.867845133878199	NA
3066	2012-08-31	144903	23:00:00	Pedestrian	1	NA	FALSE	FALSE	1	UNION AVE	LINWOOD AVE	2012-09-01	Two-Way , Not Divided	Dry	Dark - Lighted	Clear	Not a Collision Between Two Motor Vehicles in Transport	No	No Controls	3	1	Complains Of Pain	NA	41.80906	-71.43919	FALSE	FALSE	Union Ave and Linwood Ave, Providence, RI, USA	FALSE	-71.4341209	41.8066081	route	geometric_center	linwood ave, providence, ri, usa	Union Ave & Linwood Ave, Providence, RI, USA	EixVbmlvbiBBdmUgJiBMaW53b29kIEF2ZSwgUHJvdmlkZW5jZSwgUkksIFVTQSJmImQKFAoSCQcXlWWGReSJEY8cW6oIOjBBEhQKEgkHF5VlhkXkiRGPHFuqCDowQRoUChIJI4HrOIpF5IkRntWfMLDFiC8aFAoSCe9FLD2BReSJETMjxaEXA5iGIgoNDovrGBVJMmvV	41.8089742	-71.43950629999999	41.8089742	-71.43950629999999	Med	27.928733817491647	NA
3067	2012-08-31	145470	15:00:00	Pedestrian	1	NA	FALSE	FALSE	1	ACADEMY AVE	SALTER ST	2012-09-04	Two-Way , Not Divided	Dry	Daylight	Clear	Not a Collision Between Two Motor Vehicles in Transport	Yes, M/V and Driver Left Scene	No Controls	2	1	Non-Incapacitating	NA	41.84465	-71.44529	FALSE	FALSE	Academy Ave and Salter Street, Providence, RI, USA	FALSE	-71.44533919999999	41.8450074	intersection	geometric_center	academy ave & salter st, providence, ri 02908, usa	NA	NA	NA	NA	41.8450074	-71.44533919999999	Med High	39.99424578677461	NA
3068	2012-08-30	144438	09:59:00	Bicycle	NA	1	FALSE	FALSE	1	COLLEGE STREET	MEMORIAL BLVD	2012-08-30	Two-Way , Not Divided	Dry	Daylight	Clear	Other	No	Traffic Control Signal	5	0	No Injury	4	41.82955	-71.41802	FALSE	FALSE	College Street and Memorial Blvd, Providence, RI, USA	FALSE	-71.4134258	41.8263996	route	geometric_center	memorial blvd, providence, ri 02903, usa	College Street & Memorial Blvd, Providence, RI, USA	EjNDb2xsZWdlIFN0cmVldCAmIE1lbW9yaWFsIEJsdmQsIFByb3ZpZGVuY2UsIFJJLCBVU0EiZiJkChQKEglFd5NeFkXkiRE-ZeYWZ8ZcoxIUChIJRXeTXhZF5IkRPmXmFmfGXKMaFAoSCdHlyy0WReSJEfVO_Fs18GQ-GhQKEgn3LDO1FkXkiRGsznR5eOTavSIKDRUJ7hgVb-Fv1Q	41.8253077	-71.4088081	41.8253077	-71.4088081	Med	898.2859637149301	Not yet determined
3069	2012-08-29	144360	18:27:00	Pedestrian	1	NA	FALSE	FALSE	1	887 atwells ave	CARLETON ST	2012-08-29	Two-Way , Not Divided	Dry	Daylight	Clear	Not a Collision Between Two Motor Vehicles in Transport	No	No Controls	3	1	Complains Of Pain	2	41.82497	-71.44683	TRUE	FALSE	887 Atwells Ave, Providence, RI, USA	FALSE	-71.4467961	41.8251414	premise	rooftop	887 atwells ave, providence, ri 02909, usa	NA	NA	NA	NA	41.8251414	-71.4467961	High	19.286279652200967	NA