row_number	crash_date	crash_report_id	crash_time	collision_type	count_pedestrian	count_bicycle	scooter	wheel_chair	number_of_vehicles	street_or_highway	nearest_intersection	report_date	type_of_roadway	road_surface_condition	light_condition	weather_condition	manner_of_impact	hit_and_run	traffic_control	person_count	injury_count	most_serious_injury	number_of_lanes	lat_raw	lon_raw	has_st_number	is_intersection_null	address_sent_to_geocoder	is_address_blank	lon_api_first_try	lat_api_first_try	type	loctype	address_returned_by_geocoder	address_returned_by_autocomplete	place_ids_autocompleted	lat_api_second_try	lon_api_second_try	lat_api_best	lon_api_best	api_coord_conf	distance_btwn_coords_meters	best_coordinate_set
3070	2012-08-27	143950	14:15:00	Bicycle	NA	1	FALSE	FALSE	1	POCASSET AVE	HILLHURST AVE	2012-08-27	Two-Way , Not Divided	Dry	Daylight	Clear	Sideswipe, Same Direction	Yes, M/V and Driver Left Scene	No Controls	3	1	Complains Of Pain	2	41.80742	-71.4564	FALSE	FALSE	Pocasset Ave and Hillhurst Ave, Providence, RI, USA	FALSE	-71.4564137	41.8074099	intersection	geometric_center	pocasset ave & hillhurst ave, providence, ri 02909, usa	NA	NA	NA	NA	41.8074099	-71.4564137	Med High	1.5988659336777422	NA
3071	2012-08-26	144251	21:46:00	Bicycle	NA	1	FALSE	FALSE	1	58 June Street	SUFFOLK ST	2012-08-26	Two-Way , Not Divided	Dry	Dark - Not Lighted	Clear	Unknown	Yes, M/V and Driver Left Scene	No Controls	2	1	Non-Incapacitating	NA	41.84264	-71.42403	TRUE	FALSE	58 June Street, Providence, RI, USA	FALSE	-71.42459869999999	41.84253229999999	premise	rooftop	58 june st, providence, ri 02908, usa	NA	NA	NA	NA	41.84253229999999	-71.42459869999999	High	48.66277132287999	NA
3072	2012-08-25	143693	16:15:00	Bicycle	NA	1	FALSE	FALSE	1	BERGEN STREET	ANDEM STREET	2012-08-25	Two-Way , Not Divided	Dry	Daylight	Clear	Angle (Front - to - Side) Right Angle (Includes Broadside)	No	No Controls	4	1	Non-Incapacitating	2	41.81534	-71.44597	FALSE	FALSE	Bergen Street and Andem Street, Providence, RI, USA	FALSE	-71.439842	41.83078	intersection	geometric_center	bergen st & andem st, providence, ri 02908, usa	NA	NA	NA	NA	41.83078	-71.439842	Med High	1792.374245944131	Not yet determined
3073	2012-08-24	143546	16:14:00	Pedestrian	1	NA	FALSE	FALSE	1	HUMES ST	ALGONQUIN ST	2012-08-24	Two-Way , Not Divided	Dry	Daylight	Clear	Head-On (Front - to - Front)	Yes, M/V and Driver Left Scene	No Controls	5	1	Complains Of Pain	2	41.79327	-71.42808	FALSE	FALSE	Humes Street and Algonquin Street, Providence, RI, USA	FALSE	-71.4280528	41.7933209	intersection	geometric_center	humes st & algonquin st, providence, ri 02907, usa	NA	NA	NA	NA	41.7933209	-71.4280528	Med High	6.099303110774951	NA
3074	2012-08-24	145107	14:35:00	Bicycle	NA	1	FALSE	FALSE	1	VALLEY ST	DELAINE ST	2012-09-03	Unknown	Dry	Daylight	Clear	Other	No	No Controls	4	1	Complains Of Pain	NA	41.81975	-71.44046	FALSE	FALSE	Valley Street and Delaine Street, Providence, RI, USA	FALSE	-71.44050340000001	41.8195248	intersection	geometric_center	delaine st & valley st, providence, ri 02909, usa	NA	NA	NA	NA	41.8195248	-71.44050340000001	Med High	25.32638482182768	NA
3075	2012-08-19	142855	22:42:00	Pedestrian	1	NA	FALSE	FALSE	1	POCASSET AVE	ALTO ST	2012-08-20	Two-Way , Not Divided	Dry	Dark - Lighted	Clear	Not a Collision Between Two Motor Vehicles in Transport	No	No Controls	3	0	No Injury	2	41.8058	-71.45754	FALSE	FALSE	Pocasset Ave and Alto Street, Providence, RI, USA	FALSE	-71.4576411	41.805651	intersection	geometric_center	alto st & pocasset ave, providence, ri 02909, usa	NA	NA	NA	NA	41.805651	-71.4576411	Med High	18.587442977278176	NA
3076	2012-08-17	142431	10:07:00	Bicycle	NA	1	FALSE	FALSE	1	PARK ROW	Canal Street	2012-08-17	One-Way Trafficway	Dry	Daylight	Clear	Angle (Front - to - Side) Opposite Direction	Yes, M/V and Driver Left Scene	No Controls	2	1	Complains Of Pain	NA	41.82865	-71.40965	FALSE	FALSE	Park Row and Canal Street, Providence, RI, USA	FALSE	-71.4106907	41.8284695	intersection	geometric_center	park row w & canal st, providence, ri 02903, usa	NA	NA	NA	NA	41.8284695	-71.4106907	Med High	88.6326556510683	NA
3077	2012-08-16	142258	09:12:00	Pedestrian	1	NA	FALSE	FALSE	1	206 ELMWOOD AVE	ELMWOOD AVE	2012-08-16	Two-Way, Divided, Unprotected (painted>4feet) Medium	Dry	Daylight	Clear	Head-On (Front - to - Front)	No	No Controls	2	2	Complains Of Pain	NA	41.80744	-71.42482	TRUE	FALSE	206 Elmwood Ave, Providence, RI, USA	FALSE	-71.42372449999999	41.8076933	premise	rooftop	206 elmwood ave, providence, ri 02907, usa	NA	NA	NA	NA	41.8076933	-71.42372449999999	High	95.17338430332079	NA
3078	2012-08-15	142147	19:53:00	Bicycle	NA	1	FALSE	FALSE	1	BLACKSTONE BLVD	BUTLER DR	2012-08-15	Two-Way, Divided, Positive Median Barrier	Dry	Dark - Lighted	Clear	Angle (Front - to - Side) Right Angle (Includes Broadside)	No	No Controls	3	1	Complains Of Pain	NA	41.8463	-71.38677	FALSE	FALSE	Blackstone Blvd and Butler Dr, Providence, RI, USA	FALSE	-71.3870926	41.8450883	route	geometric_center	blackstone blvd, providence, ri 02906, usa	NA	NA	NA	NA	41.8450883	-71.3870926	Med	137.5131481227445	Not yet determined
3079	2012-08-15	142161	20:09:00	Bicycle	NA	1	FALSE	FALSE	1	Williams st	ROGER ST	2012-08-15	Two-Way , Not Divided	Dry	Daylight	Clear	Unknown	Yes, M/V and Driver Left Scene	No Controls	1	1	Complains Of Pain	2	41.82309	-71.39093	FALSE	FALSE	Williams Street and Roger Street, Providence, RI, USA	FALSE	-71.3909781	41.8236148	route	geometric_center	roger st, providence, ri 02906, usa	Williams Street & Roger Street, Providence, RI, USA	EjNXaWxsaWFtcyBTdHJlZXQgJiBSb2dlciBTdHJlZXQsIFByb3ZpZGVuY2UsIFJJLCBVU0EiZiJkChQKEglnvdAGMUXkiRGTQKxVT7pvPxIUChIJZ73QBjFF5IkRk0CsVU-6bz8aFAoSCc8VZi06ReSJEdbRK1lrMSoLGhQKEglvQdWrMUXkiRGAS5g0ltudoSIKDbyz7RgVb5xy1Q	41.8231228	-71.3909137	41.8231228	-71.3909137	Med	3.8936155854968955	NA
3080	2012-08-15	142172	19:30:00	Pedestrian	1	NA	FALSE	FALSE	1	Bowdoin St	AMHERST ST	2012-08-15	Two-Way , Not Divided	Dry	Dusk	Cloudy	Not a Collision Between Two Motor Vehicles in Transport	No	No Controls	3	1	Complains Of Pain	NA	41.82323	-71.44306	FALSE	FALSE	Bowdoin Street and Amherst Street, Providence, RI, USA	FALSE	-71.443033	41.8234369	intersection	geometric_center	bowdoin st & amherst st, providence, ri 02909, usa	NA	NA	NA	NA	41.8234369	-71.443033	Med High	23.140654217263247	NA
3081	2012-08-11	141356	12:30:00	Pedestrian	1	NA	FALSE	FALSE	1	15 Whelan Rd	BODELL AVE	2012-08-11	Two-Way , Not Divided	Dry	Daylight	Clear	Other	Yes, M/V and Driver Left Scene	No Controls	1	1	Non-Incapacitating	NA	41.81828	-71.45431	TRUE	FALSE	15 Whelan Rd, Providence, RI, USA	FALSE	-71.4531502	41.8190681	premise	rooftop	15 whelan rd, providence, ri 02909, usa	NA	NA	NA	NA	41.8190681	-71.4531502	High	130.21070738599084	Not yet determined
3082	2012-08-10	141145	10:02:00	Bicycle	NA	1	FALSE	FALSE	1	Broad Street	Public ST	2012-08-10	Two-Way , Not Divided	Dry	Daylight	Cloudy	Not a Collision Between Two Motor Vehicles in Transport	No	Traffic Control Signal	2	1	Complains Of Pain	NA	41.80632	-71.41148	FALSE	FALSE	Broad Street and Public Street, Providence, RI, USA	FALSE	-71.414812	41.8055601	route	geometric_center	public st, providence, ri, usa	Broad Street & Public Street, Providence, RI, USA	EjFCcm9hZCBTdHJlZXQgJiBQdWJsaWMgU3RyZWV0LCBQcm92aWRlbmNlLCBSSSwgVVNBImYiZAoUChIJLTJT3HxF5IkRclWEg4MKFo0SFAoSCS0yU9x8ReSJEXJVhIODChaNGhQKEgmD3n3VjE_kiREsosqTmEsIoxoUChIJlx9Oj2NF5IkRNZt93RsocawiCg1K2uoYFURFbtU	41.804449	-71.41935959999999	41.804449	-71.41935959999999	Med	686.2134448003667	Not yet determined
3083	2012-08-10	141197	11:00:00	Bicycle	NA	1	FALSE	FALSE	1	WASHINGTON ST	DORRANCE ST	2012-08-10	One-Way Trafficway	Dry	Daylight	Clear	Not a Collision Between Two Motor Vehicles in Transport	No	No Controls	3	1	Complains Of Pain	NA	41.8245	-71.4127	FALSE	FALSE	Washington Street and Dorrance Street, Providence, RI, USA	FALSE	-71.41277699999999	41.8244607	intersection	geometric_center	washington st & dorrance st, providence, ri 02903, usa	NA	NA	NA	NA	41.8244607	-71.41277699999999	Med High	7.742046161317103	NA
3084	2012-08-09	141034	15:35:00	Bicycle	NA	1	FALSE	FALSE	1	29 Nebraska St	MILLARD ST	2012-08-09	Two-Way , Not Divided	Dry	Daylight	Clear	Not a Collision Between Two Motor Vehicles in Transport	No	No Controls	4	1	Complains Of Pain	2	41.79813	-71.40641	TRUE	FALSE	29 Nebraska Street, Providence, RI, USA	FALSE	-71.4065542	41.7982912	street_address	rooftop	29 nebraska st, providence, ri 02905, usa	NA	NA	NA	NA	41.7982912	-71.4065542	High	21.56894572558597	NA
3085	2012-08-09	141082	20:11:00	Pedestrian	1	NA	FALSE	FALSE	1	BROAD ST	CALLA ST	2012-08-09	Two-Way , Not Divided	Dry	Dark - Lighted	Clear	Head-On (Front - to - Front)	Yes, M/V and Driver Left Scene	No Controls	1	1	Complains Of Pain	NA	41.78994	-71.40495	FALSE	FALSE	Broad Street and Calla Street, Providence, RI, USA	FALSE	-71.4078389	41.7886829	route	geometric_center	calla st, providence, ri 02905, usa	Broad Street & Calla Street, Providence, RI, USA	EjBCcm9hZCBTdHJlZXQgJiBDYWxsYSBTdHJlZXQsIFByb3ZpZGVuY2UsIFJJLCBVU0EiZiJkChQKEgnHToWh8k_kiRGye9tLI5CNRhIUChIJx06FofJP5IkRsnvbSyOQjUYaFAoSCYPefdWMT-SJESyiypOYSwijGhQKEgk3d_3Akk_kiRFLhxhX7oy_1CIKDcKe6BgV33tw1Q	41.7898178	-71.4048545	41.7898178	-71.4048545	Med	15.74408612835442	NA
3086	2012-08-09	141086	15:15:00	Pedestrian	1	NA	FALSE	FALSE	1	BERKSHIRE ST	ADMIRAL ST	2012-08-09	Two-Way , Not Divided	Dry	Daylight	Clear	Not a Collision Between Two Motor Vehicles in Transport	Yes, M/V and Driver Left Scene	No Controls	2	1	Complains Of Pain	NA	41.84386	-71.42419	FALSE	FALSE	Berkshire Street and Admiral Street, Providence, RI, USA	FALSE	-71.4236963	41.8441893	intersection	geometric_center	berkshire st & admiral st, providence, ri 02908, usa	NA	NA	NA	NA	41.8441893	-71.4236963	Med High	54.95473620625178	NA
3087	2012-08-09	141094	22:24:00	Bicycle	NA	1	FALSE	FALSE	1	Randall St	Charles St	2012-08-10	Two-Way , Not Divided	Dry	Dark - Lighted	Clear	Other	No	No Controls	2	1	Non-Incapacitating	3	41.83617	-71.41213	FALSE	FALSE	Randall Street and Charles Street, Providence, RI, USA	FALSE	-71.419539	41.8474982	route	geometric_center	charles st, providence, ri, usa	Randall Street & Charles Street, Providence, RI, USA	EjRSYW5kYWxsIFN0cmVldCAmIENoYXJsZXMgU3RyZWV0LCBQcm92aWRlbmNlLCBSSSwgVVNBImYiZAoUChIJK5_7KRxF5IkRC4AGxe12bdQSFAoSCSuf-ykcReSJEQuABsXtdm3UGhQKEgmXgCFvHkXkiREFR8Ne4aJLqhoUChIJdQvObPFE5IkRy2TLLjVV_TIiCg0Sse8YFcNfb9U	41.8361618	-71.4121277	41.8361618	-71.4121277	Med	0.9325392399339647	NA
3088	2012-08-09	141095	23:08:00	Pedestrian	1	NA	FALSE	FALSE	1	Manton Ave	AMHERST ST	2012-08-10	Two-Way , Not Divided	Dry	Dark - Lighted	Clear	Not a Collision Between Two Motor Vehicles in Transport	No	No Controls	3	0	No Injury	NA	41.823480000000004	-71.45127	FALSE	FALSE	Manton Ave and Amherst Street, Providence, RI, USA	FALSE	-71.45107759999999	41.8233626	intersection	geometric_center	amherst st & manton ave, providence, ri 02909, usa	NA	NA	NA	NA	41.8233626	-71.45107759999999	Med High	20.62860598726331	NA
3089	2012-08-06	140625	20:36:00	Bicycle	NA	1	FALSE	FALSE	1	Lenox Ave	MELROSE ST	2012-08-07	Two-Way , Not Divided	Dry	Dark - Lighted	Clear	Angle (Front - to - Side) Right Angle (Includes Broadside)	No	Stop Signs	2	1	Complains Of Pain	NA	41.79617	-71.42165	FALSE	FALSE	Lenox Ave and Melrose Street, Providence, RI, USA	FALSE	-71.42163710000001	41.79618929999999	intersection	geometric_center	melrose st & lenox ave, providence, ri 02907, usa	NA	NA	NA	NA	41.79618929999999	-71.42163710000001	Med High	2.400428202095707	NA
3090	2012-08-03	140289	20:15:00	Bicycle	NA	1	FALSE	FALSE	1	SAYLES ST	HARRIET ST	2012-08-04	Two-Way , Not Divided	Dry	Dark - Not Lighted	Clear	Unknown	Yes, M/V and Driver Left Scene	No Controls	2	1	Complains Of Pain	NA	41.80279	-71.41287	FALSE	FALSE	Sayles Street and Harriet Street, Providence, RI, USA	FALSE	-71.4128612	41.8028146	intersection	geometric_center	sayles st & harriet st, providence, ri 02905, usa	NA	NA	NA	NA	41.8028146	-71.4128612	Med High	2.834152070222054	NA
3091	2012-08-02	139998	16:11:00	Bicycle	NA	1	FALSE	FALSE	1	97 RUGGLES ST	NA	2012-08-02	Two-Way , Not Divided	Dry	Daylight	Clear	Head-On (Front - to - Front)	No	No Controls	7	1	Complains Of Pain	2	41.83744	-71.42832	TRUE	TRUE	97 Ruggles Street, Providence, RI, USA	FALSE	-71.4281658	41.83743459999999	street_address	rooftop	97 ruggles st, providence, ri 02908, usa	NA	NA	NA	NA	41.83743459999999	-71.4281658	High	12.803083670043597	NA
3092	2012-07-31	139794	11:49:00	Bicycle	NA	1	FALSE	FALSE	1	MANTON AVENUE	PELHAM STREET	2012-07-31	Two-Way , Not Divided	Dry	Daylight	Clear	Other	No	No Controls	2	0	No Injury	2	41.83201	-71.41745	FALSE	FALSE	Manton Avenue and Pelham Street, Providence, RI, USA	FALSE	-71.44779319999999	41.8209354	intersection	geometric_center	pelham st & manton ave, providence, ri 02909, usa	NA	NA	NA	NA	41.8209354	-71.44779319999999	Med High	2802.719150923148	Not yet determined
3093	2012-07-30	139861	13:57:00	Bicycle	NA	1	FALSE	FALSE	1	LABAN ST	WEBSTER AVE	2012-08-01	Two-Way , Not Divided	Dry	Daylight	Clear	Sidwswipe, Opposite Direction	No	No Controls	6	1	Complains Of Pain	2	41.81502	-71.45109	FALSE	FALSE	Laban Street and Webster Ave, Providence, RI, USA	FALSE	-71.4510569	41.815025	intersection	geometric_center	webster ave & laban st, providence, ri 02909, usa	NA	NA	NA	NA	41.815025	-71.4510569	Med High	2.8020306832180553	NA
3094	2012-07-28	139498	12:38:00	Bicycle	NA	NA	FALSE	FALSE	2	649 NORTH MAIN STREET	DOYLE AVENUE	2012-07-28	Two-Way , Not Divided	Dry	Daylight	Clear	Rear End(Front-to-Rear)	Yes, M/V and Driver Left Scene	No Controls	2	0	No Injury	2	41.83618	-71.41545	TRUE	FALSE	649 North Main Street, Providence, RI, USA	FALSE	-71.40882309999999	41.8381141	premise	rooftop	649 n main st, providence, ri 02904, usa	NA	NA	NA	NA	41.8381141	-71.40882309999999	High	590.2869808823999	Not yet determined
3095	2012-07-28	139534	16:29:00	Bicycle	NA	1	FALSE	FALSE	1	189 Canal St	PARK ROW	2012-07-28	Two-Way , Not Divided	Wet	Daylight	Cloudy	Sideswipe, Same Direction	No	No Controls	3	1	Complains Of Pain	3	41.82805	-71.41048	TRUE	FALSE	189 Canal Street, Providence, RI, USA	FALSE	-71.41018	41.82812	street_address	rooftop	189 canal st, providence, ri 02903, usa	NA	NA	NA	NA	41.82812	-71.41018	High	26.07639972072163	NA
3096	2012-07-25	139202	15:03:00	Bicycle	NA	1	FALSE	FALSE	1	Morning Star Row	NA	2012-07-25	Two-Way , Not Divided	Dry	Daylight	Clear	Not a Collision Between Two Motor Vehicles in Transport	No	No Controls	3	1	Non-Incapacitating	NA	41.82998	-71.41106	FALSE	TRUE	Morning Star Row, Providence, RI, USA	FALSE	-71.4203048	41.8117092	route	geometric_center	morning star row, providence, ri 02907, usa	NA	NA	NA	NA	41.8117092	-71.4203048	Inaccurate	2173.6903325161334	Not yet determined
3097	2012-07-25	139251	22:32:00	Bicycle	NA	1	FALSE	FALSE	1	COLLEGE ST	S MAIN ST	2012-07-26	One-Way Trafficway	Dry	Dark - Lighted	Clear	Angle (Front - to - Side) Right Angle (Includes Broadside)	No	Traffic Control Signal	5	0	No Injury	NA	41.82564	-71.40784	FALSE	FALSE	College Street and S Main Street, Providence, RI, USA	FALSE	-71.4037098	41.8208275	route	geometric_center	s main st, providence, ri 02903, usa	College Street & South Main Street, Providence, RI, USA	EjdDb2xsZWdlIFN0cmVldCAmIFNvdXRoIE1haW4gU3RyZWV0LCBQcm92aWRlbmNlLCBSSSwgVVNBImYiZAoUChIJD1urSRZF5IkRzGbOghZosXsSFAoSCQ9bq0kWReSJEcxmzoIWaLF7GhQKEgnR5cstFkXkiRH1TvxbNfBkPhoUChIJxfz7Uz5F5IkRx3FZv-YChPQiCg2TF-4YFdUHcNU	41.8256787	-71.4078251	41.8256787	-71.4078251	Med	4.481863987416751	NA
3098	2012-07-25	139252	23:00:00	Pedestrian	1	NA	FALSE	FALSE	1	754 Plainfield Street	DUXBURY ST	2012-07-26	Two-Way , Not Divided	Dry	Dark - Lighted	Clear	Not a Collision Between Two Motor Vehicles in Transport	No	No Controls	2	1	Complains Of Pain	NA	41.8102	-71.4624	TRUE	FALSE	754 Plainfield Street, Providence, RI, USA	FALSE	-71.4621343	41.8101341	street_address	rooftop	754 plainfield st, providence, ri 02909, usa	NA	NA	NA	NA	41.8101341	-71.4621343	High	23.2343974099777	NA
3099	2012-07-22	138580	02:45:00	Pedestrian	1	NA	FALSE	FALSE	1	HUXLEY AVE	VENTURA ST	2012-07-22	Two-Way , Not Divided	Dry	Dark - Lighted	Clear	Not a Collision Between Two Motor Vehicles in Transport	Yes, M/V and Driver Left Scene	No Controls	4	1	Incapacitating	NA	41.84473	-71.433	FALSE	FALSE	Huxley Ave and Ventura Street, Providence, RI, USA	FALSE	-71.4330143	41.8447539	intersection	geometric_center	huxley ave & ventura st, providence, ri 02908, usa	NA	NA	NA	NA	41.8447539	-71.4330143	Med High	2.91285786670705	NA
3100	2012-07-20	138388	09:08:00	Pedestrian	1	NA	FALSE	FALSE	1	NORTH MAIN STREET	5TH STREET	2012-07-20	Two-Way , Not Divided	Dry	Daylight	Cloudy	Other	No	Stop Signs	6	0	No Injury	4	41.8338	-71.41646	FALSE	FALSE	North Main Street and 5th Street, Providence, RI, USA	FALSE	-71.3966306	41.8506938	route	geometric_center	5th st, providence, ri 02906, usa	North Main Street & 5th Street, Providence, RI, USA	EjNOb3J0aCBNYWluIFN0cmVldCAmIDV0aCBTdHJlZXQsIFByb3ZpZGVuY2UsIFJJLCBVU0EiZiJkChQKEgl_PSFCwUTkiRFKUCtu1MEn-xIUChIJfz0hQsFE5IkRSlArbtTBJ_saFAoSCfn6QT3eROSJEV_Xrb4NXCM_GhQKEgldU4t3xkTkiRFWKUJwnAqkwiIKDbwq8hgVgftw1Q	41.8523836	-71.4015871	41.8523836	-71.4015871	Med	2408.504806825512	Not yet determined
3101	2012-07-20	138398	12:23:00	Pedestrian	1	NA	FALSE	FALSE	1	622 ELMWOOD AVE	ELMWOOD AVE	2012-07-20	Two-Way, Divided, Positive Median Barrier	Wet	Daylight	Cloudy	Other	Yes, M/V and Driver Left Scene	No Controls	2	0	No Injury	4	41.81023	-71.42382	TRUE	FALSE	622 Elmwood Ave, Providence, RI, USA	FALSE	-71.4243352	41.7951421	premise	rooftop	622 elmwood ave, providence, ri 02907, usa	NA	NA	NA	NA	41.7951421	-71.4243352	High	1680.1213774718256	Not yet determined
3102	2012-07-19	138370	22:26:00	Bicycle	NA	1	FALSE	FALSE	1	KILLINGLY ST	HARTFORD AVE	2012-07-19	Two-Way , Not Divided	Dry	Dark - Lighted	Clear	Angle (Front - to - Side) Opposite Direction	No	Traffic Control Signal	4	1	Non-Incapacitating	NA	41.81998	-71.46893	FALSE	FALSE	Killingly Street and Hartford Ave, Providence, RI, USA	FALSE	-71.46893519999999	41.8200273	intersection	geometric_center	killingly st & hartford ave, providence, ri 02909, usa	NA	NA	NA	NA	41.8200273	-71.46893519999999	Med High	5.283054242032729	NA
3103	2012-07-18	138164	11:44:00	Bicycle	NA	1	FALSE	FALSE	1	POINT ST	EDDY ST	2012-07-18	Two-Way, Divided, Positive Median Barrier	Dry	Daylight	Clear	Angle (Front - to - Side) Right Angle (Includes Broadside)	No	Traffic Control Signal	7	1	Incapacitating	4	41.81687	-71.40648	FALSE	FALSE	Point Street and Eddy Street, Providence, RI, USA	FALSE	-71.4064202	41.816823	intersection	geometric_center	point st & eddy st, providence, ri 02903, usa	NA	NA	NA	NA	41.816823	-71.4064202	Med High	7.210275860185515	NA
3104	2012-07-17	138035	14:33:00	Pedestrian	1	NA	FALSE	FALSE	1	WHITEHALL ST	21-23 WHITEHALL ST	2012-07-17	Two-Way , Not Divided	Dry	Daylight	Clear	Head-On (Front - to - Front)	No	No Controls	4	1	Complains Of Pain	NA	41.81222	-71.446	FALSE	FALSE	Whitehall Street and 21-23 Whitehall Street, Providence, RI, USA	FALSE	-71.44614589999999	41.8122287	premise	rooftop	21 whitehall st, providence, ri 02909, usa	NA	NA	NA	NA	41.8122287	-71.44614589999999	Med High	12.14402817013792	NA
3105	2012-07-16	137891	15:12:00	Bicycle	NA	1	FALSE	FALSE	1	MANTON AVE	ORTOLEVA DR	2012-07-16	Two-Way , Not Divided	Dry	Daylight	Clear	Not a Collision Between Two Motor Vehicles in Transport	No	Traffic Control Signal	2	0	No Injury	2	41.82589	-71.45777	FALSE	FALSE	Manton Ave and Ortoleva Dr, Providence, RI, USA	FALSE	-71.457764	41.825893	intersection	geometric_center	ortoleva dr & manton ave, providence, ri 02909, usa	NA	NA	NA	NA	41.825893	-71.457764	Med High	0.5993732621272978	NA
3106	2012-07-14	137724	21:19:00	Bicycle	NA	1	FALSE	FALSE	1	HOPE ST	GLENDALE AVE	2012-07-14	Two-Way , Not Divided	Sand	Dark - Lighted	Clear	Not a Collision Between Two Motor Vehicles in Transport	No	No Controls	2	1	Non-Incapacitating	NA	41.84739	-71.39582	FALSE	FALSE	Hope Street and Glendale Ave, Providence, RI, USA	FALSE	-71.3958007	41.8474356	intersection	geometric_center	hope st & glendale ave, providence, ri 02906, usa	NA	NA	NA	NA	41.8474356	-71.3958007	Med High	5.322491125994351	NA
3107	2012-07-13	137573	08:33:00	Pedestrian	1	NA	FALSE	FALSE	1	DORRANCE STREET	WEYBOSSET STREET	2012-07-13	Two-Way , Not Divided	Dry	Daylight	Clear	Other	No	Traffic Control Signal	4	1	Complains Of Pain	2	41.82241	-71.41013	FALSE	FALSE	Dorrance Street and Weybosset Street, Providence, RI, USA	FALSE	-71.4109933	41.8230796	intersection	geometric_center	weybosset st & dorrance st, providence, ri 02903, usa	NA	NA	NA	NA	41.8230796	-71.4109933	Med High	103.36850900599174	Not yet determined
3108	2012-07-13	137628	17:07:00	Pedestrian	1	NA	TRUE	FALSE	1	JEWETT ST	CALAIS ST	2012-07-13	Two-Way , Not Divided	Dry	Daylight	Clear	Other	No	No Controls	2	1	Complains Of Pain	NA	41.83224	-71.42005	FALSE	FALSE	Jewett Street and Calais Street, Providence, RI, USA	FALSE	-71.420219	41.83231	intersection	geometric_center	jewett st & calais st, providence, ri 02908, usa	NA	NA	NA	NA	41.83231	-71.420219	Med High	16.03786776358843	NA
3109	2012-07-09	137117	16:44:00	Bicycle	NA	1	FALSE	FALSE	1	ALLSTON ST	RIVER AVE	2012-07-09	Two-Way , Not Divided	Dry	Daylight	Clear	Angle (Front - to - Side) Right Angle (Includes Broadside)	No	Stop Signs	3	1	Complains Of Pain	NA	41.8298	-71.43651	FALSE	FALSE	Allston Street and River Ave, Providence, RI, USA	FALSE	-71.4365037	41.8298009	intersection	geometric_center	river ave & allston st, providence, ri 02908, usa	NA	NA	NA	NA	41.8298009	-71.4365037	Med High	0.5320860308076583	NA
3110	2012-07-09	137136	17:04:00	Pedestrian	1	NA	FALSE	FALSE	1	Hannah st	AMSTERDAM ST	2012-07-09	Two-Way , Not Divided	Dry	Daylight	Clear	Not a Collision Between Two Motor Vehicles in Transport	Yes, M/V and Driver Left Scene	No Controls	1	1	Complains Of Pain	2	41.82435	-71.4487	FALSE	FALSE	Hannah Street and Amsterdam Street, Providence, RI, USA	FALSE	-71.44873969999999	41.8243733	intersection	geometric_center	amsterdam st & hannah st, providence, ri 02909, usa	NA	NA	NA	NA	41.8243733	-71.44873969999999	Med High	4.192049541613285	NA
3111	2012-07-09	137173	22:24:00	Pedestrian	1	NA	FALSE	FALSE	1	KINSLEY AVE	PARK ST	2012-07-09	One-Way Trafficway	Dry	Dark - Lighted	Clear	Not a Collision Between Two Motor Vehicles in Transport	No	No Controls	4	1	Complains Of Pain	NA	41.82754	-71.41768	FALSE	FALSE	Kinsley Ave and Park Street, Providence, RI, USA	FALSE	-71.4294878	41.8282653	route	geometric_center	kinsley ave, providence, ri, usa	NA	NA	NA	NA	41.8282653	-71.4294878	Med	982.7776248573047	Not yet determined
3112	2012-07-08	137099	16:37:00	Pedestrian	1	NA	FALSE	FALSE	1	BANCROFT ST	KELLEY ST	2012-07-09	Unknown	Dry	Daylight	Clear	Not a Collision Between Two Motor Vehicles in Transport	Yes, M/V and Driver Left Scene	No Controls	1	1	Complains Of Pain	NA	41.81299	-71.44798	FALSE	FALSE	Bancroft Street and Kelley Street, Providence, RI, USA	FALSE	-71.4480739	41.8130759	intersection	geometric_center	bancroft st & kelly st, providence, ri 02909, usa	NA	NA	NA	NA	41.8130759	-71.4480739	Med High	12.334302213213277	NA
3113	2012-07-07	137554	12:10:00	Pedestrian	1	NA	FALSE	FALSE	1	PLAINFIELD ST	DUXBURY ST	2012-07-13	Two-Way, Divided, Positive Median Barrier	Dry	Daylight	Clear	Not a Collision Between Two Motor Vehicles in Transport	No	Stop Signs	2	1	Complains Of Pain	NA	41.81067	-71.46221	FALSE	FALSE	Plainfield Street and Duxbury Street, Providence, RI, USA	FALSE	-71.461586	41.8121529	intersection	geometric_center	duxbury st & plainfield st, providence, ri 02909, usa	NA	NA	NA	NA	41.8121529	-71.461586	Med High	173.0044211202979	Not yet determined
3114	2012-07-04	136616	12:32:00	Bicycle	NA	1	FALSE	FALSE	1	MOUNT PLEASANT AVENUE	CHALKSTONE AVENUE	2012-07-04	Two-Way , Not Divided	Dry	Daylight	Clear	Angle (Front - to - Side) Right Angle (Includes Broadside)	No	Traffic Control Signal	3	1	Complains Of Pain	2	41.81499	-71.37472	FALSE	FALSE	Mount Pleasant Avenue and Chalkstone Avenue, Providence, RI, USA	FALSE	-71.4497544	41.83271	intersection	geometric_center	mt pleasant ave & chalkstone ave, providence, ri 02908, usa	NA	NA	NA	NA	41.83271	-71.4497544	Med High	6529.572449518888	Not yet determined