row_number	crash_date	crash_report_id	crash_time	collision_type	count_pedestrian	count_bicycle	scooter	wheel_chair	number_of_vehicles	street_or_highway	nearest_intersection	report_date	type_of_roadway	road_surface_condition	light_condition	weather_condition	manner_of_impact	hit_and_run	traffic_control	person_count	injury_count	most_serious_injury	number_of_lanes	lat_raw	lon_raw	has_st_number	is_intersection_null	address_sent_to_geocoder	is_address_blank	lon_api_first_try	lat_api_first_try	type	loctype	address_returned_by_geocoder	address_returned_by_autocomplete	place_ids_autocompleted	lat_api_second_try	lon_api_second_try	lat_api_best	lon_api_best	api_coord_conf	distance_btwn_coords_meters	best_coordinate_set
3205	2012-03-15	121825	23:22:00	Pedestrian	1	NA	FALSE	FALSE	1	PINE ST	DORRANCE ST	2012-03-16	Two-Way , Not Divided	Dry	Dark - Lighted	Clear	Not a Collision Between Two Motor Vehicles in Transport	No	Traffic Control Signal	5	0	No Injury	NA	41.82241	-71.41013	FALSE	FALSE	Pine Street and Dorrance Street, Providence, RI, USA	FALSE	-71.4100874	41.822464	intersection	geometric_center	pine st & dorrance st, providence, ri 02903, usa	NA	NA	NA	NA	41.822464	-71.4100874	Med High	6.973096281338903	NA
3206	2012-03-14	121281	08:34:00	Pedestrian	1	NA	FALSE	FALSE	1	Adalaide	Niagra	2012-03-14	Two-Way , Not Divided	Dry	Daylight	Cloudy	Not a Collision Between Two Motor Vehicles in Transport	Yes, M/V and Driver Left Scene	Stop Signs	1	1	Complains Of Pain	2	41.79849	-71.42627	FALSE	FALSE	Adalaide and Niagra, Providence, RI, USA	FALSE	-71.4182864	41.7979925	intersection	geometric_center	adelaide ave & niagara st, providence, ri 02907, usa	NA	NA	NA	NA	41.7979925	-71.4182864	Med High	664.8558903234455	Not yet determined
3207	2012-03-14	121484	16:39:00	Bicycle	NA	1	FALSE	FALSE	1	NINIGRET AVE	ANTHONY AVE	2012-03-14	Two-Way , Not Divided	Dry	Daylight	Clear	Not a Collision Between Two Motor Vehicles in Transport	Yes, M/V and Driver Left Scene	No Controls	2	1	Complains Of Pain	NA	41.80364	-71.43704	FALSE	FALSE	Ninigret Ave and Anthony Ave, Providence, RI, USA	FALSE	-71.4370074	41.8037108	intersection	geometric_center	anthony ave & ninigret ave, providence, ri 02907, usa	NA	NA	NA	NA	41.8037108	-71.4370074	Med High	8.332756228901278	NA
3208	2012-03-12	121595	18:31:00	Pedestrian	1	NA	FALSE	FALSE	1	ELMDALE AVE	WEBSTER AVE	2012-03-15	Two-Way , Not Divided	Dry	Daylight	Clear	Not a Collision Between Two Motor Vehicles in Transport	No	No Controls	2	1	Complains Of Pain	NA	41.80746	-71.44785	FALSE	FALSE	Elmdale Ave and Webster Ave, Providence, RI, USA	FALSE	-71.4478475	41.8074709	intersection	geometric_center	elmdale ave & webster ave, providence, ri 02909, usa	NA	NA	NA	NA	41.8074709	-71.4478475	Med High	1.2309868701611077	NA
3209	2012-03-10	120622	00:20:00	Bicycle	1	NA	FALSE	FALSE	1	RADCLIFFE AVE	CHAD BROWN ST	2012-03-11	Two-Way , Not Divided	Dry	Dark - Not Lighted	Clear	Angle (Front - to - Side) Right Angle (Includes Broadside)	Yes, M/V and Driver Left Scene	Stop Signs	1	1	Non-Incapacitating	NA	41.83927	-71.43113	FALSE	FALSE	Radcliffe Ave and Chad Brown Street, Providence, RI, USA	FALSE	-71.4311219	41.8393259	intersection	geometric_center	chad brown st & radcliffe ave, providence, ri 02908, usa	NA	NA	NA	NA	41.8393259	-71.4311219	Med High	6.2589149971560305	NA
3210	2012-03-08	120255	09:11:00	Pedestrian	1	NA	FALSE	FALSE	1	387 CHARLES ST	SILVER SPRING ST	2012-03-08	Two-Way , Not Divided	Dry	Daylight	Clear	Head-On (Front - to - Front)	No	No Controls	3	1	Complains Of Pain	NA	41.84358	-71.41831	TRUE	FALSE	387 Charles Street, Providence, RI, USA	FALSE	-71.417562	41.843616	street_address	rooftop	387 charles st, providence, ri 02904, usa	NA	NA	NA	NA	41.843616	-71.417562	High	62.1606014552483	NA
3211	2012-03-07	120563	15:22:00	Pedestrian	1	NA	FALSE	TRUE	1	BRANCH AVENUE	VANDEWATER STREET	2012-03-10	Two-Way , Not Divided	Dry	Daylight	Clear	Other	No	Stop Signs	2	1	Complains Of Pain	NA	41.85367	-71.42883	FALSE	FALSE	Branch Avenue and Vandewater Street, Providence, RI, USA	FALSE	-71.428823	41.8536926	intersection	geometric_center	vandewater st & branch ave, providence, ri 02904, usa	NA	NA	NA	NA	41.8536926	-71.428823	Med High	2.5819052145350723	NA
3212	2012-03-02	119287	11:43:00	Pedestrian	1	NA	FALSE	FALSE	1	BLACKSTONE ST	EDDY ST	2012-03-02	Two-Way , Not Divided	Dry	Daylight	Clear	Head-On (Front - to - Front)	No	Stop Signs	4	2	Complains Of Pain	NA	41.81013	-71.40722	FALSE	FALSE	Blackstone Street and Eddy Street, Providence, RI, USA	FALSE	-71.4072137	41.8101324	intersection	geometric_center	eddy st & blackstone st, providence, ri 02905, usa	NA	NA	NA	NA	41.8101324	-71.4072137	Med High	0.5870467559816289	NA
3213	2012-03-01	119203	18:53:00	Pedestrian	1	NA	FALSE	FALSE	1	FOUNTAIN ST	UNION ST	2012-03-01	One-Way Trafficway	Wet	Dark - Lighted	Snow	Angle (Front - to - Side) Right Angle (Includes Broadside)	No	Pavement Markings	2	1	Incapacitating	4	41.82437	-71.41499	FALSE	FALSE	Fountain Street and Union Street, Providence, RI, USA	FALSE	-71.4150148	41.8243951	intersection	geometric_center	union st & fountain st, providence, ri 02902, usa	NA	NA	NA	NA	41.8243951	-71.4150148	Med High	3.4697926541818336	NA
3214	2012-03-01	119543	20:30:00	Pedestrian	1	NA	FALSE	FALSE	1	Manton Ave	Onleyville Square	2012-03-01	Two-Way, Divided, Positive Median Barrier	Wet	Dark - Lighted	Rain	Head-On (Front - to - Front)	No	Traffic Control Signal	2	1	Complains Of Pain	NA	41.81701	-71.44357	FALSE	FALSE	Manton Ave and Onleyville Square, Providence, RI, USA	FALSE	-71.4434849	41.8167835	route	geometric_center	olneyville square, providence, ri 02909, usa	NA	NA	NA	NA	41.8167835	-71.4434849	Med	26.18369832753082	NA
3215	2012-02-29	118900	06:54:00	Pedestrian	1	NA	FALSE	FALSE	1	705 ELMWOOD AVE	NA	2012-02-29	Unknown	Dry	Dawn	Clear	Not a Collision Between Two Motor Vehicles in Transport	No	No Controls	2	1	Complains Of Pain	NA	41.79281	-71.42339	TRUE	TRUE	705 Elmwood Ave, Providence, RI, USA	FALSE	-71.42381379999999	41.7922996	premise	rooftop	705 elmwood ave, providence, ri 02907, usa	NA	NA	NA	NA	41.7922996	-71.42381379999999	High	66.82367650594271	NA
3216	2012-02-29	119504	14:23:00	Bicycle	NA	1	FALSE	FALSE	1	ELMWOOD AVE	RESERVOIR AVE	2012-03-03	Two-Way , Not Divided	Wet	Daylight	Snow	Not a Collision Between Two Motor Vehicles in Transport	No	Traffic Control Signal	3	1	Complains Of Pain	3	41.79795	-71.42614	FALSE	FALSE	Elmwood Ave and Reservoir Ave, Providence, RI, USA	FALSE	-71.4258248	41.7971616	intersection	geometric_center	reservoir ave & elmwood ave, providence, ri 02907, usa	NA	NA	NA	NA	41.7971616	-71.4258248	Med High	91.5795870832804	NA
3217	2012-02-24	118197	10:54:00	Pedestrian	1	NA	FALSE	FALSE	1	DELAINE STREET	MANTON AVE	2012-02-24	Two-Way , Not Divided	Wet	Daylight	Rain	Sideswipe, Same Direction	No	Traffic Control Signal	2	1	Complains Of Pain	2	41.818	-71.44458	FALSE	FALSE	Delaine Street and Manton Ave, Providence, RI, USA	FALSE	-71.4446349	41.8179569	intersection	geometric_center	delaine st & manton ave, providence, ri 02909, usa	NA	NA	NA	NA	41.8179569	-71.4446349	Med High	6.615468632749448	NA
3218	2012-02-24	118347	18:24:00	Pedestrian	1	NA	FALSE	FALSE	1	WESTMINSTER ST	DEXTER ST	2012-02-25	Two-Way , Not Divided	Wet	Dark - Lighted	Rain	Not a Collision Between Two Motor Vehicles in Transport	No	No Controls	3	1	Complains Of Pain	NA	41.81659	-71.43134	FALSE	FALSE	Westminster Street and Dexter Street, Providence, RI, USA	FALSE	-71.4313462	41.8166033	intersection	geometric_center	dexter st & westminster st, providence, ri 02909, usa	NA	NA	NA	NA	41.8166033	-71.4313462	Med High	1.567358534700792	NA
3219	2012-02-22	117961	07:25:00	Bicycle	NA	1	FALSE	FALSE	1	US HWY 6 W EXIT	DEAN ST	2012-02-22	One-Way Trafficway	Wet	Daylight	Clear	Not a Collision Between Two Motor Vehicles in Transport	No	No Controls	3	1	Non-Incapacitating	NA	41.82657	-71.42605	FALSE	FALSE	Us Hwy 6 W Exit and Dean Street, Providence, RI, USA	FALSE	-71.4242155	41.8234078	route	geometric_center	dean st, providence, ri, usa	NA	NA	NA	NA	41.8234078	-71.4242155	Med	383.5003068215154	Not yet determined
3220	2012-02-20	117769	12:26:00	Bicycle	NA	1	FALSE	FALSE	1	THAYER ST	CUSHING ST	2012-02-20	One-Way Trafficway	Dry	Daylight	Clear	Not a Collision Between Two Motor Vehicles in Transport	No	No Controls	3	0	No Injury	NA	41.83003	-71.4009	FALSE	FALSE	Thayer Street and Cushing Street, Providence, RI, USA	FALSE	-71.4008874	41.8300326	intersection	geometric_center	thayer st & cushing st, providence, ri 02906, usa	NA	NA	NA	NA	41.8300326	-71.4008874	Med High	1.0844695673329656	NA
3221	2012-02-20	117795	15:13:00	Bicycle	NA	1	FALSE	FALSE	1	Knight Street	ATWELLS AVE	2012-02-20	Two-Way, Divided, Positive Median Barrier	Dry	Daylight	Clear	Other	No	Stop Signs	2	1	Complains Of Pain	NA	41.82398	-71.43234	FALSE	FALSE	Knight Street and Atwells Ave, Providence, RI, USA	FALSE	-71.4324553	41.824011	intersection	geometric_center	knight st & atwells ave, providence, ri 02903, usa	NA	NA	NA	NA	41.824011	-71.4324553	Med High	10.168199716241167	NA
3222	2012-02-20	117931	18:21:00	Pedestrian	1	NA	FALSE	FALSE	1	FALLON AVE	CHALKSTONE AVE	2012-02-20	Two-Way , Not Divided	Dry	Dark - Lighted	Clear	Not a Collision Between Two Motor Vehicles in Transport	No	No Controls	2	1	Complains Of Pain	NA	41.83235	-71.44335	FALSE	FALSE	Fallon Ave and Chalkstone Ave, Providence, RI, USA	FALSE	-71.443344	41.832336	intersection	geometric_center	fallon ave & chalkstone ave, providence, ri 02908, usa	NA	NA	NA	NA	41.832336	-71.443344	Med High	1.6360036095783337	NA
3223	2012-02-13	116852	15:38:00	Pedestrian	1	NA	FALSE	FALSE	1	BENEDICT ST	CRANSTON ST	2012-02-13	Two-Way , Not Divided	Dry	Daylight	Clear	Not a Collision Between Two Motor Vehicles in Transport	Yes, M/V and Driver Left Scene	No Controls	4	1	Complains Of Pain	NA	41.80576	-71.43816	FALSE	FALSE	Benedict Street and Cranston Street, Providence, RI, USA	FALSE	-71.43728569999999	41.805444	intersection	geometric_center	cranston st & benedict st, providence, ri 02907, usa	NA	NA	NA	NA	41.805444	-71.43728569999999	Med High	80.6267810191921	NA
3224	2012-02-10	116086	07:33:00	Pedestrian	1	NA	FALSE	FALSE	1	HARTFORD AVE	OPHELIA ST	2012-02-10	Two-Way , Not Divided	Dry	Daylight	Clear	Other	No	Stop Signs	3	1	Complains Of Pain	2	41.81934	-71.4641	FALSE	FALSE	Hartford Ave and Ophelia Street, Providence, RI, USA	FALSE	-71.46387109999999	41.8193324	intersection	geometric_center	ophelia st & hartford ave, providence, ri 02909, usa	NA	NA	NA	NA	41.8193324	-71.46387109999999	Med High	19.008601256163683	NA
3225	2012-02-10	116228	14:06:00	Pedestrian	1	NA	FALSE	FALSE	1	WESTMINSTER ST	DEAN ST	2012-02-11	Two-Way , Not Divided	Dry	Daylight	Clear	Not a Collision Between Two Motor Vehicles in Transport	No	Traffic Control Signal	3	1	Complains Of Pain	NA	41.81822	-71.42018	FALSE	FALSE	Westminster Street and Dean Street, Providence, RI, USA	FALSE	-71.4201851	41.8182066	intersection	geometric_center	dean st & westminster st, providence, ri 02903, usa	NA	NA	NA	NA	41.8182066	-71.4201851	Med High	1.5505268108105275	NA
3226	2012-02-10	116263	19:22:00	Bicycle	NA	NA	FALSE	FALSE	2	BERNON ST	CANDACE ST	2012-02-10	Two-Way , Not Divided	Dry	Dark - Lighted	Clear	Angle (Front - to - Side) Right Angle (Includes Broadside)	No	Stop Signs	4	1	Complains Of Pain	NA	41.83511	-71.4223	FALSE	FALSE	Bernon Street and Candace Street, Providence, RI, USA	FALSE	-71.4222968	41.8351104	intersection	geometric_center	candace st & bernon st, providence, ri 02908, usa	NA	NA	NA	NA	41.8351104	-71.4222968	Med High	0.269118977117413	NA
3227	2012-02-10	116524	22:15:00	Pedestrian	1	NA	FALSE	FALSE	1	WASHINGTON ST	EMPIRE ST	2012-02-12	Two-Way , Not Divided	Wet	Dark - Lighted	Rain	Other	Yes, M/V and Driver Left Scene	Traffic Control Signal	3	1	Non-Incapacitating	NA	41.82182	-71.41645	FALSE	FALSE	Washington Street and Empire Street, Providence, RI, USA	FALSE	-71.4157797	41.821349	route	geometric_center	empire st, providence, ri 02903, usa	Washington Street & Empire Street, Providence, RI, USA	EjZXYXNoaW5ndG9uIFN0cmVldCAmIEVtcGlyZSBTdHJlZXQsIFByb3ZpZGVuY2UsIFJJLCBVU0EiZiJkChQKEgmNpp3sEkXkiRHnvAEsqcaDvRIUChIJjaad7BJF5IkR57wBLKnGg70aFAoSCanazZwSReSJERoH0JajEjT2GhQKEgnHPO_pEkXkiRGhxI4iuiomFSIKDWmC7RgVI7hu1Q	41.82186009999999	-71.4164189	41.82186009999999	-71.4164189	Med	5.155853917904554	NA
3228	2012-02-09	115943	17:50:00	Bicycle	NA	1	FALSE	FALSE	1	ROGER WILLIAMS AVE	ELMWOOD AVE	2012-02-09	Two-Way, Divided, Positive Median Barrier	Dry	Dark - Lighted	Clear	Angle (Front - to - Side) Right Angle (Includes Broadside)	No	Traffic Control Signal	3	1	Complains Of Pain	NA	41.78851	-71.42102	FALSE	FALSE	Roger Williams Ave and Elmwood Ave, Providence, RI, USA	FALSE	-71.4209033	41.7885278	intersection	geometric_center	roger williams ave & elmwood ave, providence, ri 02907, usa	NA	NA	NA	NA	41.7885278	-71.4209033	Med High	9.886799377057029	NA
3229	2012-02-09	117024	10:56:00	Pedestrian	1	NA	FALSE	FALSE	1	CRANSTON ST	ANTHONY AVE	2012-02-15	Two-Way, Divided, Unprotected (painted>4feet) Medium	Dry	Daylight	Clear	Sideswipe, Same Direction	Yes, M/V and Driver Left Scene	No Controls	2	1	Complains Of Pain	NA	41.80423	-71.43868	FALSE	FALSE	Cranston Street and Anthony Ave, Providence, RI, USA	FALSE	-71.438571	41.804354	intersection	geometric_center	cranston st & anthony ave, providence, ri 02909, usa	NA	NA	NA	NA	41.804354	-71.438571	Med High	16.50301472857209	NA
3230	2012-02-08	115749	09:41:00	Pedestrian	1	NA	FALSE	FALSE	1	OLNEYVILLE SQ	HARTFORD AVE	2012-02-08	Two-Way, Divided, Unprotected (painted>4feet) Medium	Dry	Daylight	Clear	Not a Collision Between Two Motor Vehicles in Transport	No	No Controls	2	0	No Injury	NA	41.81681	-71.44372	FALSE	FALSE	Olneyville Sq and Hartford Ave, Providence, RI, USA	FALSE	-71.442835	41.816834	establishment	geometric_center	olneyville square, providence, ri 02909, usa	NA	NA	NA	NA	41.816834	-71.442835	Med	73.47192638371911	NA
3231	2012-02-07	115799	15:49:00	Bicycle	NA	1	FALSE	FALSE	1	Bond St	Atwells Ave	2012-02-07	One-Way Trafficway	Dry	Daylight	Clear	Other	No	Stop Signs	2	0	No Injury	NA	41.82333	-71.42313	FALSE	FALSE	Bond Street and Atwells Ave, Providence, RI, USA	FALSE	-71.4363598	41.8244829	route	geometric_center	atwells ave, providence, ri, usa	Bond Street & Atwells Ave, Providence, RI, USA	Ei5Cb25kIFN0cmVldCAmIEF0d2VsbHMgQXZlLCBQcm92aWRlbmNlLCBSSSwgVVNBImYiZAoUChIJhz7GjwxF5IkRn6nLeZ_KtU0SFAoSCYc-xo8MReSJEZ-py3mfyrVNGhQKEglDJR-PDEXkiRGOixKkHhnewxoUChIJ7W1EBqJF5IkRRornUFgoCTQiCg3-u-0YFT2ybdU	41.8233342	-71.4231235	41.8233342	-71.4231235	Med	0.7136845485120299	NA
3232	2012-02-06	115369	08:14:00	Pedestrian	1	NA	FALSE	FALSE	1	Dorrance St	Fulton St	2012-02-06	Two-Way , Not Divided	Dry	Daylight	Clear	Other	No	Traffic Control Signal	2	1	Complains Of Pain	2	41.82413	-71.41236	FALSE	FALSE	Dorrance Street and Fulton Street, Providence, RI, USA	FALSE	-71.4123699	41.8241644	intersection	geometric_center	fulton st & dorrance st, providence, ri 02903, usa	NA	NA	NA	NA	41.8241644	-71.4123699	Med High	3.9164634624441232	NA
3233	2012-02-03	114979	12:18:00	Pedestrian	1	NA	FALSE	FALSE	1	Park Row	CANAL ST	2012-02-03	One-Way Trafficway	Dry	Daylight	Clear	Other	Yes, M/V and Driver Left Scene	Stop Signs	4	1	Complains Of Pain	NA	41.82669	-71.40949	FALSE	FALSE	Park Row and Canal Street, Providence, RI, USA	FALSE	-71.4106907	41.8284695	intersection	geometric_center	park row w & canal st, providence, ri 02903, usa	NA	NA	NA	NA	41.8284695	-71.4106907	Med High	221.72210618232515	Not yet determined
3234	2012-02-03	115721	09:21:00	Pedestrian	1	NA	FALSE	FALSE	1	CALIFORNIA AVE	EDDY ST	2012-02-08	Two-Way , Not Divided	Dry	Daylight	Clear	Other	No	No Controls	2	1	Complains Of Pain	NA	41.78814	-71.4025	FALSE	FALSE	California Ave and Eddy Street, Providence, RI, USA	FALSE	-71.4025688	41.7881499	intersection	geometric_center	eddy st & california ave, providence, ri 02905, usa	NA	NA	NA	NA	41.7881499	-71.4025688	Med High	5.815864417623721	NA
3235	2012-02-01	114736	15:38:00	Pedestrian	1	NA	FALSE	FALSE	1	BAXTER ST	NORWICH AVE	2012-02-01	Two-Way , Not Divided	Dry	Daylight	Clear	Other	Yes, M/V and Driver Left Scene	No Controls	2	1	Complains Of Pain	NA	41.80273	-71.41628	FALSE	FALSE	Baxter Street and Norwich Ave, Providence, RI, USA	FALSE	-71.4162789	41.802741	intersection	geometric_center	baxter st & norwich ave, providence, ri 02905, usa	NA	NA	NA	NA	41.802741	-71.4162789	Med High	1.227911919757661	NA
3236	2012-01-31	114756	19:15:00	Bicycle	NA	1	FALSE	FALSE	1	F C GREENE MEMORIAL BLVD	NORWOOD AVE	2012-02-01	Two-Way , Not Divided	Dry	Dark - Not Lighted	Clear	Not a Collision Between Two Motor Vehicles in Transport	No	No Controls	2	0	No Injury	NA	41.77983	-71.40607	FALSE	FALSE	F C Greene Memorial Blvd and Norwood Ave, Providence, RI, USA	FALSE	-71.4060104	41.7798731	intersection	geometric_center	norwood ave & f c greene memorial blvd, providence, ri 02905, usa	NA	NA	NA	NA	41.7798731	-71.4060104	Med High	6.8918444705342115	NA
3237	2012-01-30	114344	08:05:00	Pedestrian	2	NA	FALSE	FALSE	1	ROCHAMBEAU AVE	ELMGROVE AVE	2012-01-30	Two-Way , Not Divided	Dry	Daylight	Clear	Not a Collision Between Two Motor Vehicles in Transport	No	Stop Signs	4	2	Complains Of Pain	NA	41.84657	-71.39126	FALSE	FALSE	Rochambeau Ave and Elmgrove Ave, Providence, RI, USA	FALSE	-71.39126569999999	41.8465779	intersection	geometric_center	rochambeau ave & elmgrove ave, providence, ri 02906, usa	NA	NA	NA	NA	41.8465779	-71.39126569999999	Med High	0.9984034366292195	NA
3238	2012-01-29	114346	14:32:00	Pedestrian	1	NA	FALSE	FALSE	1	EMPIRE ST	WASHINGTON ST	2012-01-30	Two-Way , Not Divided	Dry	Daylight	Clear	Not a Collision Between Two Motor Vehicles in Transport	No	Traffic Control Signal	2	1	Complains Of Pain	3	41.82181	-71.41644	FALSE	FALSE	Empire Street and Washington Street, Providence, RI, USA	FALSE	-71.4164189	41.82186009999999	intersection	geometric_center	empire st & washington st, providence, ri 02903, usa	NA	NA	NA	NA	41.82186009999999	-71.4164189	Med High	5.845343875031588	NA
3239	2012-01-27	114155	17:22:00	Pedestrian	1	NA	FALSE	FALSE	1	POTTERS AVE	HAMILTON ST	2012-01-27	Two-Way , Not Divided	Dry	Dark - Lighted	Clear	Not a Collision Between Two Motor Vehicles in Transport	Yes, M/V and Driver Left Scene	Stop Signs	1	1	Complains Of Pain	NA	41.80188	-71.42265	FALSE	FALSE	Potters Ave and Hamilton Street, Providence, RI, USA	FALSE	-71.4226249	41.8019071	intersection	geometric_center	potters ave & hamilton st, providence, ri 02907, usa	NA	NA	NA	NA	41.8019071	-71.4226249	Med High	3.66595818519462	NA
3240	2012-01-27	114192	14:02:00	Pedestrian	1	NA	FALSE	FALSE	1	GASPEE ST	FRANCIS ST	2012-01-28	Two-Way , Not Divided	Dry	Daylight	Cloudy	Not a Collision Between Two Motor Vehicles in Transport	No	No Controls	2	0	No Injury	2	41.82916	-71.41494	FALSE	FALSE	Gaspee Street and Francis Street, Providence, RI, USA	FALSE	-71.4150688	41.8291763	intersection	geometric_center	gaspee st & francis st, providence, ri 02903, usa	NA	NA	NA	NA	41.8291763	-71.4150688	Med High	10.836722513577104	NA
3241	2012-01-26	113951	18:18:00	Pedestrian	1	NA	FALSE	FALSE	1	WESTMINSTER ST	CAHIR ST	2012-01-26	Two-Way , Not Divided	Wet	Dark - Lighted	Rain	Head-On (Front - to - Front)	No	No Controls	3	1	Complains Of Pain	NA	41.81828	-71.42005	FALSE	FALSE	Westminster Street and Cahir Street, Providence, RI, USA	FALSE	-71.4201851	41.8182066	intersection	geometric_center	cahir st & westminster st, providence, ri 02903, usa	NA	NA	NA	NA	41.8182066	-71.4201851	Med High	13.870361871987251	NA
3242	2012-01-26	114842	17:03:00	Pedestrian	1	NA	FALSE	FALSE	1	ASHBURTON ST	RANDALL ST	2012-01-26	Two-Way, Divided, Unprotected (painted>4feet) Medium	Wet	Dark - Lighted	Sleet, Hail (Freezing Rain or Drizzle)	Not a Collision Between Two Motor Vehicles in Transport	No	No Controls	2	1	Complains Of Pain	2	41.83578	-71.41199	FALSE	FALSE	Ashburton Street and Randall Street, Providence, RI, USA	FALSE	-71.4122381	41.8360855	intersection	geometric_center	randall st & ashburton, providence, ri 02904, usa	NA	NA	NA	NA	41.8360855	-71.4122381	Med High	39.74890709230439	NA
3243	2012-01-25	113780	19:03:00	Bicycle	NA	1	FALSE	FALSE	1	RUGBY ST	THURBERS AVE	2012-01-25	Two-Way , Not Divided	Dry	Dark - Lighted	Clear	Other	No	No Controls	2	1	Complains Of Pain	NA	41.79963	-71.40726	FALSE	FALSE	Rugby Street and Thurbers Ave, Providence, RI, USA	FALSE	-71.4072534	41.7996465	intersection	geometric_center	thurbers ave & rugby st, providence, ri 02905, usa	NA	NA	NA	NA	41.7996465	-71.4072534	Med High	1.9166942812166188	NA
3244	2012-01-24	113411	10:14:00	Pedestrian	1	NA	FALSE	FALSE	1	1268 Broad St	PARKVIEW AVE	2012-01-24	Unknown	Dry	Daylight	Clear	Not a Collision Between Two Motor Vehicles in Transport	No	No Controls	2	1	Incapacitating	NA	41.79213	-71.40712	TRUE	FALSE	1268 Broad Street, Providence, RI, USA	FALSE	-71.40628439999999	41.79213850000001	street_address	range_interpolated	1268 broad st, providence, ri 02905, usa	NA	NA	NA	NA	41.79213850000001	-71.40628439999999	High	69.35807441112239	NA
3245	2012-01-24	113435	09:12:00	Bicycle	NA	1	FALSE	FALSE	1	BROAD ST	SERVICE ROAD 8	2012-01-24	One-Way Trafficway	Wet	Daylight	Clear	Angle (Front - to - Side) Right Angle (Includes Broadside)	No	Traffic Control Signal	6	1	Incapacitating	2	41.81796	-71.41629	FALSE	FALSE	Broad Street and Service Road 8, Providence, RI, USA	FALSE	-71.391257	41.7939064	street_address	range_interpolated	8 service rd, providence, ri 02905, usa	NA	NA	NA	NA	41.7939064	-71.391257	Med High	3388.874619619992	Not yet determined
3246	2012-01-17	112343	14:52:00	Pedestrian	1	NA	FALSE	FALSE	1	N MAIN ST	OLNEY ST	2012-01-17	One-Way Trafficway	Wet	Daylight	Rain	Other	No	No Controls	4	1	Fatal	NA	41.83606	-71.4097	FALSE	FALSE	N Main Street and Olney Street, Providence, RI, USA	FALSE	-71.4030852	41.8356978	route	geometric_center	olney st, providence, ri, usa	North Main Street & Olney Street, Providence, RI, USA	EjVOb3J0aCBNYWluIFN0cmVldCAmIE9sbmV5IFN0cmVldCwgUHJvdmlkZW5jZSwgUkksIFVTQSJmImQKFAoSCecyguceReSJEZoaCA_vhqGHEhQKEgnnMoLnHkXkiRGaGggP74ahhxoUChIJ-fpBPd5E5IkRX9etvg1cIz8aFAoSCQX4NfkgReSJEcWuz-GfMl1QIgoNEYfvGBVWum_V	41.8350865	-71.409809	41.8350865	-71.409809	Med	108.74595884016067	Not yet determined
3247	2012-01-12	114078	23:35:00	Pedestrian	1	NA	FALSE	FALSE	1	307 ALLENS AVE	ALLENS AVE	2012-01-12	Two-Way , Not Divided	Wet	Dark - Lighted	Rain	Not a Collision Between Two Motor Vehicles in Transport	No	No Controls	2	1	Complains Of Pain	NA	41.80486	-71.40223	TRUE	FALSE	307 Allens Ave, Providence, RI, USA	FALSE	-71.4024534	41.8047583	premise	rooftop	307 allens ave, providence, ri 02905, usa	NA	NA	NA	NA	41.8047583	-71.4024534	High	21.721304820581945	NA
3248	2012-01-11	111363	17:28:00	Pedestrian	1	NA	FALSE	FALSE	1	WESTMINSTER ST EXIT	WESTMINSTER ST	2012-01-11	One-Way Trafficway	Dry	Dark - Not Lighted	Clear	Sideswipe, Same Direction	No	Traffic Control Signal	4	0	No Injury	2	41.81575	-71.43866	FALSE	FALSE	Westminster Street Exit and Westminster Street, Providence, RI, USA	FALSE	-71.4257801	41.8171825	route	geometric_center	westminster st, providence, ri, usa	NA	NA	NA	NA	41.8171825	-71.4257801	Med	1080.4098839185053	Not yet determined
3249	2012-01-07	113774	16:56:00	Pedestrian	1	NA	FALSE	FALSE	1	Wickenden Street	HOPE ST	2012-01-25	Two-Way , Not Divided	Dry	Dark - Lighted	Clear	Other	No	Stop Signs	2	1	Incapacitating	2	41.81981	-71.39542	FALSE	FALSE	Wickenden Street and Hope Street, Providence, RI, USA	FALSE	-71.3953923	41.8198132	intersection	geometric_center	wickenden st & hope st, providence, ri 02903, usa	NA	NA	NA	NA	41.8198132	-71.3953923	Med High	2.325447456939263	NA
3250	2012-01-06	110481	22:54:00	Pedestrian	1	NA	FALSE	FALSE	1	200 UNION AVE	WHITEHALL ST	2012-01-07	Two-Way , Not Divided	Dry	Dark - Lighted	Clear	Not a Collision Between Two Motor Vehicles in Transport	No	No Controls	3	1	Non-Incapacitating	NA	41.80778	-71.4439	TRUE	FALSE	200 Union Ave, Providence, RI, USA	FALSE	-71.4433639	41.8077864	premise	rooftop	200 union ave, providence, ri 02909, usa	NA	NA	NA	NA	41.8077864	-71.4433639	High	44.48910024190529	NA