row_number	crash_date	crash_report_id	crash_time	collision_type	count_pedestrian	count_bicycle	scooter	wheel_chair	number_of_vehicles	street_or_highway	nearest_intersection	report_date	type_of_roadway	road_surface_condition	light_condition	weather_condition	manner_of_impact	hit_and_run	traffic_control	person_count	injury_count	most_serious_injury	number_of_lanes	lat_raw	lon_raw	has_st_number	is_intersection_null	address_sent_to_geocoder	is_address_blank	lon_api_first_try	lat_api_first_try	type	loctype	address_returned_by_geocoder	address_returned_by_autocomplete	place_ids_autocompleted	lat_api_second_try	lon_api_second_try	lat_api_best	lon_api_best	api_coord_conf	distance_btwn_coords_meters	best_coordinate_set
3784	2009-12-10	19887	16:30:00	Bicycle	NA	1	FALSE	FALSE	1	OLNEY ST.	NORTH MAIN ST.	2009-12-11	Two-Way , Not Divided	Dry	Daylight	Clear	Other	Unknown	Traffic Control Signal	2	1	Non-Incapacitating	2	NA	NA	FALSE	FALSE	Olney St. and North Main St., Providence, RI, USA	FALSE	-71.5479058	41.7335481	route	geometric_center	n main st, rhode island, usa	Olney St & N Main St, Providence, RI, USA	EilPbG5leSBTdCAmIE4gTWFpbiBTdCwgUHJvdmlkZW5jZSwgUkksIFVTQSJmImQKFAoSCecyguceReSJEZoaCA_vhqGHEhQKEgnnMoLnHkXkiRGaGggP74ahhxoUChIJBfg1-SBF5IkRxa7P4Z8yXVAaFAoSCfn6QT3eROSJEV_Xrb4NXCM_IgoNEYfvGBVWum_V	41.8350865	-71.409809	41.8350865	-71.409809	Med	NA	NA
3785	2009-12-04	19694	08:26:00	Pedestrian	1	NA	FALSE	FALSE	1	Academy	NA	2009-12-04	Two-Way, Divided, Unprotected (painted>4feet) Medium	Dry	Daylight	Clear	Other	No	No Controls	5	1	Complains Of Pain	2	NA	NA	FALSE	TRUE	Academy, Providence, RI, USA	FALSE	-71.4128343	41.8239891	locality	approximate	providence, ri, usa	NA	NA	NA	NA	41.8239891	-71.4128343	Inaccurate	NA	NA
3786	2009-12-02	19678	09:42:00	Bicycle	NA	1	FALSE	FALSE	1	BROOK STREET	GEORGE STREET	2009-12-03	Two-Way , Not Divided	Wet	Dark - Lighted	Rain	Other	No	Stop Signs	3	1	Non-Incapacitating	2	NA	NA	FALSE	FALSE	Brook Street and George Street, Providence, RI, USA	FALSE	-71.3998972	41.8255773	route	geometric_center	george st, providence, ri, usa	Brook Street & George Street, Providence, RI, USA	EjFCcm9vayBTdHJlZXQgJiBHZW9yZ2UgU3RyZWV0LCBQcm92aWRlbmNlLCBSSSwgVVNBImYiZAoUChIJj8XBaztF5IkRXiCnKg8LB84SFAoSCY_FwWs7ReSJEV4gpyoPCwfOGhQKEgmbZn1yO0XkiRF1hochEHgAaBoUChIJx-okYztF5IkRsmeONi5JlGUiCg3oFe4YFURecdU	41.825636	-71.39905879999999	41.825636	-71.39905879999999	Med	NA	NA
3787	2009-11-30	19609	12:40:00	Pedestrian	1	NA	FALSE	FALSE	1	FRUITHILL AVE	MANTON AVE	2009-11-30	Two-Way , Not Divided	Wet	Daylight	Rain	Unknown	Yes, M/V and Driver Left Scene	Traffic Control Signal	1	1	Complains Of Pain	2	NA	NA	FALSE	FALSE	Fruithill Ave and Manton Ave, Providence, RI, USA	FALSE	-71.46779980000001	41.8339162	intersection	geometric_center	manton ave & fruit hill ave, providence, ri 02909, usa	NA	NA	NA	NA	41.8339162	-71.46779980000001	Med High	NA	NA
3788	2009-11-30	19620	04:41:00	Pedestrian	1	NA	FALSE	FALSE	1	Public	Prairie	2009-11-30	Two-Way, Divided, Unprotected (painted>4feet) Medium	Wet	Dark - Lighted	Rain	Sideswipe, Same Direction	No	Traffic Control Signal	5	1	Non-Incapacitating	2	NA	NA	FALSE	FALSE	Public and Prairie, Providence, RI, USA	FALSE	-71.41427	41.8042755	route	geometric_center	prairie ave, providence, ri, usa	Public Street & Prairie Avenue, Providence, RI, USA	EjNQdWJsaWMgU3RyZWV0ICYgUHJhaXJpZSBBdmVudWUsIFByb3ZpZGVuY2UsIFJJLCBVU0EiZiJkChQKEgmX_umAY0XkiRE11H1NvClAthIUChIJl_7pgGNF5IkRNdR9TbwpQLYaFAoSCZcfTo9jReSJETWbfd0bKHGsGhQKEglPad_uY0XkiREcSUTGtdsaNCIKDbEF6xgV6PZu1Q	41.8055601	-71.41481200000001	41.8055601	-71.41481200000001	Med	NA	NA
3789	2009-11-24	19502	04:55:00	Pedestrian	1	NA	FALSE	FALSE	1	Hayes St	Francis St	2009-11-24	Two-Way , Not Divided	Dry	Dark - Lighted	Clear	Other	No	Traffic Control Signal	3	1	Complains Of Pain	NA	NA	NA	FALSE	FALSE	Hayes Street and Francis Street, Providence, RI, USA	FALSE	-71.415279	41.8291896	intersection	geometric_center	hayes st & francis st, providence, ri 02903, usa	NA	NA	NA	NA	41.8291896	-71.415279	Med High	NA	NA
3790	2009-11-24	19532	17:16:00	Pedestrian	1	NA	FALSE	FALSE	1	CANAL ST	STEEPLE ST	2009-11-26	One-Way Trafficway	Wet	Dark - Lighted	Cloudy	Sideswipe, Same Direction	No	No Controls	2	0	No Injury	3	NA	NA	FALSE	FALSE	Canal Street and Steeple Street, Providence, RI, USA	FALSE	-71.409299	41.8273889	route	geometric_center	steeple st, providence, ri 02903, usa	Canal Street & Steeple Street, Providence, RI, USA	EjJDYW5hbCBTdHJlZXQgJiBTdGVlcGxlIFN0cmVldCwgUHJvdmlkZW5jZSwgUkksIFVTQSJmImQKFAoSCQ1LJhAXReSJEb4kbbltoJezEhQKEgkNSyYQF0XkiRG-JG25baCXsxoUChIJy9SY0BlF5IkR-2tCJRBJALIaFAoSCWfS5AsXReSJEVCkIgYZAZ5lIgoNbFLuGBW0tm_V	41.8271852	-71.409902	41.8271852	-71.409902	Med	NA	NA
3791	2009-11-22	19420	01:12:00	Pedestrian	1	NA	FALSE	FALSE	1	Broad Street	Pennsylvania Street	2009-11-22	Two-Way , Not Divided	Dry	Dark - Lighted	Clear	Other	No	No Controls	2	1	Complains Of Pain	NA	NA	NA	FALSE	FALSE	Broad Street and Pennsylvania Street, Providence, RI, USA	FALSE	-71.4128343	41.8239891	locality	approximate	providence, ri, usa	NA	NA	NA	NA	41.8239891	-71.4128343	Med	NA	NA
3792	2009-11-21	19397	11:28:00	Pedestrian	1	NA	FALSE	FALSE	1	BROAD STREET	Potters AVE	2009-11-21	Two-Way , Not Divided	Dry	Daylight	Clear	Unknown	No	Traffic Control Signal	3	0	No Injury	2	NA	NA	FALSE	FALSE	Broad Street and Potters Ave, Providence, RI, USA	FALSE	-71.4218273	41.8021016	route	geometric_center	potters ave, providence, ri, usa	Broad Street & Potters Ave, Providence, RI, USA	Ei9Ccm9hZCBTdHJlZXQgJiBQb3R0ZXJzIEF2ZSwgUHJvdmlkZW5jZSwgUkksIFVTQSJmImQKFAoSCauAkzl9ReSJEY3tO4gYhWQKEhQKEgmrgJM5fUXkiRGN7TuIGIVkChoUChIJg9591YxP5IkRLKLKk5hLCKMaFAoSCaWCY799ReSJERKc-8AFuCoEIgoNaqHqGBXTVm7V	41.80299300000001	-71.4189101	41.80299300000001	-71.4189101	Med	NA	NA
3793	2009-11-20	19375	14:20:00	Pedestrian	1	NA	FALSE	FALSE	1	929 DOUGLAS AVENUE	NA	2009-11-20	Two-Way , Not Divided	Dry	Daylight	Clear	Other	No	No Controls	2	0	No Injury	2	NA	NA	TRUE	TRUE	929 Douglas Avenue, Providence, RI, USA	FALSE	-71.4375968	41.8532808	street_address	rooftop	929 douglas ave, providence, ri 02908, usa	NA	NA	NA	NA	41.8532808	-71.4375968	High	NA	NA
3794	2009-11-20	19406	04:02:00	Pedestrian	1	NA	FALSE	FALSE	1	Elwood Ave	Carter St	2009-11-21	Two-Way, Divided, Unprotected (painted>4feet) Medium	Dry	Daylight	Clear	Not a Collision Between Two Motor Vehicles in Transport	No	No Controls	2	1	Non-Incapacitating	4	NA	NA	FALSE	FALSE	Elwood Ave and Carter Street, Providence, RI, USA	FALSE	-71.426574	41.800197	intersection	geometric_center	carter st & elmwood ave, providence, ri 02907, usa	NA	NA	NA	NA	41.800197	-71.426574	Med High	NA	NA
3795	2009-11-18	19320	10:00:00	Pedestrian	1	NA	FALSE	FALSE	1	BROOK ST	BENEVOLENT ST	2009-11-18	Two-Way , Not Divided	Dry	Daylight	Clear	Sideswipe, Same Direction	No	No Controls	4	1	Incapacitating	2	NA	NA	FALSE	FALSE	Brook Street and Benevolent Street, Providence, RI, USA	FALSE	-71.39895160000002	41.8248965	intersection	geometric_center	benevolent st & brook st, providence, ri 02906, usa	NA	NA	NA	NA	41.8248965	-71.39895160000002	Med High	NA	NA
3796	2009-11-15	19245	03:23:00	Pedestrian	1	NA	FALSE	FALSE	1	WATERMAN STREET	GANO STREET	2009-11-15	Two-Way , Not Divided	Dry	Daylight	Clear	Other	No	Traffic Control Signal	5	0	No Injury	2	NA	NA	FALSE	FALSE	Waterman Street and Gano Street, Providence, RI, USA	FALSE	-71.3907591	41.8281814	intersection	geometric_center	gano st & waterman st, providence, ri 02906, usa	NA	NA	NA	NA	41.8281814	-71.3907591	Med High	NA	NA
3797	2009-11-14	19239	12:37:00	Pedestrian	1	NA	FALSE	FALSE	1	N/A	NA	2009-11-15	Unknown	Wet	Daylight	Rain	Unknown	Yes, M/V and Driver Left Scene	No Controls	2	0	No Injury	NA	NA	NA	FALSE	TRUE	N/A, Providence, RI, USA	FALSE	-71.4236451	41.8144846	route	geometric_center	a st, providence, ri 02907, usa	NA	NA	NA	NA	41.8144846	-71.4236451	Inaccurate	NA	NA
3798	2009-11-14	19257	01:51:00	Pedestrian	1	NA	FALSE	FALSE	1	College St	South Main St	2009-11-16	Two-Way , Not Divided	Wet	Dark - Lighted	Rain	Head-On (Front - to - Front)	No	Traffic Control Signal	4	1	Non-Incapacitating	2	NA	NA	FALSE	FALSE	College Street and South Main Street, Providence, RI, USA	FALSE	-71.4037098	41.8208275	route	geometric_center	s main st, providence, ri 02903, usa	College Street & South Main Street, Providence, RI, USA	EjdDb2xsZWdlIFN0cmVldCAmIFNvdXRoIE1haW4gU3RyZWV0LCBQcm92aWRlbmNlLCBSSSwgVVNBImYiZAoUChIJD1urSRZF5IkRzGbOghZosXsSFAoSCQ9bq0kWReSJEcxmzoIWaLF7GhQKEgnR5cstFkXkiRH1TvxbNfBkPhoUChIJxfz7Uz5F5IkRx3FZv-YChPQiCg2TF-4YFdUHcNU	41.8256787	-71.4078251	41.8256787	-71.4078251	Med	NA	NA
3799	2009-11-14	19302	19:22:00	Bicycle	NA	1	FALSE	FALSE	1	WESTMINSTER ST	BRIDGHAM ST	2009-11-17	Two-Way , Not Divided	Dry	Dark - Lighted	Clear	Unknown	No	Traffic Control Signal	3	1	Non-Incapacitating	2	NA	NA	FALSE	FALSE	Westminster Street and Bridgham Street, Providence, RI, USA	FALSE	-71.4284038	41.8169384	intersection	geometric_center	bridgham st & westminster st, providence, ri 02909, usa	NA	NA	NA	NA	41.8169384	-71.4284038	Med High	NA	NA
3800	2009-11-12	19188	06:31:00	Pedestrian	1	NA	FALSE	FALSE	1	310 CRANSTON STREET	DEXTER STREET	2009-11-13	Two-Way , Not Divided	Dry	Dark - Lighted	Clear	Rear End(Front-to-Rear)	Yes, M/V and Driver Left Scene	No Controls	2	1	Non-Incapacitating	NA	NA	NA	TRUE	FALSE	310 Cranston Street, Providence, RI, USA	FALSE	-71.4291479	41.8126796	premise	rooftop	310 cranston st, providence, ri 02907, usa	NA	NA	NA	NA	41.8126796	-71.4291479	High	NA	NA
3801	2009-11-10	19140	18:14:00	Bicycle	NA	1	FALSE	FALSE	1	302 BENEFIT ST.	BENEVOLENT ST.	2009-11-10	Two-Way , Not Divided	Dry	Dark - Lighted	Clear	Other	No	No Controls	3	0	No Injury	2	NA	NA	TRUE	FALSE	302 Benefit St., Providence, RI, USA	FALSE	-71.4053169	41.8239303	street_address	rooftop	302 benefit st, providence, ri 02903, usa	NA	NA	NA	NA	41.8239303	-71.4053169	High	NA	NA
3802	2009-11-10	19142	07:13:00	Pedestrian	1	NA	FALSE	FALSE	1	Westminster St.	Service Rd. 3	2009-11-10	Two-Way , Not Divided	Dry	Dark - Lighted	Clear	Angle (Front - to - Side) Same Direction	No	No Controls	2	1	Complains Of Pain	1	NA	NA	FALSE	FALSE	Westminster St. and Service Rd. 3, Providence, RI, USA	FALSE	-71.44060990000001	41.816332	intersection	geometric_center	service rd & westminster st, providence, ri 02909, usa	NA	NA	NA	NA	41.816332	-71.44060990000001	Med High	NA	NA
3803	2009-11-08	19089	14:00:00	Pedestrian	1	NA	FALSE	FALSE	1	385-387 ACADEMY AVE	JUSTICE ST	2009-11-08	Unknown	Dry	Daylight	Clear	Other	Yes, M/V and Driver Left Scene	No Controls	3	1	Complains Of Pain	1	NA	NA	FALSE	FALSE	385-387 Academy Ave and Justice Street, Providence, RI, USA	FALSE	-71.4442972	41.8354238	street_address	rooftop	385 academy ave, providence, ri 02908, usa	NA	NA	NA	NA	41.8354238	-71.4442972	Med High	NA	NA
3804	2009-11-07	19076	08:30:00	Pedestrian	1	NA	FALSE	FALSE	1	1477 Broad	NA	2009-11-07	Two-Way , Not Divided	Dry	Dark - Lighted	Clear	Other	No	No Controls	3	1	Complains Of Pain	2	NA	NA	TRUE	TRUE	1477 Broad, Providence, RI, USA	FALSE	-71.40286809999999	41.7869505	premise	rooftop	1477 broad st, providence, ri 02905, usa	NA	NA	NA	NA	41.7869505	-71.40286809999999	High	NA	NA
3805	2009-11-06	19027	07:57:00	Pedestrian	2	NA	FALSE	FALSE	1	324 ORMS STREET	SMITH STREET	2009-11-06	Two-Way , Not Divided	Dry	Daylight	Clear	Angle - Direction Not Specified	No	No Controls	8	2	Non-Incapacitating	2	NA	NA	TRUE	FALSE	324 Orms Street, Providence, RI, USA	FALSE	-71.42294869999999	41.8334751	premise	rooftop	324 orms st, providence, ri 02908, usa	NA	NA	NA	NA	41.8334751	-71.42294869999999	High	NA	NA
3806	2009-11-06	19047	17:45:00	Pedestrian	1	NA	FALSE	FALSE	1	Silver Spring St	Ledge St.	2009-11-06	Two-Way, Divided, Unprotected (painted>4feet) Medium	Dry	Dark - Lighted	Clear	Other	No	No Controls	3	1	Incapacitating	1	NA	NA	FALSE	FALSE	Silver Spring Street and Ledge St., Providence, RI, USA	FALSE	-71.412629	41.8531992	intersection	geometric_center	silver spring st & ledge st, providence, ri 02904, usa	NA	NA	NA	NA	41.8531992	-71.412629	Med High	NA	NA
3807	2009-11-06	19050	18:50:00	Pedestrian	1	NA	FALSE	FALSE	1	100 Imera Street	NA	2009-11-06	Two-Way , Not Divided	Dry	Dark - Lighted	Clear	Angle (Front - to - Side) Right Angle (Includes Broadside)	No	No Controls	4	1	Complains Of Pain	NA	NA	NA	TRUE	TRUE	100 Imera Street, Providence, RI, USA	FALSE	-71.45662100000001	41.8315058	premise	rooftop	100 imera st, providence, ri 02909, usa	NA	NA	NA	NA	41.8315058	-71.45662100000001	High	NA	NA
3808	2009-11-03	18959	21:39:00	Pedestrian	1	NA	FALSE	FALSE	1	EL MWOOD AVE.	LENOX AVE.	2009-11-04	Two-Way, Divided, Positive Median Barrier	Dry	Dark - Lighted	Clear	Head-On (Front - to - Front)	No	No Controls	9	1	Incapacitating	4	NA	NA	FALSE	FALSE	El Mwood Ave. and Lenox Ave., Providence, RI, USA	FALSE	-71.424723	41.7952146	intersection	geometric_center	lenox ave & elmwood ave, providence, ri 02907, usa	NA	NA	NA	NA	41.7952146	-71.424723	Med High	NA	NA
3809	2009-11-02	18923	12:04:00	Pedestrian	1	NA	FALSE	FALSE	1	Portland Street	Pine Street	2009-11-02	Two-Way , Not Divided	Dry	Daylight	Clear	Head-On (Front - to - Front)	No	Stop Signs	3	1	Non-Incapacitating	NA	NA	NA	FALSE	FALSE	Portland Street and Pine Street, Providence, RI, USA	FALSE	-71.419117	41.81297989999999	intersection	geometric_center	pine st & portland st, providence, ri 02907, usa	NA	NA	NA	NA	41.81297989999999	-71.419117	Med High	NA	NA
3810	2009-10-31	18869	22:57:00	Pedestrian	1	NA	FALSE	FALSE	1	Broad Street	Gallatin Street	2009-10-31	Two-Way , Not Divided	Dry	Dark - Lighted	Clear	Other	Yes, M/V and Driver Left Scene	No Controls	3	1	Complains Of Pain	NA	NA	NA	FALSE	FALSE	Broad Street and Gallatin Street, Providence, RI, USA	FALSE	-71.4190846	41.7955027	route	geometric_center	gallatin st, providence, ri 02907, usa	Broad Street & Gallatin Street, Providence, RI, USA	EjNCcm9hZCBTdHJlZXQgJiBHYWxsYXRpbiBTdHJlZXQsIFByb3ZpZGVuY2UsIFJJLCBVU0EiZiJkChQKEgkJfhJriU_kiRF5clWaMemS_xIUChIJCX4Sa4lP5IkReXJVmjHpkv8aFAoSCYPefdWMT-SJESyiypOYSwijGhQKEgkzIpfyhU_kiRFAHtABKE4PdCIKDRLB6RgVZCtv1Q	41.7972498	-71.4134684	41.7972498	-71.4134684	Med	NA	NA
3811	2009-10-31	18871	10:37:00	Pedestrian	1	NA	FALSE	FALSE	1	Cranston Street	Wendell Street	2009-10-31	Two-Way , Not Divided	Dry	Daylight	Clear	Head-On (Front - to - Front)	No	No Controls	3	1	Non-Incapacitating	2	NA	NA	FALSE	FALSE	Cranston Street and Wendell Street, Providence, RI, USA	FALSE	-71.4315335	41.8115212	intersection	geometric_center	cranston st & wendell st, providence, ri 02909, usa	NA	NA	NA	NA	41.8115212	-71.4315335	Med High	NA	NA
3812	2009-10-30	18996	13:16:00	Pedestrian	1	NA	FALSE	FALSE	1	325 Valley	NA	2009-11-05	Two-Way , Not Divided	Dry	Daylight	Clear	Other	No	No Controls	2	1	Complains Of Pain	NA	NA	NA	TRUE	TRUE	325 Valley, Providence, RI, USA	FALSE	-71.43438909999999	41.8293588	neighborhood	approximate	valley, providence, ri, usa	NA	NA	NA	NA	41.8293588	-71.43438909999999	High	NA	NA
3813	2009-10-29	18833	06:20:00	Bicycle	NA	1	FALSE	FALSE	1	BROOK STREET	TRANSIT STREET	2009-10-29	Two-Way , Not Divided	Dry	Dark - Not Lighted	Cloudy	Angle - Direction Not Specified	No	Stop Signs	2	1	Non-Incapacitating	2	NA	NA	FALSE	FALSE	Brook Street and Transit Street, Providence, RI, USA	FALSE	-71.3983698	41.820544	intersection	geometric_center	transit st & brook st, providence, ri 02906, usa	NA	NA	NA	NA	41.820544	-71.3983698	Med High	NA	NA
3814	2009-10-29	21672	18:20:00	Bicycle	NA	1	FALSE	FALSE	1	BROOK STREET	TRANSIT STREET	2009-10-29	Two-Way , Not Divided	Dry	Dark - Not Lighted	Cloudy	Angle - Direction Not Specified	No	Stop Signs	2	1	Non-Incapacitating	2	41.82009109	-71.4206684	FALSE	FALSE	Brook Street and Transit Street, Providence, RI, USA	FALSE	-71.3983698	41.820544	intersection	geometric_center	transit st & brook st, providence, ri 02906, usa	NA	NA	NA	NA	41.820544	-71.3983698	Med High	1850.571915614911	Not yet determined
3815	2009-10-28	18796	17:07:00	Pedestrian	2	NA	FALSE	FALSE	1	Pine Street	Chestnut Street	2009-10-28	One-Way Trafficway	Wet	Dusk	Rain	Other	No	Traffic Control Signal	5	1	Complains Of Pain	1	NA	NA	FALSE	FALSE	Pine Street and Chestnut Street, Providence, RI, USA	FALSE	-71.4108086	41.818517	route	geometric_center	chestnut st, providence, ri, usa	NA	NA	NA	NA	41.818517	-71.4108086	Med	NA	NA
3816	2009-10-26	18218	01:13:00	Bicycle	NA	1	FALSE	FALSE	1	WALLER ST	CANONCHET ST	2009-10-04	Two-Way , Not Divided	Dry	Daylight	Clear	Angle (Front - to - Side) Right Angle (Includes Broadside)	No	Stop Signs	2	1	Complains Of Pain	2	NA	NA	FALSE	FALSE	Waller Street and Canonchet Street, Providence, RI, USA	FALSE	-71.4513317	41.835496	intersection	geometric_center	waller st & canonchet st, providence, ri 02908, usa	NA	NA	NA	NA	41.835496	-71.4513317	Med High	NA	NA
3817	2009-10-26	18738	04:39:00	Pedestrian	1	NA	FALSE	FALSE	1	CHALKSTONE AVENUE	SMITH STREET	2009-10-26	Two-Way , Not Divided	Dry	Daylight	Clear	Other	Yes, M/V and Driver Left Scene	Traffic Control Signal	4	1	Complains Of Pain	2	NA	NA	FALSE	FALSE	Chalkstone Avenue and Smith Street, Providence, RI, USA	FALSE	-71.4256425	41.83522139999999	intersection	geometric_center	chalkstone ave & smith st, providence, ri 02908, usa	NA	NA	NA	NA	41.83522139999999	-71.4256425	Med High	NA	NA
3818	2009-10-24	18690	12:55:00	Pedestrian	1	NA	FALSE	FALSE	1	HUXLEY AVE	EATON ST	2009-10-24	Two-Way , Not Divided	Wet	Dark - Lighted	Rain	Other	No	No Controls	2	1	Complains Of Pain	2	NA	NA	FALSE	FALSE	Huxley Ave and Eaton Street, Providence, RI, USA	FALSE	-71.43359099999999	41.8415128	intersection	geometric_center	eaton st & huxley ave, providence, ri 02908, usa	NA	NA	NA	NA	41.8415128	-71.43359099999999	Med High	NA	NA
3819	2009-10-24	18698	08:05:00	Pedestrian	1	NA	FALSE	FALSE	1	Thurbers Ave.	Broad St.	2009-10-24	Two-Way , Not Divided	Wet	Dark - Lighted	Rain	Other	Yes, M/V and Driver Left Scene	Traffic Control Signal	2	1	Complains Of Pain	2	NA	NA	FALSE	FALSE	Thurbers Ave. and Broad St., Providence, RI, USA	FALSE	-71.4146641	41.7982024	intersection	geometric_center	thurbers ave & broad st, providence, ri 02905, usa	NA	NA	NA	NA	41.7982024	-71.4146641	Med High	NA	NA
3820	2009-10-23	18657	10:39:00	Bicycle	NA	1	FALSE	FALSE	1	north main st	929 NORTH MAIN ST	2009-10-23	Two-Way, Divided, Positive Median Barrier	Dry	Daylight	Clear	Sideswipe, Same Direction	Yes, M/V and Driver Left Scene	No Controls	6	1	Complains Of Pain	NA	NA	NA	FALSE	FALSE	North Main Street and 929 North Main Street, Providence, RI, USA	FALSE	-71.4051985	41.8460363	premise	rooftop	929 n main st, providence, ri 02904, usa	NA	NA	NA	NA	41.8460363	-71.4051985	Med High	NA	NA
3821	2009-10-23	18658	12:17:00	Pedestrian	1	NA	FALSE	FALSE	1	740 NORTH MAIN STREET	INDUSTRIAL STREET	2009-10-23	One-Way Trafficway	Dry	Daylight	Cloudy	Head-On (Front - to - Front)	No	Traffic Control Signal	4	1	Complains Of Pain	2	NA	NA	TRUE	FALSE	740 North Main Street, Providence, RI, USA	FALSE	-71.4093369	41.840454	street_address	rooftop	740 n main st, providence, ri 02904, usa	NA	NA	NA	NA	41.840454	-71.4093369	High	NA	NA
3822	2009-10-21	18623	03:07:00	Pedestrian	1	NA	FALSE	FALSE	1	MEMORIAL BLVD	SOUTH WATER	2009-10-21	Two-Way , Not Divided	Dry	Daylight	Clear	Other	No	Traffic Control Signal	2	1	Complains Of Pain	2	NA	NA	FALSE	FALSE	Memorial Blvd and South Water, Providence, RI, USA	FALSE	-71.4082107	41.8241381	intersection	geometric_center	s water st & memorial blvd, providence, ri 02903, usa	NA	NA	NA	NA	41.8241381	-71.4082107	Med High	NA	NA
3823	2009-10-21	18632	08:10:00	Bicycle	NA	1	FALSE	FALSE	1	HARTFORD AVENUE	PLAINFIELD STREET	2009-10-22	One-Way Trafficway	Dry	Daylight	Clear	Head-On (Front - to - Front)	Yes, M/V and Driver Left Scene	No Controls	2	1	Complains Of Pain	2	NA	NA	FALSE	FALSE	Hartford Avenue and Plainfield Street, Providence, RI, USA	FALSE	-71.44392619999999	41.8166626	intersection	geometric_center	plainfield st & hartford ave, providence, ri 02909, usa	NA	NA	NA	NA	41.8166626	-71.44392619999999	Med High	NA	NA
3824	2009-10-19	18590	06:43:00	Bicycle	NA	1	FALSE	FALSE	1	Dorchestor Ave	Laurell Hill Ave	2009-10-19	Two-Way , Not Divided	Dry	Dusk	Clear	Not a Collision Between Two Motor Vehicles in Transport	No	Stop Signs	2	1	Complains Of Pain	2	NA	NA	FALSE	FALSE	Dorchestor Ave and Laurell Hill Ave, Providence, RI, USA	FALSE	-71.4544422	41.8114334	intersection	geometric_center	laurel hill ave & dorchester ave, providence, ri 02909, usa	NA	NA	NA	NA	41.8114334	-71.4544422	Med High	NA	NA
3825	2009-10-17	18545	03:32:00	Bicycle	NA	1	FALSE	FALSE	1	POCASSET AVE	UNION AVE	2009-10-17	Two-Way, Divided, Unprotected (painted>4feet) Medium	Dry	Daylight	Clear	Other	No	No Controls	2	1	Complains Of Pain	NA	NA	NA	FALSE	FALSE	Pocasset Ave and Union Ave, Providence, RI, USA	FALSE	-71.457112	41.80641139999999	intersection	geometric_center	pocasset ave & union ave, providence, ri 02909, usa	NA	NA	NA	NA	41.80641139999999	-71.457112	Med High	NA	NA
3826	2009-10-16	18555	02:02:00	Pedestrian	1	NA	FALSE	FALSE	1	400 Admiral street	NA	2009-10-18	Unknown	Dry	Daylight	Clear	Other	Yes, M/V and Driver Left Scene	No Controls	2	0	Unknown	NA	NA	NA	TRUE	TRUE	400 Admiral Street, Providence, RI, USA	FALSE	-71.4294501	41.8458406	premise	rooftop	400 admiral st, providence, ri 02908, usa	NA	NA	NA	NA	41.8458406	-71.4294501	High	NA	NA
3827	2009-10-15	18492	18:48:00	Pedestrian	1	NA	FALSE	FALSE	1	BROAD ST	SUMMER ST	2009-10-15	Two-Way , Not Divided	Wet	Dark - Lighted	Rain	Other	No	No Controls	2	1	Complains Of Pain	NA	NA	NA	FALSE	FALSE	Broad Street and Summer Street, Providence, RI, USA	FALSE	-71.3863288	41.8796634	intersection	geometric_center	broad st & summer st, pawtucket, ri 02860, usa	NA	NA	NA	NA	41.8796634	-71.3863288	Med High	NA	NA
3828	2009-10-15	18516	07:33:00	Pedestrian	1	NA	FALSE	FALSE	1	Kinsley Street	Bath Street	2009-10-16	Unknown	Dry	Daylight	Clear	Sideswipe, Same Direction	Yes, M/V and Driver Left Scene	No Controls	1	1	Non-Incapacitating	2	NA	NA	FALSE	FALSE	Kinsley Street and Bath Street, Providence, RI, USA	FALSE	-71.4247945	41.8321741	route	geometric_center	bath st, providence, ri 02908, usa	NA	NA	NA	NA	41.8321741	-71.4247945	Med	NA	NA
3829	2009-10-13	18442	17:59:00	Bicycle	NA	1	FALSE	FALSE	1	Academy Ave.	Justice St.	2009-10-13	Two-Way , Not Divided	Wet	Dark - Not Lighted	Rain	Angle (Front - to - Side) Opposite Direction	No	No Controls	4	1	Complains Of Pain	2	NA	NA	FALSE	FALSE	Academy Ave. and Justice St., Providence, RI, USA	FALSE	-71.4444706	41.8348554	intersection	geometric_center	justice st & academy ave, providence, ri 02908, usa	NA	NA	NA	NA	41.8348554	-71.4444706	Med High	NA	NA
3830	2009-10-11	18392	11:20:00	Pedestrian	1	NA	FALSE	FALSE	1	Battle St.	Potters Ave.	2009-10-11	Two-Way , Not Divided	Dry	Daylight	Clear	Other	Yes, M/V and Driver Left Scene	No Controls	2	1	Complains Of Pain	2	NA	NA	FALSE	FALSE	Battle St. and Potters Ave., Providence, RI, USA	FALSE	-71.4218273	41.8021016	route	geometric_center	potters ave, providence, ri, usa	NA	NA	NA	NA	41.8021016	-71.4218273	Med	NA	NA
3831	2009-10-10	18355	00:58:00	Pedestrian	1	NA	FALSE	FALSE	1	292   Atwells ave	NA	2009-10-10	Two-Way , Not Divided	Wet	Dark - Lighted	Rain	Head-On (Front - to - Front)	No	No Controls	10	1	Non-Incapacitating	NA	NA	NA	TRUE	TRUE	292   Atwells Ave, Providence, RI, USA	FALSE	-71.4276404	41.8235214	premise	rooftop	292 atwells ave, providence, ri 02903, usa	NA	NA	NA	NA	41.8235214	-71.4276404	High	NA	NA
3832	2009-10-10	18358	02:52:00	Pedestrian	2	NA	FALSE	FALSE	1	Chestnut St.	NA	2009-10-10	Two-Way , Not Divided	Wet	Dark - Lighted	Rain	Head-On (Front - to - Front)	Yes, M/V and Driver Left Scene	No Controls	2	0	Unknown	NA	NA	NA	FALSE	TRUE	Chestnut St., Providence, RI, USA	FALSE	-71.4108086	41.818517	route	geometric_center	chestnut st, providence, ri, usa	NA	NA	NA	NA	41.818517	-71.4108086	Inaccurate	NA	NA