row_number	crash_date	crash_report_id	crash_time	collision_type	count_pedestrian	count_bicycle	scooter	wheel_chair	number_of_vehicles	street_or_highway	nearest_intersection	report_date	type_of_roadway	road_surface_condition	light_condition	weather_condition	manner_of_impact	hit_and_run	traffic_control	person_count	injury_count	most_serious_injury	number_of_lanes	lat_raw	lon_raw	has_st_number	is_intersection_null	address_sent_to_geocoder	is_address_blank	lon_api_first_try	lat_api_first_try	type	loctype	address_returned_by_geocoder	address_returned_by_autocomplete	place_ids_autocompleted	lat_api_second_try	lon_api_second_try	lat_api_best	lon_api_best	api_coord_conf	distance_btwn_coords_meters	best_coordinate_set
3982	2009-03-11	13548	00:25:00	Pedestrian	1	NA	FALSE	FALSE	1	BROAD STREET	DARTMOUTH AVENUE	2009-03-11	Two-Way , Not Divided	Wet	Dark - Lighted	Rain	Rear End(Front-to-Rear)	No	No Controls	3	1	Complains Of Pain	2	NA	NA	FALSE	FALSE	Broad Street and Dartmouth Avenue, Providence, RI, USA	FALSE	-71.4218382	41.8084891	route	geometric_center	dartmouth ave, providence, ri 02907, usa	Broad Street & Dartmouth Avenue, Providence, RI, USA	EjRCcm9hZCBTdHJlZXQgJiBEYXJ0bW91dGggQXZlbnVlLCBQcm92aWRlbmNlLCBSSSwgVVNBImYiZAoUChIJE2XjBXtF5IkR8h1fryBszd0SFAoSCRNl4wV7ReSJEfIdX68gbM3dGhQKEgmD3n3VjE_kiREsosqTmEsIoxoUChIJs5TSwHtF5IkRjC83LLKS7LgiCg0GeOsYFUoTbtU	41.808487	-71.420639	41.808487	-71.420639	Med	NA	NA
3983	2009-03-09	13500	09:14:00	Pedestrian	2	NA	FALSE	FALSE	1	College	Benefit st	2009-03-09	Two-Way , Not Divided	Wet	Daylight	Rain	Other	No	Stop Signs	4	2	Complains Of Pain	NA	NA	NA	FALSE	FALSE	College and Benefit Street, Providence, RI, USA	FALSE	-71.4068354	41.8260134	route	geometric_center	benefit st, providence, ri, usa	College Street & Benefit Street, Providence, RI, USA	EjRDb2xsZWdlIFN0cmVldCAmIEJlbmVmaXQgU3RyZWV0LCBQcm92aWRlbmNlLCBSSSwgVVNBImYiZAoUChIJT1PH0hdF5IkRsjAAs9BpeJgSFAoSCU9Tx9IXReSJEbIwALPQaXiYGhQKEgnR5cstFkXkiRH1TvxbNfBkPhoUChIJedk4CD1F5IkRxfbmqgrCUioiCg2mJO4YFX4ucNU	41.8260134	-71.40683539999999	41.8260134	-71.40683539999999	Med	NA	NA
3984	2009-03-07	13439	00:43:00	Pedestrian	1	NA	FALSE	FALSE	1	MEMORIAL BLVD	WESTMINSTER STREET	2009-03-07	Two-Way , Not Divided	Wet	Dark - Lighted	Clear	Other	No	Traffic Control Signal	3	1	Incapacitating	NA	NA	NA	FALSE	FALSE	Memorial Blvd and Westminster Street, Providence, RI, USA	FALSE	-71.4088081	41.8253077	intersection	geometric_center	memorial blvd & westminster st, providence, ri 02903, usa	NA	NA	NA	NA	41.8253077	-71.4088081	Med High	NA	NA
3985	2009-03-07	13442	04:38:00	Bicycle	NA	1	FALSE	FALSE	1	Silver Spring	Felix Mirando Way	2009-03-07	Two-Way , Not Divided	Dry	Dark - Not Lighted	Clear	Head-On (Front - to - Front)	No	Traffic Control Signal	4	1	Complains Of Pain	2	NA	NA	FALSE	FALSE	Silver Spring and Felix Mirando Way, Providence, RI, USA	FALSE	-71.4122007	41.8515416	route	geometric_center	felix mirando way, providence, ri 02904, usa	Silver Spring Street & Felix Mirando Way, Providence, RI, USA	Ej1TaWx2ZXIgU3ByaW5nIFN0cmVldCAmIEZlbGl4IE1pcmFuZG8gV2F5LCBQcm92aWRlbmNlLCBSSSwgVVNBImYiZAoUChIJC1Igxe5E5IkRfkfOsum_ow8SFAoSCQtSIMXuROSJEX5HzrLpv6MPGhQKEglLGkAE70TkiRHW5itwVFIMjRoUChIJSVFqze5E5IkRbOCzpKtFx2giCg01D_IYFQo8b9U	41.8516789	-71.41304219999999	41.8516789	-71.41304219999999	Med	NA	NA
3986	2009-03-06	13456	03:00:00	Bicycle	NA	NA	FALSE	FALSE	2	ROUTE 10	WESTMINSTER STREET	2009-03-07	One-Way Trafficway	Wet	Daylight	Clear	Rear End(Front-to-Rear)	No	Traffic Control Signal	4	2	Complains Of Pain	NA	NA	NA	FALSE	FALSE	Route 10 and Westminster Street, Providence, RI, USA	FALSE	-71.4089482	41.8250252	street_address	rooftop	10 westminster st, providence, ri 02903, usa	NA	NA	NA	NA	41.8250252	-71.4089482	Med High	NA	NA
3987	2009-02-27	13240	15:22:00	Pedestrian	1	NA	FALSE	FALSE	1	Douglas Ave	Filmore St.	2009-02-27	Two-Way, Divided, Unprotected (painted>4feet) Medium	Dry	Daylight	Clear	Other	No	No Controls	3	1	Complains Of Pain	1	NA	NA	FALSE	FALSE	Douglas Ave and Filmore St., Providence, RI, USA	FALSE	-71.42231100000001	41.8371944	intersection	geometric_center	fillmore st & douglas ave, providence, ri 02908, usa	NA	NA	NA	NA	41.8371944	-71.42231100000001	Med High	NA	NA
3988	2009-02-27	13243	21:59:00	Pedestrian	1	NA	FALSE	FALSE	1	20 ELMGROVE AVE.	ADELPHI AVE.	2009-02-27	Two-Way , Not Divided	Wet	Dark - Lighted	Rain	Other	No	No Controls	4	1	Non-Incapacitating	2	NA	NA	TRUE	FALSE	20 Elmgrove Ave., Providence, RI, USA	FALSE	-71.3898327	41.8305585	street_address	range_interpolated	20 elmgrove ave, providence, ri 02906, usa	NA	NA	NA	NA	41.8305585	-71.3898327	High	NA	NA
3989	2009-02-26	13595	05:42:00	Bicycle	1	NA	FALSE	FALSE	1	Cranston Street	Superior Street	2009-03-13	Two-Way, Divided, Unprotected (painted>4feet) Medium	Dry	Dusk	Clear	Not a Collision Between Two Motor Vehicles in Transport	No	No Controls	2	1	Complains Of Pain	1	NA	NA	FALSE	FALSE	Cranston Street and Superior Street, Providence, RI, USA	FALSE	-71.4326468	41.8104443	intersection	geometric_center	cranston st & superior st, providence, ri 02907, usa	NA	NA	NA	NA	41.8104443	-71.4326468	Med High	NA	NA
3990	2009-02-25	13178	11:17:00	Pedestrian	1	NA	FALSE	FALSE	1	HOPE ST	ROCHAMBEAU	2009-02-25	Two-Way , Not Divided	Dry	Daylight	Clear	Angle (Front - to - Side) Same Direction	Yes, M/V and Driver Left Scene	Traffic Control Signal	4	1	Complains Of Pain	4	NA	NA	FALSE	FALSE	Hope Street and Rochambeau, Providence, RI, USA	FALSE	-71.3960532	41.8469319	intersection	geometric_center	hope st & rochambeau ave, providence, ri 02906, usa	NA	NA	NA	NA	41.8469319	-71.3960532	Med High	NA	NA
3991	2009-02-20	13085	07:49:00	Pedestrian	1	NA	FALSE	FALSE	1	Lloyd Ave.	Elmgrove Ave.	2009-02-20	Two-Way , Not Divided	Dry	Daylight	Cloudy	Other	No	Stop Signs	3	1	Complains Of Pain	2	NA	NA	FALSE	FALSE	Lloyd Ave. and Elmgrove Ave., Providence, RI, USA	FALSE	-71.3907943	41.834174	intersection	geometric_center	lloyd ave & elmgrove ave, providence, ri 02906, usa	NA	NA	NA	NA	41.834174	-71.3907943	Med High	NA	NA
3992	2009-02-19	13076	17:52:00	Pedestrian	1	NA	FALSE	FALSE	1	240 EATON ST	ELMHURST ST	2009-02-19	Two-Way , Not Divided	Wet	Dark - Lighted	Rain	Other	No	No Controls	5	1	Non-Incapacitating	NA	NA	NA	TRUE	FALSE	240 Eaton Street, Providence, RI, USA	FALSE	-71.436291	41.841436	street_address	rooftop	240 eaton st, providence, ri 02908, usa	NA	NA	NA	NA	41.841436	-71.436291	High	NA	NA
3993	2009-02-19	13079	11:37:00	Pedestrian	1	NA	FALSE	FALSE	1	WASHINGTON ST	UNION ST	2009-02-20	Two-Way , Not Divided	Dry	Dark - Lighted	Clear	Other	No	No Controls	3	1	Complains Of Pain	2	NA	NA	FALSE	FALSE	Washington Street and Union Street, Providence, RI, USA	FALSE	-71.4128343	41.8239891	locality	approximate	providence, ri, usa	Washington Street & Union Street, Providence, RI, USA	EjVXYXNoaW5ndG9uIFN0cmVldCAmIFVuaW9uIFN0cmVldCwgUHJvdmlkZW5jZSwgUkksIFVTQSJmImQKFAoSCXvJS8cTReSJEcVp0B49EFpXEhQKEgl7yUvHE0XkiRHFadAePRBaVxoUChIJqdrNnBJF5IkRGgfQlqMSNPYaFAoSCXNAs5UTReSJEZJE18owa50QIgoN_cbtGBWuFm_V	41.8236157	-71.4139986	41.8236157	-71.4139986	Med	NA	NA
3994	2009-02-18	13060	05:58:00	Pedestrian	1	NA	FALSE	FALSE	1	131 WEBSTER AVE	POCASSET AVE	2009-02-18	Two-Way , Not Divided	Wet	Dark - Lighted	Snow	Head-On (Front - to - Front)	No	No Controls	2	1	Complains Of Pain	2	NA	NA	TRUE	FALSE	131 Webster Ave, Providence, RI, USA	FALSE	-71.4505325	41.81234	premise	rooftop	131 webster ave, providence, ri 02909, usa	NA	NA	NA	NA	41.81234	-71.4505325	High	NA	NA
3995	2009-02-17	13031	03:44:00	Pedestrian	1	NA	FALSE	FALSE	1	LAUREL HILL AVENUE	HARTFORD AVENUE	2009-02-17	Two-Way , Not Divided	Dry	Daylight	Clear	Other	No	Pavement Markings	3	1	Non-Incapacitating	2	NA	NA	FALSE	FALSE	Laurel Hill Avenue and Hartford Avenue, Providence, RI, USA	FALSE	-71.4553076	41.8179635	intersection	geometric_center	laurel hill ave & hartford ave, providence, ri 02909, usa	NA	NA	NA	NA	41.8179635	-71.4553076	Med High	NA	NA
3996	2009-02-14	12984	21:25:00	Pedestrian	2	NA	FALSE	FALSE	1	45 PLEASANT VALLEY PKWY	NA	2009-02-14	Unknown	Dry	Dark - Lighted	Clear	Other	Yes, M/V and Driver Left Scene	No Controls	5	2	Complains Of Pain	NA	NA	NA	TRUE	TRUE	45 Pleasant Valley Pkwy, Providence, RI, USA	FALSE	-71.42608659999999	41.82996199999999	premise	rooftop	45 pleasant valley pkwy, providence, ri 02908, usa	NA	NA	NA	NA	41.82996199999999	-71.42608659999999	High	NA	NA
3997	2009-02-13	12961	03:36:00	Pedestrian	1	NA	FALSE	FALSE	1	720 Mt. Pleasant Ave	Old Road	2009-02-13	Two-Way , Not Divided	Dry	Daylight	Clear	Other	Yes, M/V and Driver Left Scene	School Zone Signs	4	1	Complains Of Pain	2	NA	NA	TRUE	FALSE	720 Mt. Pleasant Ave, Providence, RI, USA	FALSE	-71.4540777	41.8459101	premise	rooftop	720 mt pleasant ave, providence, ri 02908, usa	NA	NA	NA	NA	41.8459101	-71.4540777	High	NA	NA
3998	2009-02-11	12930	06:45:00	Pedestrian	1	NA	FALSE	FALSE	1	95 Pleasant Valley Parkway	Valley Street	2009-02-11	Two-Way, Divided, Positive Median Barrier	Dry	Dark - Lighted	Clear	Head-On (Front - to - Front)	Yes, M/V and Driver Left Scene	Person	1	1	Complains Of Pain	4	NA	NA	TRUE	FALSE	95 Pleasant Valley Parkway, Providence, RI, USA	FALSE	-71.4271619	41.8313134	premise	rooftop	95 pleasant valley pkwy, providence, ri 02908, usa	NA	NA	NA	NA	41.8313134	-71.4271619	High	NA	NA
3999	2009-02-10	12895	06:05:00	Pedestrian	1	NA	FALSE	FALSE	1	Thurbers Avenue	Prairie Avenue	2009-02-10	Two-Way , Not Divided	Wet	Dark - Lighted	Clear	Other	Yes, M/V and Driver Left Scene	Traffic Control Signal	1	1	Complains Of Pain	2	NA	NA	FALSE	FALSE	Thurbers Avenue and Prairie Avenue, Providence, RI, USA	FALSE	-71.41191049999999	41.7987434	intersection	geometric_center	thurbers ave & prairie ave, providence, ri 02905, usa	NA	NA	NA	NA	41.7987434	-71.41191049999999	Med High	NA	NA
4000	2009-02-05	12752	02:31:00	Pedestrian	1	NA	FALSE	FALSE	1	Branch Avenu	Silver Spring Street	2009-02-05	Two-Way , Not Divided	Dry	Dark - Lighted	Clear	Other	No	Traffic Control Signal	2	0	No Injury	2	NA	NA	FALSE	FALSE	Branch Avenu and Silver Spring Street, Providence, RI, USA	FALSE	-71.4147046	41.8478499	intersection	geometric_center	silver spring st & branch ave, providence, ri 02904, usa	NA	NA	NA	NA	41.8478499	-71.4147046	Med High	NA	NA
4001	2009-02-04	12840	14:50:00	Pedestrian	1	NA	FALSE	FALSE	1	BATTEY ST	BROADWAY	2009-02-08	Two-Way, Not Divided With a Continuous Left Turn Lane	Dry	Daylight	Clear	Other	No	Traffic Control Signal	3	1	Complains Of Pain	NA	NA	NA	FALSE	FALSE	Battey Street and Broadway, Providence, RI, USA	FALSE	-71.4257035	41.8206724	intersection	geometric_center	battey st & broadway, providence, ri 02903, usa	NA	NA	NA	NA	41.8206724	-71.4257035	Med High	NA	NA
4002	2009-02-02	12657	18:01:00	Pedestrian	1	NA	FALSE	FALSE	1	580 CRANSTON STREET	ALTHEA STREET	2009-02-02	Two-Way , Not Divided	Dry	Dark - Lighted	Clear	Not a Collision Between Two Motor Vehicles in Transport	No	No Controls	3	1	Complains Of Pain	2	NA	NA	TRUE	FALSE	580 Cranston Street, Providence, RI, USA	FALSE	-71.4348117	41.8078258	street_address	rooftop	580 cranston st, providence, ri 02907, usa	NA	NA	NA	NA	41.8078258	-71.4348117	High	NA	NA
4003	2009-01-29	12527	17:58:00	Pedestrian	1	NA	FALSE	FALSE	1	Silver Spring St.	Northup St.	2009-01-29	Two-Way, Divided, Unprotected (painted>4feet) Medium	Wet	Dark - Lighted	Cloudy	Unknown	Yes, M/V and Driver Left Scene	No Controls	1	1	Incapacitating	1	NA	NA	FALSE	FALSE	Silver Spring St. and Northup St., Providence, RI, USA	FALSE	-71.41301539999999	41.8517801	intersection	geometric_center	silver spring st & northrup ave, providence, ri 02904, usa	NA	NA	NA	NA	41.8517801	-71.41301539999999	Med High	NA	NA
4004	2009-01-29	12686	21:57:00	Pedestrian	2	NA	FALSE	FALSE	1	1 West Exchange	SABIN ST	2009-02-03	One-Way Trafficway	Ice/Frost	Dark - Not Lighted	Sleet, Hail (Freezing Rain or Drizzle)	Not a Collision Between Two Motor Vehicles in Transport	No	Pavement Markings	5	2	Incapacitating	1	NA	NA	TRUE	FALSE	1 West Exchange, Providence, RI, USA	FALSE	-71.4171345	41.8251262	premise	rooftop	the residences providence, 1 w exchange st, providence, ri 02903, usa	NA	NA	NA	NA	41.8251262	-71.4171345	High	NA	NA
4005	2009-01-26	12439	14:57:00	Pedestrian	1	NA	FALSE	FALSE	1	294 LOWELL AVE	NA	2009-01-26	Two-Way, Divided, Positive Median Barrier	Dry	Daylight	Clear	Other	No	No Controls	4	1	Complains Of Pain	NA	NA	NA	TRUE	TRUE	294 Lowell Ave, Providence, RI, USA	FALSE	-71.46070999999999	41.8174747	premise	rooftop	294 lowell ave, providence, ri 02909, usa	NA	NA	NA	NA	41.8174747	-71.46070999999999	High	NA	NA
4006	2009-01-23	12356	03:10:00	Pedestrian	1	NA	FALSE	FALSE	1	Thurbers Avenue	Rugby Street	2009-01-23	Two-Way , Not Divided	Dry	Daylight	Clear	Other	No	Stop Signs	2	1	Complains Of Pain	NA	NA	NA	FALSE	FALSE	Thurbers Avenue and Rugby Street, Providence, RI, USA	FALSE	-71.4072534	41.7996465	intersection	geometric_center	thurbers ave & rugby st, providence, ri 02905, usa	NA	NA	NA	NA	41.7996465	-71.4072534	Med High	NA	NA
4007	2009-01-21	12285	01:49:00	Pedestrian	1	NA	FALSE	FALSE	1	Valley St.	Grove St.	2009-01-21	Two-Way , Not Divided	Ice/Frost	Dark - Lighted	Clear	Other	No	No Controls	3	1	Complains Of Pain	2	NA	NA	FALSE	FALSE	Valley St. and Grove St., Providence, RI, USA	FALSE	-71.4403753	41.820242	intersection	geometric_center	valley st & grove st, providence, ri 02909, usa	NA	NA	NA	NA	41.820242	-71.4403753	Med High	NA	NA
4008	2009-01-17	12219	11:30:00	Pedestrian	1	NA	FALSE	FALSE	1	WEST EXCHANGE	NA	2009-01-18	Two-Way, Divided, Positive Median Barrier	Snow	Dark - Lighted	Snow	Other	No	No Controls	3	0	No Injury	NA	NA	NA	FALSE	TRUE	West Exchange, Providence, RI, USA	FALSE	-71.4202531	41.825222	route	geometric_center	w exchange st, providence, ri 02903, usa	NA	NA	NA	NA	41.825222	-71.4202531	Inaccurate	NA	NA
4009	2009-01-15	12157	12:00:00	Pedestrian	1	NA	FALSE	FALSE	1	Mountain Street	Pequot Street	2009-01-15	One-Way Trafficway	Ice/Frost	Dark - Lighted	Clear	Other	Yes, M/V and Driver Left Scene	No Controls	1	1	Complains Of Pain	1	NA	NA	FALSE	FALSE	Mountain Street and Pequot Street, Providence, RI, USA	FALSE	-71.422722	41.8229476	route	geometric_center	pequot st, providence, ri 02903, usa	Mountain Street & Pequot Street, Providence, RI, USA	EjRNb3VudGFpbiBTdHJlZXQgJiBQZXF1b3QgU3RyZWV0LCBQcm92aWRlbmNlLCBSSSwgVVNBImYiZAoUChIJ9bUXYAxF5IkRigPG2rvkiGkSFAoSCfW1F2AMReSJEYoDxtq75IhpGhQKEgkVXpZfDEXkiREKv8OHTA7_exoUChIJu7ABkwxF5IkRwTuwtnyMj84iCg1rz-0YFW_GbdU	41.8238315	-71.4226065	41.8238315	-71.4226065	Med	NA	NA
4010	2009-01-12	12089	15:10:00	Bicycle	NA	1	FALSE	FALSE	1	Bowen Street	Thayer Street	2009-01-12	Two-Way , Not Divided	Snow	Daylight	Clear	Head-On (Front - to - Front)	No	Stop Signs	3	0	No Injury	2	NA	NA	FALSE	FALSE	Bowen Street and Thayer Street, Providence, RI, USA	FALSE	-71.4009914	41.8308225	intersection	geometric_center	thayer st & bowen st, providence, ri 02906, usa	NA	NA	NA	NA	41.8308225	-71.4009914	Med High	NA	NA
4011	2009-01-11	12072	11:28:00	Pedestrian	1	NA	FALSE	FALSE	1	UNION AVENUE	PRISCILLA AVENUE	2009-01-11	Two-Way , Not Divided	Snow	Daylight	Clear	Sideswipe, Same Direction	No	No Controls	3	1	Complains Of Pain	2	NA	NA	FALSE	FALSE	Union Avenue and Priscilla Avenue, Providence, RI, USA	FALSE	-71.4457592	41.8073173	intersection	geometric_center	priscilla ave & union ave, providence, ri 02909, usa	NA	NA	NA	NA	41.8073173	-71.4457592	Med High	NA	NA
4012	2009-01-09	12031	07:23:00	Pedestrian	1	NA	FALSE	FALSE	1	Brook St	Bowen St	2009-01-09	Two-Way , Not Divided	Dry	Daylight	Clear	Other	No	No Controls	2	1	Complains Of Pain	2	NA	NA	FALSE	FALSE	Brook Street and Bowen Street, Providence, RI, USA	FALSE	-71.4055816	41.8305907	route	geometric_center	bowen st, providence, ri, usa	Brook Street & Bowen Street, Providence, RI, USA	EjBCcm9vayBTdHJlZXQgJiBCb3dlbiBTdHJlZXQsIFByb3ZpZGVuY2UsIFJJLCBVU0EiZiJkChQKEglNEJEMJEXkiRGHLY3NxYQOCRIUChIJTRCRDCRF5IkRhy2NzcWEDgkaFAoSCZtmfXI7ReSJEXWGhyEQeABoGhQKEgnT029ZIkXkiRF4aThNZYvbxyIKDbji7hgVskBx1Q	41.8308792	-71.3998158	41.8308792	-71.3998158	Med	NA	NA
4013	2009-01-08	12013	17:08:00	Pedestrian	1	NA	FALSE	FALSE	1	66 Branch Ave	North Main	2009-01-08	Two-Way, Divided, Positive Median Barrier	Dry	Dark - Not Lighted	Cloudy	Head-On (Front - to - Front)	No	No Controls	4	1	Non-Incapacitating	2	NA	NA	TRUE	FALSE	66 Branch Ave, Providence, RI, USA	FALSE	-71.4092491	41.84354829999999	premise	rooftop	66 branch ave, providence, ri 02904, usa	NA	NA	NA	NA	41.84354829999999	-71.4092491	High	NA	NA
4014	2008-12-31	11867	16:17:00	Pedestrian	1	NA	FALSE	FALSE	1	Potters Avenue	Niagara Street	2009-01-02	Two-Way , Not Divided	Snow	Daylight	Blowing Snow	Head-On (Front - to - Front)	No	No Controls	2	1	Complains Of Pain	2	NA	NA	FALSE	FALSE	Potters Avenue and Niagara Street, Providence, RI, USA	FALSE	-71.42073789999999	41.8024427	intersection	geometric_center	potters ave & niagara st, providence, ri 02907, usa	NA	NA	NA	NA	41.8024427	-71.42073789999999	Med High	NA	NA
4015	2008-12-29	11777	11:10:00	Pedestrian	1	NA	FALSE	FALSE	1	1076 CHALKSTONE AV	NA	2008-12-29	Two-Way , Not Divided	Dry	Daylight	Cloudy	Other	No	No Controls	3	1	Complains Of Pain	2	NA	NA	TRUE	TRUE	1076 Chalkstone Av, Providence, RI, USA	FALSE	-71.4435022	41.8322632	street_address	rooftop	1076 chalkstone ave, providence, ri 02908, usa	NA	NA	NA	NA	41.8322632	-71.4435022	High	NA	NA
4016	2008-12-24	11679	21:43:00	Pedestrian	1	NA	FALSE	FALSE	1	SMITH STREET	NA	2008-12-24	Two-Way , Not Divided	Wet	Dark - Lighted	Rain	Other	No	No Controls	2	1	Complains Of Pain	2	NA	NA	FALSE	TRUE	Smith Street, Providence, RI, USA	FALSE	-71.4433053	41.8418141	route	geometric_center	smith st, providence, ri, usa	NA	NA	NA	NA	41.8418141	-71.4433053	Inaccurate	NA	NA
4017	2008-12-23	11656	14:49:00	Pedestrian	1	NA	FALSE	FALSE	1	North Main St.	Thomas St.	2008-12-23	One-Way Trafficway	Sand	Daylight	Clear	Other	No	Traffic Control Signal	3	1	Complains Of Pain	NA	NA	NA	FALSE	FALSE	North Main St. and Thomas St., Providence, RI, USA	FALSE	-71.4085099	41.8276078	route	geometric_center	thomas st, providence, ri 02903, usa	N Main St & Thomas St, Providence, RI, USA	EipOIE1haW4gU3QgJiBUaG9tYXMgU3QsIFByb3ZpZGVuY2UsIFJJLCBVU0EiZiJkChQKEglRLzygF0XkiRGEb0hZ3ar33BIUChIJUS88oBdF5IkRhG9IWd2q99waFAoSCfn6QT3eROSJEV_Xrb4NXCM_GhQKEgkL-H6UF0XkiRFao-Mi-BufKiIKDbBd7hgVDNhv1Q	41.8274736	-71.4090484	41.8274736	-71.4090484	Med	NA	NA
4018	2008-12-17	11480	16:14:00	Pedestrian	1	NA	FALSE	FALSE	1	Exchange Ter.	Francis St.	2008-12-17	One-Way Trafficway	Wet	Dusk	Sleet, Hail (Freezing Rain or Drizzle)	Other	No	Traffic Control Signal	3	1	Incapacitating	2	NA	NA	FALSE	FALSE	Exchange Ter. and Francis St., Providence, RI, USA	FALSE	-71.41480469999999	41.8250247	intersection	geometric_center	exchange terrace & francis st, providence, ri 02903, usa	NA	NA	NA	NA	41.8250247	-71.41480469999999	Med High	NA	NA
4019	2008-12-17	11486	19:10:00	Pedestrian	1	NA	FALSE	FALSE	1	194 Washington Street	Aborn	2008-12-17	Two-Way, Divided, Unprotected (painted>4feet) Medium	Dry	Dark - Lighted	Clear	Sidwswipe, Opposite Direction	No	No Controls	4	1	Incapacitating	NA	NA	NA	TRUE	FALSE	194 Washington Street, Providence, RI, USA	FALSE	-71.4158905	41.822057	street_address	rooftop	194 washington st, providence, ri 02903, usa	NA	NA	NA	NA	41.822057	-71.4158905	High	NA	NA
4020	2008-12-14	11410	11:36:00	Pedestrian	1	NA	FALSE	FALSE	1	ACADEMY AVE	DOVER	2008-12-14	Two-Way , Not Divided	Dry	Daylight	Clear	Not a Collision Between Two Motor Vehicles in Transport	Yes, M/V and Driver Left Scene	No Controls	2	1	Complains Of Pain	2	NA	NA	FALSE	FALSE	Academy Ave and Dover, Providence, RI, USA	FALSE	-71.4441731	41.8300641	intersection	geometric_center	dover st & academy ave, providence, ri 02908, usa	NA	NA	NA	NA	41.8300641	-71.4441731	Med High	NA	NA
4021	2008-12-14	11429	11:50:00	Bicycle	NA	1	FALSE	FALSE	1	SMITH STREET	CHALKSTONE AVE	2008-12-15	Two-Way , Not Divided	Dry	Daylight	Clear	Angle - Direction Not Specified	No	Traffic Control Signal	5	1	Complains Of Pain	2	NA	NA	FALSE	FALSE	Smith Street and Chalkstone Ave, Providence, RI, USA	FALSE	-71.4256425	41.83522139999999	intersection	geometric_center	chalkstone ave & smith st, providence, ri 02908, usa	NA	NA	NA	NA	41.83522139999999	-71.4256425	Med High	NA	NA
4022	2008-12-13	11387	04:00:00	Pedestrian	1	NA	FALSE	FALSE	1	BROAD ST	CAHIR	2008-12-13	Two-Way , Not Divided	Dry	Daylight	Clear	Other	No	Traffic Control Signal	3	1	Complains Of Pain	NA	NA	NA	FALSE	FALSE	Broad Street and Cahir, Providence, RI, USA	FALSE	-71.41789229999999	41.8169459	intersection	geometric_center	broad st & cahir st, providence, ri 02903, usa	NA	NA	NA	NA	41.8169459	-71.41789229999999	Med High	NA	NA
4023	2008-12-13	11394	19:41:00	Pedestrian	1	NA	FALSE	FALSE	1	HARRISON STREET	CRANSTON STREET	2008-12-13	Two-Way , Not Divided	Dry	Dark - Lighted	Clear	Other	No	No Controls	3	2	Complains Of Pain	NA	NA	NA	FALSE	FALSE	Harrison Street and Cranston Street, Providence, RI, USA	FALSE	-71.4286583	41.8130997	intersection	geometric_center	cranston st & harrison st, providence, ri 02907, usa	NA	NA	NA	NA	41.8130997	-71.4286583	Med High	NA	NA
4024	2008-12-12	11364	17:33:00	Pedestrian	2	NA	FALSE	FALSE	1	1119 CHALKSTONE AVE	HOME AVE	2008-12-12	Two-Way , Not Divided	Dry	Dark - Not Lighted	Clear	Head-On (Front - to - Front)	No	No Controls	4	2	Complains Of Pain	2	NA	NA	TRUE	FALSE	1119 Chalkstone Ave, Providence, RI, USA	FALSE	-71.4452931	41.832696	premise	rooftop	1119 chalkstone ave, providence, ri 02908, usa	NA	NA	NA	NA	41.832696	-71.4452931	High	NA	NA
4025	2008-12-11	11347	06:19:00	Pedestrian	1	NA	FALSE	FALSE	1	THAYER STREET	WATERMAN STREET	2008-12-11	Two-Way , Not Divided	Wet	Dark - Lighted	Rain	Other	No	Traffic Control Signal	3	1	Complains Of Pain	2	NA	NA	FALSE	FALSE	Thayer Street and Waterman Street, Providence, RI, USA	FALSE	-71.4005559	41.8272892	intersection	geometric_center	thayer st & waterman st, providence, ri 02906, usa	NA	NA	NA	NA	41.8272892	-71.4005559	Med High	NA	NA
4026	2008-12-10	11299	15:48:00	Pedestrian	1	NA	FALSE	FALSE	1	286 VALLEY STREET	NA	2008-12-10	Unknown	Wet	Dusk	Clear	Other	No	No Controls	4	1	Complains Of Pain	NA	NA	NA	TRUE	TRUE	286 Valley Street, Providence, RI, USA	FALSE	-71.4396766	41.82476090000001	premise	geometric_center	286 valley st, providence, ri 02908, usa	NA	NA	NA	NA	41.82476090000001	-71.4396766	High	NA	NA
4027	2008-12-10	11300	17:11:00	Pedestrian	2	NA	FALSE	FALSE	1	MT PLEASANT AVE	CHALKSTONE AVE	2008-12-10	Two-Way , Not Divided	Wet	Dark - Lighted	Rain	Head-On (Front - to - Front)	Yes, M/V and Driver Left Scene	Traffic Control Signal	2	2	Complains Of Pain	2	NA	NA	FALSE	FALSE	Mt Pleasant Ave and Chalkstone Ave, Providence, RI, USA	FALSE	-71.4497544	41.83271	intersection	geometric_center	mt pleasant ave & chalkstone ave, providence, ri 02908, usa	NA	NA	NA	NA	41.83271	-71.4497544	Med High	NA	NA
4028	2008-12-09	11284	21:29:00	Pedestrian	1	NA	FALSE	FALSE	1	Francis St	West Exchange St	2008-12-09	Two-Way , Not Divided	Wet	Dark - Not Lighted	Rain	Head-On (Front - to - Front)	No	Traffic Control Signal	5	1	Complains Of Pain	2	NA	NA	FALSE	FALSE	Francis Street and West Exchange Street, Providence, RI, USA	FALSE	-71.4202531	41.825222	route	geometric_center	w exchange st, providence, ri 02903, usa	Francis Street & West Exchange Street, Providence, RI, USA	EjpGcmFuY2lzIFN0cmVldCAmIFdlc3QgRXhjaGFuZ2UgU3RyZWV0LCBQcm92aWRlbmNlLCBSSSwgVVNBImYiZAoUChIJjTTYfRFF5IkRq7ZGSjk5ozESFAoSCY002H0RReSJEau2Rko5OaMxGhQKEgnjCiVZEEXkiREJ12uSbA5CmxoUChIJZcnnxA1F5IkRv8kI-Xim7hoiCg0H_u0YFTH3btU	41.8250247	-71.41480469999999	41.8250247	-71.41480469999999	Med	NA	NA
4029	2008-12-09	11287	21:35:00	Pedestrian	1	NA	FALSE	FALSE	1	754 ATWELLS AVE.	CUTLER ST.	2008-12-10	Two-Way , Not Divided	Wet	Dark - Lighted	Rain	Other	Yes, M/V and Driver Left Scene	No Controls	6	1	Fatal	2	NA	NA	TRUE	FALSE	754 Atwells Ave., Providence, RI, USA	FALSE	-71.4419246	41.8245534	street_address	rooftop	754 atwells ave, providence, ri 02909, usa	NA	NA	NA	NA	41.8245534	-71.4419246	High	NA	NA