row_number	crash_date	crash_report_id	crash_time	collision_type	count_pedestrian	count_bicycle	scooter	wheel_chair	number_of_vehicles	street_or_highway	nearest_intersection	report_date	type_of_roadway	road_surface_condition	light_condition	weather_condition	manner_of_impact	hit_and_run	traffic_control	person_count	injury_count	most_serious_injury	number_of_lanes	lat_raw	lon_raw	has_st_number	is_intersection_null	address_sent_to_geocoder	is_address_blank	lon_api_first_try	lat_api_first_try	type	loctype	address_returned_by_geocoder	address_returned_by_autocomplete	place_ids_autocompleted	lat_api_second_try	lon_api_second_try	lat_api_best	lon_api_best	api_coord_conf	distance_btwn_coords_meters	best_coordinate_set
4080	2008-10-03	9833	16:30:00	Bicycle	NA	1	FALSE	FALSE	2	612 Academy Avenue	NA	2008-10-09	Two-Way , Not Divided	Dry	Daylight	Clear	Angle (Front - to - Side) Same Direction	No	No Controls	2	0	No Injury	NA	NA	NA	TRUE	TRUE	612 Academy Avenue, Providence, RI, USA	FALSE	-71.4461294	41.842118	premise	rooftop	612 academy ave, providence, ri 02908, usa	NA	NA	NA	NA	41.842118	-71.4461294	High	NA	NA
4081	2008-09-27	9659	15:00:00	Bicycle	NA	1	FALSE	FALSE	1	314 BROAD STREET	PORTLAND STREET	2008-09-30	Two-Way , Not Divided	Wet	Daylight	Rain	Sideswipe, Same Direction	No	No Controls	3	1	Complains Of Pain	NA	NA	NA	TRUE	FALSE	314 Broad Street, Providence, RI, USA	FALSE	-71.4209817	41.8144604	street_address	rooftop	314 broad st, providence, ri 02907, usa	NA	NA	NA	NA	41.8144604	-71.4209817	High	NA	NA
4082	2008-09-26	9582	07:45:00	Pedestrian	1	NA	FALSE	FALSE	1	Thayer Street	Meeting Street	2008-09-26	One-Way Trafficway	Wet	Dark - Lighted	Rain	Head-On (Front - to - Front)	Yes, M/V and Driver Left Scene	Other	3	1	Non-Incapacitating	1	NA	NA	FALSE	FALSE	Thayer Street and Meeting Street, Providence, RI, USA	FALSE	-71.4007664	41.8291611	intersection	geometric_center	thayer st & meeting st, providence, ri 02906, usa	NA	NA	NA	NA	41.8291611	-71.4007664	Med High	NA	NA
4083	2008-09-25	9533	14:25:00	Bicycle	NA	1	FALSE	FALSE	1	Chestnut Street	Pine Street	2008-09-25	One-Way Trafficway	Dry	Daylight	Clear	Angle (Front - to - Side) Same Direction	No	Traffic Control Signal	2	0	No Injury	1	NA	NA	FALSE	FALSE	Chestnut Street and Pine Street, Providence, RI, USA	FALSE	-71.4150417	41.8172574	route	geometric_center	pine st, providence, ri, usa	NA	NA	NA	NA	41.8172574	-71.4150417	Med	NA	NA
4084	2008-09-25	9539	17:54:00	Bicycle	NA	1	FALSE	FALSE	1	Park St	Promenade St	2008-09-25	Two-Way , Not Divided	Dry	Dusk	Clear	Unknown	No	No Controls	3	1	Incapacitating	3	NA	NA	FALSE	FALSE	Park Street and Promenade Street, Providence, RI, USA	FALSE	-71.423119	41.8292232	route	geometric_center	promenade st, providence, ri, usa	Park Street & Promenade Street, Providence, RI, USA	EjNQYXJrIFN0cmVldCAmIFByb21lbmFkZSBTdHJlZXQsIFByb3ZpZGVuY2UsIFJJLCBVU0EiZiJkChQKEgnZPYQrEEXkiRF9_M-xeLE6FxIUChIJ2T2EKxBF5IkRffzPsXixOhcaFAoSCVGlciIQReSJETUl7BFB0ixuGhQKEglXQzwqD0XkiRH9-pmeRajOBSIKDYxs7hgVhYdu1Q	41.82785399999999	-71.4176635	41.82785399999999	-71.4176635	Med	NA	NA
4085	2008-09-24	9507	14:36:00	Pedestrian	1	NA	FALSE	FALSE	1	Broad Street	Elmwood Ave	2008-09-24	Two-Way , Not Divided	Dry	Daylight	Clear	Other	No	No Controls	4	1	Incapacitating	2	NA	NA	FALSE	FALSE	Broad Street and Elmwood Ave, Providence, RI, USA	FALSE	-71.4229658	41.7920613	route	geometric_center	elmwood ave, providence, ri, usa	Broad Street & Elmwood Ave, Providence, RI, USA	Ei9Ccm9hZCBTdHJlZXQgJiBFbG13b29kIEF2ZSwgUHJvdmlkZW5jZSwgUkksIFVTQSJmImQKFAoSCakle_JwReSJEUzVUWp9I7srEhQKEgmpJXvycEXkiRFM1VFqfSO7KxoUChIJg9591YxP5IkRLKLKk5hLCKMaFAoSCXfQbe2jT-SJEfE86TMHz6HvIgoNRSrsGBVD3m3V	41.8130501	-71.42199649999999	41.8130501	-71.42199649999999	Med	NA	NA
4086	2008-09-21	9441	19:11:00	Bicycle	NA	1	FALSE	FALSE	1	Pine Street	Stewart Street	2008-09-21	Two-Way , Not Divided	Dry	Dark - Lighted	Clear	Sideswipe, Same Direction	No	Stop Signs	2	1	Complains Of Pain	NA	NA	NA	FALSE	FALSE	Pine Street and Stewart Street, Providence, RI, USA	FALSE	-71.4178923	41.8169459	route	geometric_center	stewart st, providence, ri 02903, usa	Pine Street & Stewart Street, Providence, RI, USA	EjFQaW5lIFN0cmVldCAmIFN0ZXdhcnQgU3RyZWV0LCBQcm92aWRlbmNlLCBSSSwgVVNBImYiZAoUChIJjXbuCm5F5IkRzWDr2XnyUPQSFAoSCY127gpuReSJEc1g69l58lD0GhQKEgk5kwlTbEXkiRGgKSzwb-_CPBoUChIJNwLQjG1F5IkRZKvDpxJpLOAiCg0niuwYFSGtbtU	41.8155047	-71.4167007	41.8155047	-71.4167007	Med	NA	NA
4087	2008-09-21	9442	07:32:00	Bicycle	NA	1	FALSE	FALSE	1	Manton Ave.	Edgemere St.	2008-09-21	Two-Way , Not Divided	Dry	Dark - Lighted	Clear	Angle (Front - to - Side) Same Direction	Yes, M/V and Driver Left Scene	No Controls	2	1	Complains Of Pain	2	NA	NA	FALSE	FALSE	Manton Ave. and Edgemere St., Providence, RI, USA	FALSE	-71.4573073	41.8258198	intersection	geometric_center	edgemere ave & manton ave, providence, ri 02909, usa	NA	NA	NA	NA	41.8258198	-71.4573073	Med High	NA	NA
4088	2008-09-20	9437	08:18:00	Bicycle	NA	1	FALSE	FALSE	1	BROAD ST.	NA	2008-09-21	Two-Way , Not Divided	Dry	Dark - Lighted	Clear	Other	Unknown	No Controls	4	0	No Injury	2	NA	NA	FALSE	TRUE	Broad St., Providence, RI, USA	FALSE	-71.4101636	41.7945838	route	geometric_center	broad st, providence, ri, usa	NA	NA	NA	NA	41.7945838	-71.4101636	Inaccurate	NA	NA
4089	2008-09-18	9341	07:55:00	Pedestrian	1	NA	FALSE	FALSE	1	DOUGLAS AVE	CHALKSTONE AVE	2008-09-18	Two-Way , Not Divided	Dry	Daylight	Clear	Other	No	No Controls	5	1	Complains Of Pain	2	NA	NA	FALSE	FALSE	Douglas Ave and Chalkstone Ave, Providence, RI, USA	FALSE	-71.4202644	41.8363536	intersection	geometric_center	chalkstone ave & douglas ave, providence, ri 02908, usa	NA	NA	NA	NA	41.8363536	-71.4202644	Med High	NA	NA
4090	2008-09-18	9347	03:05:00	Pedestrian	1	NA	FALSE	FALSE	1	BLACKSTONE ST	PLAIN ST	2008-09-18	Two-Way , Not Divided	Dry	Daylight	Clear	Angle (Front - to - Side) Right Angle (Includes Broadside)	No	No Controls	4	1	Complains Of Pain	2	NA	NA	FALSE	FALSE	Blackstone Street and Plain Street, Providence, RI, USA	FALSE	-71.4109722	41.80957720000001	intersection	geometric_center	plain st & blackstone st, providence, ri 02905, usa	NA	NA	NA	NA	41.80957720000001	-71.4109722	Med High	NA	NA
4091	2008-09-18	9349	16:30:00	Bicycle	NA	1	FALSE	FALSE	1	Eagle St.	Atwells Ave.	2008-09-18	Unknown	Dry	Daylight	Clear	Angle (Front - to - Side) Same Direction	Yes, M/V and Driver Left Scene	Traffic Control Signal	2	0	No Injury	2	NA	NA	FALSE	FALSE	Eagle St. and Atwells Ave., Providence, RI, USA	FALSE	-71.4354014	41.8244572	intersection	geometric_center	atwells ave & eagle st, providence, ri 02909, usa	NA	NA	NA	NA	41.8244572	-71.4354014	Med High	NA	NA
4092	2008-09-17	9331	18:30:00	Pedestrian	2	NA	FALSE	FALSE	1	579 ATWELLS AVE	NA	2008-09-17	Two-Way , Not Divided	Dry	Daylight	Clear	Head-On (Front - to - Front)	Yes, M/V and Driver Left Scene	Stop Signs	8	2	Non-Incapacitating	4	NA	NA	TRUE	TRUE	579 Atwells Ave, Providence, RI, USA	FALSE	-71.4363784	41.82461240000001	premise	rooftop	579 atwells ave, providence, ri 02909, usa	NA	NA	NA	NA	41.82461240000001	-71.4363784	High	NA	NA
4093	2008-09-16	9295	15:26:00	Pedestrian	1	NA	FALSE	FALSE	1	508 CHALKSTONE AVENUE	NA	2008-09-16	Two-Way , Not Divided	Dry	Daylight	Clear	Other	No	No Controls	3	0	No Injury	2	NA	NA	TRUE	TRUE	508 Chalkstone Avenue, Providence, RI, USA	FALSE	-71.4236422	41.8356511	premise	rooftop	508 chalkstone ave, providence, ri 02908, usa	NA	NA	NA	NA	41.8356511	-71.4236422	High	NA	NA
4094	2008-09-13	9638	10:15:00	Pedestrian	1	NA	FALSE	FALSE	1	Plainfield Street	NA	2008-09-29	Two-Way , Not Divided	Dry	Daylight	Clear	Other	No	No Controls	3	0	No Injury	NA	NA	NA	FALSE	TRUE	Plainfield Street, Providence, RI, USA	FALSE	-71.4626239	41.8096849	route	geometric_center	plainfield st, providence, ri, usa	NA	NA	NA	NA	41.8096849	-71.4626239	Inaccurate	NA	NA
4095	2008-09-12	9187	03:43:00	Pedestrian	1	NA	FALSE	FALSE	1	SMITH STREET	CHALKSTONE AVENUE	2008-09-12	Two-Way , Not Divided	Dry	Dark - Not Lighted	Clear	Head-On (Front - to - Front)	No	Traffic Control Signal	3	1	Non-Incapacitating	2	NA	NA	FALSE	FALSE	Smith Street and Chalkstone Avenue, Providence, RI, USA	FALSE	-71.4256425	41.83522139999999	intersection	geometric_center	chalkstone ave & smith st, providence, ri 02908, usa	NA	NA	NA	NA	41.83522139999999	-71.4256425	Med High	NA	NA
4096	2008-09-12	9200	19:48:00	Bicycle	1	NA	FALSE	FALSE	2	559 Cranston St.	Waverly St.	2008-09-12	Two-Way, Divided, Unprotected (painted>4feet) Medium	Wet	Dark - Lighted	Rain	Sideswipe, Same Direction	Yes, Driver Left Scene	No Controls	3	1	Complains Of Pain	2	NA	NA	TRUE	FALSE	559 Cranston St., Providence, RI, USA	FALSE	-71.4350923	41.8082485	premise	rooftop	559 cranston st, providence, ri 02907, usa	NA	NA	NA	NA	41.8082485	-71.4350923	High	NA	NA
4097	2008-09-12	9204	02:59:00	Bicycle	1	NA	FALSE	FALSE	1	Allens Ave	Terminal Rd	2008-09-12	Two-Way , Not Divided	Dry	Daylight	Cloudy	Angle (Front - to - Side) Same Direction	No	Traffic Control Signal	5	1	Incapacitating	4	NA	NA	FALSE	FALSE	Allens Ave and Terminal Rd, Providence, RI, USA	FALSE	-71.3981721	41.7956308	intersection	geometric_center	allens ave & terminal rd, providence, ri 02905, usa	NA	NA	NA	NA	41.7956308	-71.3981721	Med High	NA	NA
4098	2008-09-12	9221	21:17:00	Bicycle	NA	1	FALSE	FALSE	1	ELMWOOD AVENUE	WARREN STREET	2008-09-13	Two-Way , Not Divided	Wet	Dark - Lighted	Rain	Other	No	Stop Signs	2	1	Complains Of Pain	NA	NA	NA	FALSE	FALSE	Elmwood Avenue and Warren Street, Providence, RI, USA	FALSE	-71.4235775	41.8106072	intersection	geometric_center	warren st & elmwood ave, providence, ri 02907, usa	NA	NA	NA	NA	41.8106072	-71.4235775	Med High	NA	NA
4099	2008-09-11	9170	09:02:00	Bicycle	NA	NA	FALSE	FALSE	2	Blackstone Blvd	Lloyd Ave	2008-09-11	One-Way Trafficway	Dry	Daylight	Clear	Angle (Front - to - Side) Same Direction	No	Stop Signs	2	1	Complains Of Pain	1	NA	NA	FALSE	FALSE	Blackstone Blvd and Lloyd Ave, Providence, RI, USA	FALSE	-71.38462849999999	41.8353537	intersection	geometric_center	lloyd ave & blackstone blvd, providence, ri 02906, usa	NA	NA	NA	NA	41.8353537	-71.38462849999999	Med High	NA	NA
4100	2008-09-07	9054	07:30:00	Bicycle	NA	1	FALSE	FALSE	1	Westminster Street	Dean Street	2008-09-07	Two-Way , Not Divided	Wet	Daylight	Clear	Other	No	Traffic Control Signal	3	1	Complains Of Pain	2	NA	NA	FALSE	FALSE	Westminster Street and Dean Street, Providence, RI, USA	FALSE	-71.4201851	41.8182066	intersection	geometric_center	dean st & westminster st, providence, ri 02903, usa	NA	NA	NA	NA	41.8182066	-71.4201851	Med High	NA	NA
4101	2008-09-07	9065	17:17:00	Bicycle	NA	1	FALSE	FALSE	1	Hamilton Street	Stanwood Avenue	2008-09-07	Two-Way , Not Divided	Dry	Daylight	Clear	Sideswipe, Same Direction	Yes, M/V and Driver Left Scene	No Controls	2	1	Complains Of Pain	2	NA	NA	FALSE	FALSE	Hamilton Street and Stanwood Avenue, Providence, RI, USA	FALSE	-71.4229404	41.8024139	intersection	geometric_center	stanwood st & hamilton st, providence, ri 02907, usa	NA	NA	NA	NA	41.8024139	-71.4229404	Med High	NA	NA
4102	2008-09-07	9068	18:28:00	Pedestrian	1	NA	FALSE	FALSE	1	WESTMINSTER ST	PARADE ST	2008-09-07	Two-Way, Divided, Unprotected (painted>4feet) Medium	Dry	Daylight	Clear	Angle - Direction Not Specified	No	No Controls	4	1	Incapacitating	NA	NA	NA	FALSE	FALSE	Westminster Street and Parade Street, Providence, RI, USA	FALSE	-71.43355679999999	41.816359	intersection	geometric_center	westminster st & parade st, providence, ri 02909, usa	NA	NA	NA	NA	41.816359	-71.43355679999999	Med High	NA	NA
4103	2008-09-07	9104	12:30:00	Pedestrian	1	NA	FALSE	FALSE	1	189 ELMDALE AVENUE	WEBSTER AVENUE	2008-09-09	Two-Way , Not Divided	Dry	Daylight	Clear	Other	Yes, M/V and Driver Left Scene	No Controls	3	1	Complains Of Pain	NA	NA	NA	TRUE	FALSE	189 Elmdale Avenue, Providence, RI, USA	FALSE	-71.4513413	41.8069013	premise	rooftop	189 elmdale ave, providence, ri 02909, usa	NA	NA	NA	NA	41.8069013	-71.4513413	High	NA	NA
4104	2008-09-07	9157	05:14:00	Bicycle	NA	1	FALSE	FALSE	1	STEEPLE ST.	CANAL ST	2008-09-10	One-Way Trafficway	Dry	Daylight	Clear	Other	No	Traffic Control Signal	6	1	Non-Incapacitating	3	NA	NA	FALSE	FALSE	Steeple St. and Canal Street, Providence, RI, USA	FALSE	-71.409902	41.8271852	intersection	geometric_center	steeple st & canal st, providence, ri 02903, usa	NA	NA	NA	NA	41.8271852	-71.409902	Med High	NA	NA
4105	2008-09-03	8965	15:28:00	Bicycle	NA	1	FALSE	FALSE	1	Linwood	NA	2008-09-03	Two-Way , Not Divided	Dry	Daylight	Clear	Head-On (Front - to - Front)	No	No Controls	2	1	Complains Of Pain	2	NA	NA	FALSE	TRUE	Linwood, Providence, RI, USA	FALSE	-71.4341209	41.8066081	route	geometric_center	linwood ave, providence, ri, usa	NA	NA	NA	NA	41.8066081	-71.4341209	Inaccurate	NA	NA
4106	2008-09-02	9034	15:06:00	Pedestrian	1	NA	FALSE	FALSE	1	770 WESTMINSTER STREET	DEAN STREET	2008-09-06	Two-Way , Not Divided	Dry	Daylight	Clear	Other	No	No Controls	3	1	Complains Of Pain	NA	NA	NA	TRUE	FALSE	770 Westminster Street, Providence, RI, USA	FALSE	-71.4200055	41.8166666	premise	rooftop	770 westminster st, providence, ri 02903, usa	NA	NA	NA	NA	41.8166666	-71.4200055	High	NA	NA
4107	2008-09-01	8921	07:54:00	Pedestrian	1	NA	FALSE	FALSE	1	PLAINFIELD	BARROWS	2008-09-01	Two-Way , Not Divided	Dry	Dark - Lighted	Clear	Other	No	No Controls	2	1	Non-Incapacitating	NA	NA	NA	FALSE	FALSE	Plainfield and Barrows, Providence, RI, USA	FALSE	-71.4578502	41.812866	intersection	geometric_center	barrows st & plainfield st, providence, ri 02909, usa	NA	NA	NA	NA	41.812866	-71.4578502	Med High	NA	NA
4108	2008-09-01	8966	15:01:00	Pedestrian	1	NA	FALSE	FALSE	1	343 BROAD STREET	SUMMER STREET	2008-09-03	Two-Way , Not Divided	Dry	Daylight	Clear	Other	No	No Controls	2	1	Complains Of Pain	NA	NA	NA	TRUE	FALSE	343 Broad Street, Providence, RI, USA	FALSE	-71.4221475	41.813852	premise	rooftop	343 broad st, providence, ri 02907, usa	NA	NA	NA	NA	41.813852	-71.4221475	High	NA	NA
4109	2008-08-31	8904	20:58:00	Pedestrian	1	NA	FALSE	FALSE	1	Charles St	Quarry St	2008-08-31	Two-Way, Divided, Unprotected (painted>4feet) Medium	Dry	Daylight	Clear	Sideswipe, Same Direction	No	No Controls	2	1	Complains Of Pain	1	NA	NA	FALSE	FALSE	Charles Street and Quarry Street, Providence, RI, USA	FALSE	-71.4197741	41.8537053	route	geometric_center	quarry st, providence, ri 02904, usa	Charles Street & Quarry Street, Providence, RI, USA	EjNDaGFybGVzIFN0cmVldCAmIFF1YXJyeSBTdHJlZXQsIFByb3ZpZGVuY2UsIFJJLCBVU0EiZiJkChQKEgmb0wOZ8UTkiRGdOo7Mb-ewdBIUChIJm9MDmfFE5IkRnTqOzG_nsHQaFAoSCXULzmzxROSJEctkyy41Vf0yGhQKEgmNeS-X8UTkiRERyVG4RowbESIKDcJa8hgVfRlu1Q	41.853613	-71.4204803	41.853613	-71.4204803	Med	NA	NA
4110	2008-08-30	9227	04:49:00	Pedestrian	1	NA	FALSE	FALSE	1	Taylor Street	Harvard Ave	2008-09-13	Two-Way , Not Divided	Dry	Daylight	Clear	Head-On (Front - to - Front)	No	No Controls	2	1	Complains Of Pain	2	NA	NA	FALSE	FALSE	Taylor Street and Harvard Ave, Providence, RI, USA	FALSE	-71.4195976	41.8086139	route	geometric_center	harvard ave, providence, ri 02907, usa	Taylor Street & Harvard Ave, Providence, RI, USA	EjBUYXlsb3IgU3RyZWV0ICYgSGFydmFyZCBBdmUsIFByb3ZpZGVuY2UsIFJJLCBVU0EiZiJkChQKEgnN1Y8qZUXkiREQPo0AJE98LRIUChIJzdWPKmVF5IkRED6NACRPfC0aFAoSCR_vKbdkReSJESiKLP7PTsggGhQKEgkXPxEhe0XkiRGWAWso2LuBHiIKDdV96xgVaH1u1Q	41.8086357	-71.4179224	41.8086357	-71.4179224	Med	NA	NA
4111	2008-08-29	8856	13:11:00	Other	NA	NA	TRUE	FALSE	2	Wickenden St	NA	2008-08-29	Two-Way , Not Divided	Dry	Daylight	Clear	Sideswipe, Same Direction	No	No Controls	5	0	No Injury	1	NA	NA	FALSE	TRUE	Wickenden Street, Providence, RI, USA	FALSE	-71.3960063	41.8196128	route	geometric_center	wickenden st, providence, ri, usa	NA	NA	NA	NA	41.8196128	-71.3960063	Inaccurate	NA	NA
4112	2008-08-27	8814	18:05:00	Bicycle	NA	1	FALSE	FALSE	1	OLNEY ST	PROSPECT	2008-08-27	Two-Way , Not Divided	Dry	Daylight	Clear	Angle (Front - to - Side) Opposite Direction	No	No Controls	4	1	Complains Of Pain	NA	NA	NA	FALSE	FALSE	Olney Street and Prospect, Providence, RI, USA	FALSE	-71.4498054	41.8581757	route	geometric_center	prospect st, providence, ri 02904, usa	Olney Street & Prospect Street, Providence, RI, USA	EjNPbG5leSBTdHJlZXQgJiBQcm9zcGVjdCBTdHJlZXQsIFByb3ZpZGVuY2UsIFJJLCBVU0EiZiJkChQKEglt9Vt_H0XkiREUG09NkI7NqRIUChIJbfVbfx9F5IkRFBtPTZCOzakaFAoSCQX4NfkgReSJEcWuz-GfMl1QGhQKEgn9zJKFIkXkiRF57BFuYBj1YyIKDc2W7xgVGDxw1Q	41.8354893	-71.4064872	41.8354893	-71.4064872	Med	NA	NA
4113	2008-08-24	8749	02:07:00	Pedestrian	1	NA	FALSE	FALSE	1	171 Atwells Avenue	Dean Street	2008-08-24	Two-Way , Not Divided	Dry	Dark - Lighted	Clear	Other	Yes, M/V and Driver Left Scene	No Controls	1	1	Complains Of Pain	2	NA	NA	TRUE	FALSE	171 Atwells Avenue, Providence, RI, USA	FALSE	-71.4236956	41.8235378	premise	rooftop	171 atwells ave, providence, ri 02903, usa	NA	NA	NA	NA	41.8235378	-71.4236956	High	NA	NA
4114	2008-08-23	8732	02:26:00	Other	NA	NA	FALSE	FALSE	1	RICHMOND STREET	SOUTH STREET	2008-08-23	Two-Way , Not Divided	Dry	Dark - Lighted	Clear	Other	Yes, M/V and Driver Left Scene	No Controls	1	1	Non-Incapacitating	2	NA	NA	FALSE	FALSE	Richmond Street and South Street, Providence, RI, USA	FALSE	-71.4085739	41.81707	route	geometric_center	south st, providence, ri 02903, usa	Richmond Street & South Street, Providence, RI, USA	EjNSaWNobW9uZCBTdHJlZXQgJiBTb3V0aCBTdHJlZXQsIFByb3ZpZGVuY2UsIFJJLCBVU0EiZiJkChQKEgmf0IjsakXkiRERObGgy0lK0hIUChIJn9CI7GpF5IkRETmxoMtJStIaFAoSCbFeXiRrReSJEfWPLeMumlQUGhQKEgkbh1H6akXkiRGN1r3ksUQ46yIKDQ7T7BgVXAdw1Q	41.817371	-71.4078372	41.817371	-71.4078372	Med	NA	NA
4115	2008-08-23	8760	05:42:00	Pedestrian	1	NA	FALSE	FALSE	1	Elmwood Avenue	Potters Avenue	2008-08-24	Two-Way, Divided, Unprotected (painted>4feet) Medium	Dry	Daylight	Clear	Head-On (Front - to - Front)	No	Traffic Control Signal	5	1	Complains Of Pain	4	NA	NA	FALSE	FALSE	Elmwood Avenue and Potters Avenue, Providence, RI, USA	FALSE	-71.4263655	41.8015172	intersection	geometric_center	potters ave & elmwood ave, providence, ri 02907, usa	NA	NA	NA	NA	41.8015172	-71.4263655	Med High	NA	NA
4116	2008-08-22	8726	08:32:00	Bicycle	NA	1	FALSE	FALSE	1	BOGMAN ST	MILK ST	2008-08-22	Two-Way , Not Divided	Dry	Daylight	Clear	Angle (Front - to - Side) Right Angle (Includes Broadside)	No	No Controls	3	1	Complains Of Pain	2	NA	NA	FALSE	FALSE	Bogman Street and Milk Street, Providence, RI, USA	FALSE	-71.41421749999999	41.8064095	intersection	geometric_center	milk st & bogman st, providence, ri 02905, usa	NA	NA	NA	NA	41.8064095	-71.41421749999999	Med High	NA	NA
4117	2008-08-22	8731	23:37:00	Pedestrian	1	NA	FALSE	FALSE	1	Thurbers Avenue	Eddy Street	2008-08-23	Two-Way , Not Divided	Dry	Dark - Lighted	Clear	Other	Yes, M/V and Driver Left Scene	Traffic Control Signal	8	1	Complains Of Pain	NA	NA	NA	FALSE	FALSE	Thurbers Avenue and Eddy Street, Providence, RI, USA	FALSE	-71.4058025	41.79991640000001	intersection	geometric_center	thurbers ave & eddy st, providence, ri 02905, usa	NA	NA	NA	NA	41.79991640000001	-71.4058025	Med High	NA	NA
4118	2008-08-22	8761	09:40:00	Pedestrian	1	NA	FALSE	FALSE	1	FRANCIS STREET	FINANCE WAY	2008-08-24	Two-Way , Not Divided	Dry	Dark - Lighted	Clear	Not a Collision Between Two Motor Vehicles in Transport	No	Traffic Control Signal	5	1	Complains Of Pain	4	NA	NA	FALSE	FALSE	Francis Street and Finance Way, Providence, RI, USA	FALSE	-71.4141847	41.8276529	route	geometric_center	finance way, providence, ri 02903, usa	Francis Street & Finance Way, Providence, RI, USA	EjFGcmFuY2lzIFN0cmVldCAmIEZpbmFuY2UgV2F5LCBQcm92aWRlbmNlLCBSSSwgVVNBImYiZAoUChIJV0u8VBBF5IkRSbWudbN2R1USFAoSCVdLvFQQReSJEUm1rnWzdkdVGhQKEgnjCiVZEEXkiREJ12uSbA5CmxoUChIJTVXC7xBF5IkRh9pEKJ3E5UwiCg3zXO4YFdnfbtU	41.8274547	-71.4154023	41.8274547	-71.4154023	Med	NA	NA
4119	2008-08-19	8641	00:05:00	Pedestrian	1	NA	FALSE	FALSE	1	Regent Ave.	Robin St.	2008-08-19	Two-Way , Not Divided	Dry	Dark - Lighted	Clear	Other	Yes, M/V and Driver Left Scene	Stop Signs	1	1	Complains Of Pain	2	NA	NA	FALSE	FALSE	Regent Ave. and Robin St., Providence, RI, USA	FALSE	-71.435585	41.83093600000001	intersection	geometric_center	regent ave & robin st, providence, ri 02908, usa	NA	NA	NA	NA	41.83093600000001	-71.435585	Med High	NA	NA
4120	2008-08-19	8657	06:04:00	Bicycle	NA	1	FALSE	FALSE	1	Manton Ave.	NA	2008-08-19	Two-Way , Not Divided	Dry	Daylight	Clear	Angle (Front - to - Side) Same Direction	No	No Controls	2	1	Complains Of Pain	2	NA	NA	FALSE	TRUE	Manton Ave., Providence, RI, USA	FALSE	-71.4570108	41.8257711	route	geometric_center	manton ave, providence, ri 02909, usa	NA	NA	NA	NA	41.8257711	-71.4570108	Inaccurate	NA	NA
4121	2008-08-18	8632	10:34:00	Bicycle	NA	1	FALSE	FALSE	1	Butler ave	Nisbit	2008-08-18	Two-Way , Not Divided	Dry	Daylight	Clear	Sideswipe, Same Direction	No	No Controls	2	0	No Injury	NA	NA	NA	FALSE	FALSE	Butler Ave and Nisbit, Providence, RI, USA	FALSE	-71.3830112	41.8298346	route	geometric_center	nisbet st, providence, ri 02906, usa	NA	NA	NA	NA	41.8298346	-71.3830112	Med	NA	NA
4122	2008-08-17	8610	12:46:00	Bicycle	NA	1	FALSE	FALSE	1	BLACKSTONE BOULEVARD	UPTON AVENUE	2008-08-17	One-Way Trafficway	Dry	Daylight	Clear	Other	No	Stop Signs	5	1	Complains Of Pain	1	NA	NA	FALSE	FALSE	Blackstone Boulevard and Upton Avenue, Providence, RI, USA	FALSE	-71.385763	41.8395728	intersection	geometric_center	upton ave & blackstone blvd, providence, ri 02906, usa	NA	NA	NA	NA	41.8395728	-71.385763	Med High	NA	NA
4123	2008-08-17	8644	13:00:00	Bicycle	NA	1	FALSE	FALSE	1	Huntington	Cranston	2008-08-19	One-Way Trafficway	Dry	Daylight	Clear	Other	No	No Controls	2	1	Complains Of Pain	2	NA	NA	FALSE	FALSE	Huntington and Cranston, Providence, RI, USA	FALSE	-71.4372796	41.7798226	locality	approximate	cranston, ri, usa	Huntington Avenue & Cranston Street, Providence, RI, USA	EjhIdW50aW5ndG9uIEF2ZW51ZSAmIENyYW5zdG9uIFN0cmVldCwgUHJvdmlkZW5jZSwgUkksIFVTQSJmImQKFAoSCX3ztgx9T-SJEZdyr-Z7VH2VEhQKEgl987YMfU_kiRGXcq_me1R9lRoUChIJIZRpAn5P5IkRBpHuQ9VzG1gaFAoSCQs1hvAUT-SJEUK6r_DxumjLIgoNTsHqGBXbP2vV	41.8038094	-71.4391589	41.8038094	-71.4391589	Med	NA	NA
4124	2008-08-15	8577	01:17:00	Pedestrian	1	NA	FALSE	FALSE	1	WASHINGTON STREET	UNION STREET	2008-08-15	Two-Way , Not Divided	Dry	Dark - Lighted	Clear	Other	No	Traffic Control Signal	9	1	Complains Of Pain	NA	NA	NA	FALSE	FALSE	Washington Street and Union Street, Providence, RI, USA	FALSE	-71.4128343	41.8239891	locality	approximate	providence, ri, usa	Washington Street & Union Street, Providence, RI, USA	EjVXYXNoaW5ndG9uIFN0cmVldCAmIFVuaW9uIFN0cmVldCwgUHJvdmlkZW5jZSwgUkksIFVTQSJmImQKFAoSCXvJS8cTReSJEcVp0B49EFpXEhQKEgl7yUvHE0XkiRHFadAePRBaVxoUChIJqdrNnBJF5IkRGgfQlqMSNPYaFAoSCXNAs5UTReSJEZJE18owa50QIgoN_cbtGBWuFm_V	41.8236157	-71.4139986	41.8236157	-71.4139986	Med	NA	NA
4125	2008-08-15	8586	02:00:00	Pedestrian	1	NA	FALSE	FALSE	1	Smith st	Chalkstone	2008-08-15	Two-Way , Not Divided	Dry	Daylight	Clear	Other	No	Traffic Control Signal	5	1	Non-Incapacitating	2	NA	NA	FALSE	FALSE	Smith Street and Chalkstone, Providence, RI, USA	FALSE	-71.4256425	41.83522139999999	intersection	geometric_center	chalkstone ave & smith st, providence, ri 02908, usa	NA	NA	NA	NA	41.83522139999999	-71.4256425	Med High	NA	NA
4126	2008-08-14	8571	16:37:00	Pedestrian	1	NA	FALSE	FALSE	1	SMITH STREET	RUGGLES STREET	2008-08-14	Two-Way , Not Divided	Dry	Daylight	Clear	Other	No	No Controls	2	1	Non-Incapacitating	2	NA	NA	FALSE	FALSE	Smith Street and Ruggles Street, Providence, RI, USA	FALSE	-71.4282411	41.8361735	intersection	geometric_center	smith st & ruggles st, providence, ri 02908, usa	NA	NA	NA	NA	41.8361735	-71.4282411	Med High	NA	NA
4127	2008-08-12	8535	14:30:00	Bicycle	NA	1	FALSE	FALSE	1	Prairie	Colfax	2008-08-12	Two-Way , Not Divided	Dry	Daylight	Clear	Angle - Direction Not Specified	No	No Controls	4	1	Incapacitating	1	NA	NA	FALSE	FALSE	Prairie and Colfax, Providence, RI, USA	FALSE	-71.41224679999999	41.799533	intersection	geometric_center	prairie ave & colfax st, providence, ri 02905, usa	NA	NA	NA	NA	41.799533	-71.41224679999999	Med High	NA	NA
4128	2008-08-11	8519	03:45:00	Pedestrian	1	NA	FALSE	FALSE	1	Manton ave	Herschel st	2008-08-11	Two-Way , Not Divided	Dry	Daylight	Clear	Other	No	No Controls	3	2	Incapacitating	2	NA	NA	FALSE	FALSE	Manton Ave and Herschel Street, Providence, RI, USA	FALSE	-71.4693755	41.83344899999999	intersection	geometric_center	herschel st & manton ave, providence, ri 02909, usa	NA	NA	NA	NA	41.83344899999999	-71.4693755	Med High	NA	NA