row_number	crash_date	crash_report_id	crash_time	collision_type	count_pedestrian	count_bicycle	scooter	wheel_chair	number_of_vehicles	street_or_highway	nearest_intersection	report_date	type_of_roadway	road_surface_condition	light_condition	weather_condition	manner_of_impact	hit_and_run	traffic_control	person_count	injury_count	most_serious_injury	number_of_lanes	lat_raw	lon_raw	has_st_number	is_intersection_null	address_sent_to_geocoder	is_address_blank	lon_api_first_try	lat_api_first_try	type	loctype	address_returned_by_geocoder	address_returned_by_autocomplete	place_ids_autocompleted	lat_api_second_try	lon_api_second_try	lat_api_best	lon_api_best	api_coord_conf	distance_btwn_coords_meters	best_coordinate_set
4180	2008-06-03	7207	11:10:00	Pedestrian	1	NA	FALSE	FALSE	1	Bissell St.	Elmwood Ave.	2008-06-04	Two-Way , Not Divided	Dry	Dark - Lighted	Clear	Head-On (Front - to - Front)	No	No Controls	4	1	Non-Incapacitating	2	NA	NA	FALSE	FALSE	Bissell St. and Elmwood Ave., Providence, RI, USA	FALSE	-71.4211644	41.7774396	intersection	geometric_center	bissell st & elmwood ave, providence, ri 02907, usa	NA	NA	NA	NA	41.7774396	-71.4211644	Med High	NA	NA
4181	2008-06-02	7178	09:28:00	Pedestrian	1	NA	FALSE	FALSE	1	OLNEY STREET	NORTH MAIN STREET	2008-06-02	Two-Way, Divided, Positive Median Barrier	Dry	Daylight	Clear	Other	No	Traffic Control Signal	6	1	Non-Incapacitating	NA	NA	NA	FALSE	FALSE	Olney Street and North Main Street, Providence, RI, USA	FALSE	-71.4128343	41.8239891	locality	approximate	providence, ri, usa	Olney Street & North Main Street, Providence, RI, USA	EjVPbG5leSBTdHJlZXQgJiBOb3J0aCBNYWluIFN0cmVldCwgUHJvdmlkZW5jZSwgUkksIFVTQSJmImQKFAoSCecyguceReSJEZoaCA_vhqGHEhQKEgnnMoLnHkXkiRGaGggP74ahhxoUChIJBfg1-SBF5IkRxa7P4Z8yXVAaFAoSCfn6QT3eROSJEV_Xrb4NXCM_IgoNEYfvGBVWum_V	41.8350865	-71.409809	41.8350865	-71.409809	Med	NA	NA
4182	2008-06-02	7186	18:32:00	Bicycle	NA	1	FALSE	FALSE	1	Walton St.	Meridian St.	2008-06-02	Two-Way , Not Divided	Dry	Daylight	Clear	Angle (Front - to - Side) Same Direction	No	No Controls	3	1	Complains Of Pain	2	NA	NA	FALSE	FALSE	Walton St. and Meridian St., Providence, RI, USA	FALSE	-71.4461653	41.8449717	route	geometric_center	meridian st, providence, ri 02908, usa	Walton St & Meridian St, Providence, RI, USA	EixXYWx0b24gU3QgJiBNZXJpZGlhbiBTdCwgUHJvdmlkZW5jZSwgUkksIFVTQSJmImQKFAoSCQW2AvNMROSJESjiGOTE_YlGEhQKEgkFtgLzTETkiREo4hjkxP2JRhoUChIJ64DN_kxE5IkRWNq8v5hLyY8aFAoSCVfJT8pMROSJEVdDjkdlQrwpIgoNPkTxGBXcL2rV	41.846483	-71.446122	41.846483	-71.446122	Med	NA	NA
4183	2008-06-01	7152	11:56:00	Pedestrian	1	NA	FALSE	FALSE	1	325 Valley Streete	NA	2008-06-01	Unknown	Dry	Daylight	Clear	Other	No	No Controls	6	1	Complains Of Pain	NA	NA	NA	TRUE	TRUE	325 Valley Streete, Providence, RI, USA	FALSE	-71.4379021	41.8259072	premise	rooftop	325 valley st, providence, ri 02908, usa	NA	NA	NA	NA	41.8259072	-71.4379021	High	NA	NA
4184	2008-05-21	6915	17:18:00	Bicycle	NA	1	FALSE	FALSE	1	Hope St	Rochambeau Ave	2008-05-21	Two-Way , Not Divided	Dry	Daylight	Cloudy	Other	No	Traffic Control Signal	5	1	Complains Of Pain	2	NA	NA	FALSE	FALSE	Hope Street and Rochambeau Ave, Providence, RI, USA	FALSE	-71.3960532	41.8469319	intersection	geometric_center	hope st & rochambeau ave, providence, ri 02906, usa	NA	NA	NA	NA	41.8469319	-71.3960532	Med High	NA	NA
4185	2008-05-18	6821	01:31:00	Pedestrian	1	NA	FALSE	FALSE	1	Union Ave	Webster Ave	2008-05-18	Two-Way , Not Divided	Dry	Dark - Lighted	Clear	Head-On (Front - to - Front)	Yes, M/V and Driver Left Scene	No Controls	3	1	Complains Of Pain	2	NA	NA	FALSE	FALSE	Union Ave and Webster Ave, Providence, RI, USA	FALSE	-71.4484433	41.8087282	route	geometric_center	webster ave, providence, ri, usa	Union Ave & Webster Ave, Providence, RI, USA	EixVbmlvbiBBdmUgJiBXZWJzdGVyIEF2ZSwgUHJvdmlkZW5jZSwgUkksIFVTQSJmImQKFAoSCYGwTPiJReSJEdURK9jB___mEhQKEgmBsEz4iUXkiRHVESvYwf__5hoUChIJI4HrOIpF5IkRntWfMLDFiC8aFAoSCUtPViuKReSJEQVPEPvUiEI-IgoNUDfrGBUa-GnV	41.8068304	-71.4475494	41.8068304	-71.4475494	Med	NA	NA
4186	2008-05-17	6809	19:04:00	Pedestrian	1	NA	FALSE	FALSE	1	Branch Ave.	Hawkins St.	2008-05-17	Two-Way, Divided, Unprotected (painted>4feet) Medium	Dry	Daylight	Clear	Other	Yes, M/V and Driver Left Scene	No Controls	2	1	Complains Of Pain	1	NA	NA	FALSE	FALSE	Branch Ave. and Hawkins St., Providence, RI, USA	FALSE	-71.4214171	41.8509231	intersection	geometric_center	hawkins st & branch ave, providence, ri 02904, usa	NA	NA	NA	NA	41.8509231	-71.4214171	Med High	NA	NA
4187	2008-05-17	6839	05:00:00	Bicycle	NA	1	FALSE	FALSE	1	Resevoir Ave	NA	2008-05-18	Two-Way , Not Divided	Dry	Daylight	Clear	Other	No	No Controls	3	1	Complains Of Pain	NA	NA	NA	FALSE	TRUE	Resevoir Ave, Providence, RI, USA	FALSE	-71.4384274	41.7831838	route	geometric_center	reservoir ave, providence, ri, usa	NA	NA	NA	NA	41.7831838	-71.4384274	Inaccurate	NA	NA
4188	2008-05-14	6737	10:26:00	Bicycle	NA	1	FALSE	FALSE	1	WEST EXCHANGE STREET	SABIN STREET	2008-05-14	One-Way Trafficway	Dry	Daylight	Clear	Angle (Front - to - Side) Same Direction	No	No Controls	3	0	No Injury	2	NA	NA	FALSE	FALSE	West Exchange Street and Sabin Street, Providence, RI, USA	FALSE	-71.4152876	41.8248645	intersection	geometric_center	sabin st & w exchange st, providence, ri 02903, usa	NA	NA	NA	NA	41.8248645	-71.4152876	Med High	NA	NA
4189	2008-05-14	6749	14:54:00	Pedestrian	1	NA	FALSE	FALSE	1	Everson Street	Lakeside Drive	2008-05-14	Two-Way , Not Divided	Dry	Daylight	Clear	Head-On (Front - to - Front)	No	No Controls	2	1	Complains Of Pain	2	NA	NA	FALSE	FALSE	Everson Street and Lakeside Drive, Providence, RI, USA	FALSE	-71.4128343	41.8239891	locality	approximate	providence, ri, usa	Everson Street & Lakeside Street, Providence, RI, USA	EjVFdmVyc29uIFN0cmVldCAmIExha2VzaWRlIFN0cmVldCwgUHJvdmlkZW5jZSwgUkksIFVTQSJmImQKFAoSCWU26L72ROSJER0Xs-dCvxr4EhQKEgllNui-9kTkiREdF7PnQr8a-BoUChIJ19E_pvZE5IkRI7HHeyY2efwaFAoSCWfL4MD2ROSJETp6GjyCvP2zIgoNDnvyGBW3YG3V	41.8544398	-71.42521049999999	41.8544398	-71.42521049999999	Med	NA	NA
4190	2008-05-14	6763	05:30:00	Bicycle	NA	1	FALSE	FALSE	1	306 ELMWOOD AVENUE	HANOVER STREET	2008-05-15	Two-Way , Not Divided	Dry	Daylight	Clear	Head-On (Front - to - Front)	Yes, M/V and Driver Left Scene	Other	3	1	Non-Incapacitating	NA	NA	NA	TRUE	FALSE	306 Elmwood Avenue, Providence, RI, USA	FALSE	-71.425243	41.8043022	premise	rooftop	306 elmwood ave, providence, ri 02907, usa	NA	NA	NA	NA	41.8043022	-71.425243	High	NA	NA
4191	2008-05-12	6694	13:12:00	Pedestrian	1	NA	FALSE	FALSE	1	WESTMINSTER STREET	MEMORIAL  BOULEVARD	2008-05-12	Two-Way , Not Divided	Wet	Daylight	Clear	Other	No	Traffic Control Signal	2	2	Complains Of Pain	NA	NA	NA	FALSE	FALSE	Westminster Street and Memorial  Boulevard, Providence, RI, USA	FALSE	-71.4088081	41.8253077	intersection	geometric_center	memorial blvd & westminster st, providence, ri 02903, usa	NA	NA	NA	NA	41.8253077	-71.4088081	Med High	NA	NA
4192	2008-05-10	6653	17:20:00	Pedestrian	1	NA	FALSE	FALSE	1	Parking Lot	NA	2008-05-10	Unknown	Dry	Daylight	Clear	Sidwswipe, Opposite Direction	Yes, M/V and Driver Left Scene	No Controls	1	1	Complains Of Pain	NA	NA	NA	FALSE	TRUE	Parking Lot, Providence, RI, USA	FALSE	-71.4128343	41.8239891	locality	approximate	providence, ri, usa	NA	NA	NA	NA	41.8239891	-71.4128343	Inaccurate	NA	NA
4193	2008-05-10	6655	18:49:00	Bicycle	NA	1	FALSE	FALSE	1	Providence Place Mall City Side	NA	2008-05-10	One-Way Trafficway	Dry	Daylight	Clear	Head-On (Front - to - Front)	No	No Controls	4	1	Non-Incapacitating	1	NA	NA	FALSE	TRUE	Providence Place Mall City Side, Providence, RI, USA	FALSE	-71.4168073	41.8291881	establishment	rooftop	one providence pl, providence, ri 02903, usa	NA	NA	NA	NA	41.8291881	-71.4168073	Inaccurate	NA	NA
4194	2008-05-08	6585	10:03:00	Pedestrian	1	NA	FALSE	FALSE	1	Brown St	Charlesfield St	2008-05-08	Two-Way , Not Divided	Wet	Daylight	Rain	Other	No	Stop Signs	3	1	Complains Of Pain	2	NA	NA	FALSE	FALSE	Brown Street and Charlesfield Street, Providence, RI, USA	FALSE	-71.4026667	41.8237472	intersection	geometric_center	brown st & charlesfield st, providence, ri 02906, usa	NA	NA	NA	NA	41.8237472	-71.4026667	Med High	NA	NA
4195	2008-05-06	6545	03:02:00	Bicycle	NA	1	FALSE	FALSE	1	ATWELLS AVE	NA	2008-05-06	Two-Way , Not Divided	Dry	Daylight	Clear	Sideswipe, Same Direction	Yes, M/V and Driver Left Scene	No Controls	1	1	Complains Of Pain	2	NA	NA	FALSE	TRUE	Atwells Ave, Providence, RI, USA	FALSE	-71.4363598	41.8244829	route	geometric_center	atwells ave, providence, ri, usa	NA	NA	NA	NA	41.8244829	-71.4363598	Inaccurate	NA	NA
4196	2008-05-04	6499	02:26:00	Pedestrian	1	NA	FALSE	FALSE	1	105 Richmond Street	Clifford Street	2008-05-04	Unknown	Wet	Dark - Lighted	Rain	Other	No	No Controls	2	1	Incapacitating	NA	NA	NA	TRUE	FALSE	105 Richmond Street, Providence, RI, USA	FALSE	-71.4110575	41.8200629	street_address	rooftop	105 richmond st, providence, ri 02903, usa	NA	NA	NA	NA	41.8200629	-71.4110575	High	NA	NA
4197	2008-05-01	6440	16:16:00	Pedestrian	1	NA	FALSE	FALSE	1	Service Rd 7	95 south	2008-05-01	One-Way Trafficway	Dry	Daylight	Clear	Other	No	No Controls	4	1	Non-Incapacitating	1	NA	NA	FALSE	FALSE	Service Rd 7 and 95 South, Providence, RI, USA	FALSE	-71.4092723	41.8169243	premise	rooftop	95 south st, providence, ri 02903, usa	NA	NA	NA	NA	41.8169243	-71.4092723	Med High	NA	NA
4198	2008-04-26	6334	13:55:00	Pedestrian	1	NA	FALSE	FALSE	1	118 Silver Lake Ave	NA	2008-04-26	Unknown	Dry	Daylight	Clear	Other	No	No Controls	3	1	Complains Of Pain	NA	NA	NA	TRUE	TRUE	118 Silver Lake Ave, Providence, RI, USA	FALSE	-71.4619532	41.8065672	premise	rooftop	118 silver lake ave, providence, ri 02909, usa	NA	NA	NA	NA	41.8065672	-71.4619532	High	NA	NA
4199	2008-04-25	14610	17:34:00	Pedestrian	1	NA	FALSE	FALSE	1	BROAD	NA	2009-04-25	Two-Way , Not Divided	Dry	Daylight	Clear	Not a Collision Between Two Motor Vehicles in Transport	No	No Controls	2	1	Complains Of Pain	2	NA	NA	FALSE	TRUE	Broad, Providence, RI, USA	FALSE	-71.390503	41.899788	route	geometric_center	broad st, rhode island, usa	NA	NA	NA	NA	41.899788	-71.390503	Inaccurate	NA	NA
4200	2008-04-21	6229	05:22:00	Bicycle	NA	1	FALSE	FALSE	1	SOUTH MAIN STREET	JAMES STREET	2008-04-21	One-Way Trafficway	Dry	Daylight	Clear	Rear End(Front-to-Rear)	Yes, M/V and Driver Left Scene	No Controls	1	1	Complains Of Pain	2	NA	NA	FALSE	FALSE	South Main Street and James Street, Providence, RI, USA	FALSE	-71.4159418	41.8062504	route	geometric_center	st james st, providence, ri 02907, usa	South Main Street & James Street, Providence, RI, USA	EjVTb3V0aCBNYWluIFN0cmVldCAmIEphbWVzIFN0cmVldCwgUHJvdmlkZW5jZSwgUkksIFVTQSJmImQKFAoSCa80ulM-ReSJETPAt9vR0VdhEhQKEgmvNLpTPkXkiREzwLfb0dFXYRoUChIJxfz7Uz5F5IkRx3FZv-YChPQaFAoSCWU9pVU-ReSJEZbTzuXdWQpZIgoNE1rtGBWWqHDV	41.8208275	-71.4037098	41.8208275	-71.4037098	Med	NA	NA
4201	2008-04-21	6233	19:07:00	Pedestrian	1	NA	FALSE	FALSE	1	193 Power St	Governor St	2008-04-21	Two-Way , Not Divided	Dry	Daylight	Clear	Other	No	No Controls	2	1	Complains Of Pain	2	NA	NA	TRUE	FALSE	193 Power Street, Providence, RI, USA	FALSE	-71.3935487	41.8234449	street_address	rooftop	193 power st, providence, ri 02906, usa	NA	NA	NA	NA	41.8234449	-71.3935487	High	NA	NA
4202	2008-04-19	6191	14:00:00	Bicycle	NA	1	FALSE	FALSE	1	274 Union Ave	Pricilla Ave	2008-04-19	Two-Way , Not Divided	Dry	Daylight	Clear	Sideswipe, Same Direction	No	No Controls	3	1	Incapacitating	2	NA	NA	TRUE	FALSE	274 Union Ave, Providence, RI, USA	FALSE	-71.44614419999999	41.8070846	street_address	rooftop	274 union ave, providence, ri 02909, usa	NA	NA	NA	NA	41.8070846	-71.44614419999999	High	NA	NA
4203	2008-04-15	6105	12:58:00	Pedestrian	1	NA	FALSE	FALSE	1	FRANCIS ST.	WEST EXCHANGE ST.	2008-04-15	Two-Way , Not Divided	Dry	Daylight	Clear	Other	No	Traffic Control Signal	2	1	Complains Of Pain	2	NA	NA	FALSE	FALSE	Francis St. and West Exchange St., Providence, RI, USA	FALSE	-71.4202531	41.825222	route	geometric_center	w exchange st, providence, ri 02903, usa	Francis St & W Exchange St, Providence, RI, USA	Ei9GcmFuY2lzIFN0ICYgVyBFeGNoYW5nZSBTdCwgUHJvdmlkZW5jZSwgUkksIFVTQSJmImQKFAoSCY002H0RReSJEau2Rko5OaMxEhQKEgmNNNh9EUXkiRGrtkZKOTmjMRoUChIJ4wolWRBF5IkRCddrkmwOQpsaFAoSCWXJ58QNReSJEb_JCPl4pu4aIgoNB_7tGBUx927V	41.8250247	-71.41480469999999	41.8250247	-71.41480469999999	Med	NA	NA
4204	2008-04-08	5970	11:20:00	Pedestrian	1	NA	FALSE	FALSE	1	Mt. Pleasant Ave	Dover	2008-04-08	Two-Way , Not Divided	Dry	Daylight	Clear	Other	No	No Controls	2	1	Complains Of Pain	2	NA	NA	FALSE	FALSE	Mt. Pleasant Ave and Dover, Providence, RI, USA	FALSE	-71.44924189999999	41.829606	intersection	geometric_center	dover st & mt pleasant ave, providence, ri 02908, usa	NA	NA	NA	NA	41.829606	-71.44924189999999	Med High	NA	NA
4205	2008-04-05	5990	01:29:00	Pedestrian	1	NA	FALSE	FALSE	1	WASHINGTON ST	UNION ST	2008-04-09	Two-Way , Not Divided	Dry	Dark - Lighted	Clear	Not a Collision Between Two Motor Vehicles in Transport	No	Traffic Control Signal	3	1	Complains Of Pain	2	NA	NA	FALSE	FALSE	Washington Street and Union Street, Providence, RI, USA	FALSE	-71.4128343	41.8239891	locality	approximate	providence, ri, usa	Washington Street & Union Street, Providence, RI, USA	EjVXYXNoaW5ndG9uIFN0cmVldCAmIFVuaW9uIFN0cmVldCwgUHJvdmlkZW5jZSwgUkksIFVTQSJmImQKFAoSCXvJS8cTReSJEcVp0B49EFpXEhQKEgl7yUvHE0XkiRHFadAePRBaVxoUChIJqdrNnBJF5IkRGgfQlqMSNPYaFAoSCXNAs5UTReSJEZJE18owa50QIgoN_cbtGBWuFm_V	41.8236157	-71.4139986	41.8236157	-71.4139986	Med	NA	NA
4206	2008-04-03	5866	08:25:00	Pedestrian	1	NA	FALSE	FALSE	1	606 Union Avenue	NA	2008-04-03	Two-Way , Not Divided	Dry	Dark - Lighted	Clear	Other	Yes, M/V and Driver Left Scene	No Controls	1	1	Complains Of Pain	2	NA	NA	TRUE	TRUE	606 Union Avenue, Providence, RI, USA	FALSE	-71.45881039999999	41.8069057	premise	rooftop	606 union ave, providence, ri 02909, usa	NA	NA	NA	NA	41.8069057	-71.45881039999999	High	NA	NA
4207	2008-04-02	5844	07:51:00	Bicycle	NA	1	FALSE	FALSE	1	Valley Street	Pleasant Valley Parkway	2008-04-02	Two-Way , Not Divided	Dry	Dark - Lighted	Clear	Angle (Front - to - Side) Same Direction	Yes, M/V and Driver Left Scene	Traffic Control Signal	3	1	Complains Of Pain	2	NA	NA	FALSE	FALSE	Valley Street and Pleasant Valley Parkway, Providence, RI, USA	FALSE	-71.428457	41.8314131	intersection	geometric_center	valley st & pleasant valley pkwy, providence, ri 02908, usa	NA	NA	NA	NA	41.8314131	-71.428457	Med High	NA	NA
4208	2008-03-18	5501	15:04:00	Pedestrian	1	NA	FALSE	FALSE	1	Westminster Street	Harkness Street	2008-03-18	Two-Way, Divided, Unprotected (painted>4feet) Medium	Dry	Daylight	Clear	Not a Collision Between Two Motor Vehicles in Transport	No	No Controls	2	1	Complains Of Pain	2	NA	NA	FALSE	FALSE	Westminster Street and Harkness Street, Providence, RI, USA	FALSE	-71.4339426	41.816302	intersection	geometric_center	westminster st & harkness st, providence, ri 02909, usa	NA	NA	NA	NA	41.816302	-71.4339426	Med High	NA	NA
4209	2008-03-16	5465	08:08:00	Pedestrian	1	NA	FALSE	FALSE	1	41 SHERWOOD STREET	DOUGLAS AVENUE	2008-03-17	Two-Way , Not Divided	Dry	Dark - Lighted	Clear	Head-On (Front - to - Front)	No	No Controls	2	1	Non-Incapacitating	2	NA	NA	TRUE	FALSE	41 Sherwood Street, Providence, RI, USA	FALSE	-71.4314792	41.8500544	premise	rooftop	41 sherwood st, providence, ri 02908, usa	NA	NA	NA	NA	41.8500544	-71.4314792	High	NA	NA
4210	2008-03-15	5432	00:12:00	Pedestrian	1	NA	FALSE	FALSE	1	Westminster St	Battey St	2008-03-15	Two-Way, Divided, Unprotected (painted>4feet) Medium	Dry	Dark - Lighted	Clear	Head-On (Front - to - Front)	Yes, M/V and Driver Left Scene	No Controls	3	1	Complains Of Pain	2	NA	NA	FALSE	FALSE	Westminster Street and Battey Street, Providence, RI, USA	FALSE	-71.4246276	41.8172544	intersection	geometric_center	battey st & westminster st, providence, ri 02903, usa	NA	NA	NA	NA	41.8172544	-71.4246276	Med High	NA	NA
4211	2008-03-14	5422	04:14:00	Pedestrian	1	NA	FALSE	FALSE	1	HARTFORD AV	LONGO	2008-03-14	Two-Way , Not Divided	Dry	Daylight	Clear	Other	No	No Controls	2	1	Complains Of Pain	NA	NA	NA	FALSE	FALSE	Hartford Av and Longo, Providence, RI, USA	FALSE	-71.4566959	41.81824	intersection	geometric_center	longo st & hartford ave, providence, ri 02909, usa	NA	NA	NA	NA	41.81824	-71.4566959	Med High	NA	NA
4212	2008-03-12	5384	23:10:00	Bicycle	NA	1	FALSE	FALSE	1	East George Street	Ives Street	2008-03-13	Two-Way , Not Divided	Dry	Dark - Lighted	Clear	Head-On (Front - to - Front)	No	Stop Signs	2	1	Complains Of Pain	2	NA	NA	FALSE	FALSE	East George Street and Ives Street, Providence, RI, USA	FALSE	-71.3925936	41.8256756	intersection	geometric_center	e george st & ives st, providence, ri 02906, usa	NA	NA	NA	NA	41.8256756	-71.3925936	Med High	NA	NA
4213	2008-03-08	5263	01:34:00	Pedestrian	1	NA	FALSE	FALSE	1	ATWELLS AVE.	CARLETON ST.	2008-03-08	Two-Way , Not Divided	Wet	Dark - Lighted	Rain	Head-On (Front - to - Front)	Yes, M/V and Driver Left Scene	No Controls	3	1	Fatal	2	NA	NA	FALSE	FALSE	Atwells Ave. and Carleton St., Providence, RI, USA	FALSE	-71.4466564	41.8249741	intersection	geometric_center	atwells ave & carleton st, providence, ri 02909, usa	NA	NA	NA	NA	41.8249741	-71.4466564	Med High	NA	NA
4214	2008-03-08	5276	06:21:00	Pedestrian	1	NA	FALSE	FALSE	1	Atwells Avenue	DePasquale Avenue	2008-03-08	Two-Way, Divided, Unprotected (painted>4feet) Medium	Wet	Dark - Lighted	Rain	Other	Yes, M/V and Driver Left Scene	Traffic Control Signal	4	1	Complains Of Pain	2	NA	NA	FALSE	FALSE	Atwells Avenue and Depasquale Avenue, Providence, RI, USA	FALSE	-71.4270169	41.8235993	intersection	geometric_center	de pasquale ave & atwells ave, providence, ri 02903, usa	NA	NA	NA	NA	41.8235993	-71.4270169	Med High	NA	NA
4215	2008-03-05	5293	16:56:00	Pedestrian	1	NA	FALSE	FALSE	1	BROADWAY AVE	KNIGHT ST	2008-03-09	Two-Way , Not Divided	Dry	Daylight	Clear	Other	No	No Controls	2	1	Complains Of Pain	NA	NA	NA	FALSE	FALSE	Broadway Ave and Knight Street, Providence, RI, USA	FALSE	-71.4298401	41.8202496	route	geometric_center	knight st, providence, ri, usa	Broadway & Knight Street, Providence, RI, USA	Ei1Ccm9hZHdheSAmIEtuaWdodCBTdHJlZXQsIFByb3ZpZGVuY2UsIFJJLCBVU0EiZiJkChQKEgmvZYGEdUXkiRHAVmwJ-u4XKRIUChIJr2WBhHVF5IkRwFZsCfruFykaFAoSCaW15YZ1ReSJERrCM7HXpG-zGhQKEgkPqvF6dUXkiRGsZxyELkktfCIKDcQy7RgVV79s1Q	41.8198212	-71.4293417	41.8198212	-71.4293417	Med	NA	NA
4216	2008-03-04	5186	07:00:00	Pedestrian	1	NA	FALSE	FALSE	1	PITMAN STREET	GANO STREET	2008-03-04	Two-Way , Not Divided	Wet	Dark - Lighted	Rain	Other	No	Traffic Control Signal	2	1	Complains Of Pain	2	NA	NA	FALSE	FALSE	Pitman Street and Gano Street, Providence, RI, USA	FALSE	-71.39049729999999	41.8265437	intersection	geometric_center	gano st & pitman st, providence, ri 02906, usa	NA	NA	NA	NA	41.8265437	-71.39049729999999	Med High	NA	NA
4217	2008-03-04	5235	17:56:00	Pedestrian	1	NA	FALSE	FALSE	1	BRIDGHAM STREET	DODGE STREET	2008-03-06	Two-Way , Not Divided	Dry	Dark - Lighted	Clear	Other	No	No Controls	2	1	Complains Of Pain	NA	NA	NA	FALSE	FALSE	Bridgham Street and Dodge Street, Providence, RI, USA	FALSE	-71.4235683	41.8127857	intersection	geometric_center	bridgham st & dodge st, providence, ri 02907, usa	NA	NA	NA	NA	41.8127857	-71.4235683	Med High	NA	NA
4218	2008-02-29	5092	14:03:00	Pedestrian	1	NA	FALSE	FALSE	1	165 Angell St	Thayer St	2008-03-01	One-Way Trafficway	Dry	Daylight	Clear	Other	No	No Controls	8	0	No Injury	1	NA	NA	TRUE	FALSE	165 Angell Street, Providence, RI, USA	FALSE	-71.4012475	41.8278567	premise	rooftop	165 angell st, providence, ri 02906, usa	NA	NA	NA	NA	41.8278567	-71.4012475	High	NA	NA
4219	2008-02-23	4953	22:26:00	Pedestrian	1	NA	FALSE	FALSE	1	Smith St.	State St.	2008-02-23	Two-Way, Divided, Unprotected (painted>4feet) Medium	Wet	Dark - Lighted	Clear	Not a Collision Between Two Motor Vehicles in Transport	No	Traffic Control Signal	2	1	Complains Of Pain	2	NA	NA	FALSE	FALSE	Smith St. and State St., Providence, RI, USA	FALSE	-71.4128107	41.8315462	intersection	geometric_center	state st & smith st, providence, ri 02908, usa	NA	NA	NA	NA	41.8315462	-71.4128107	Med High	NA	NA
4220	2008-02-21	4884	12:45:00	Bicycle	1	NA	FALSE	FALSE	1	Hamilton Street	Potters Avenue	2008-02-21	Two-Way , Not Divided	Dry	Daylight	Clear	Head-On (Front - to - Front)	Yes, M/V and Driver Left Scene	No Controls	2	1	Incapacitating	2	NA	NA	FALSE	FALSE	Hamilton Street and Potters Avenue, Providence, RI, USA	FALSE	-71.4226249	41.8019071	intersection	geometric_center	potters ave & hamilton st, providence, ri 02907, usa	NA	NA	NA	NA	41.8019071	-71.4226249	Med High	NA	NA
4221	2008-02-21	4897	15:41:00	Pedestrian	2	NA	FALSE	FALSE	1	Academy	NA	2008-02-21	Unknown	Dry	Daylight	Clear	Other	Yes, M/V and Driver Left Scene	No Controls	3	1	Complains Of Pain	NA	NA	NA	FALSE	TRUE	Academy, Providence, RI, USA	FALSE	-71.4128343	41.8239891	locality	approximate	providence, ri, usa	NA	NA	NA	NA	41.8239891	-71.4128343	Inaccurate	NA	NA
4222	2008-02-20	4863	16:13:00	Pedestrian	1	NA	FALSE	FALSE	1	39 MANTON AVENUE	DELAINE STREET	2008-02-20	Two-Way , Not Divided	Dry	Daylight	Clear	Other	Yes, M/V and Driver Left Scene	No Controls	1	1	Complains Of Pain	2	NA	NA	TRUE	FALSE	39 Manton Avenue, Providence, RI, USA	FALSE	-71.4422446	41.8180279	street_address	rooftop	39 manton ave, providence, ri 02909, usa	NA	NA	NA	NA	41.8180279	-71.4422446	High	NA	NA
4223	2008-02-19	4846	07:18:00	Pedestrian	1	NA	FALSE	FALSE	1	Plain Street	Willard Ave	2008-02-19	Two-Way , Not Divided	Dry	Dark - Lighted	Clear	Other	No	Stop Signs	2	1	Complains Of Pain	2	NA	NA	FALSE	FALSE	Plain Street and Willard Ave, Providence, RI, USA	FALSE	-71.41075959999999	41.8089396	intersection	geometric_center	willard ave & plain st, providence, ri 02905, usa	NA	NA	NA	NA	41.8089396	-71.41075959999999	Med High	NA	NA
4224	2008-02-15	4898	21:48:00	Pedestrian	1	NA	FALSE	FALSE	1	Oxford Street	Broad Street	2008-02-21	Two-Way , Not Divided	Dry	Daylight	Clear	Sideswipe, Same Direction	No	No Controls	4	1	Incapacitating	2	NA	NA	FALSE	FALSE	Oxford Street and Broad Street, Providence, RI, USA	FALSE	-71.417447	41.8004502	intersection	geometric_center	oxford st & broad st, providence, ri 02907, usa	NA	NA	NA	NA	41.8004502	-71.417447	Med High	NA	NA
4225	2008-02-14	4734	04:01:00	Pedestrian	1	NA	FALSE	FALSE	1	Plainfield	Whittier Ave	2008-02-14	Two-Way , Not Divided	Dry	Daylight	Clear	Angle (Front - to - Side) Same Direction	No	No Controls	2	1	Complains Of Pain	2	NA	NA	FALSE	FALSE	Plainfield and Whittier Ave, Providence, RI, USA	FALSE	-71.450935	41.814354	route	geometric_center	whittier ave, providence, ri 02909, usa	NA	NA	NA	NA	41.814354	-71.450935	Med	NA	NA
4226	2008-02-12	4688	12:59:00	Pedestrian	1	NA	FALSE	FALSE	1	ELMWOOD   AVE	LENOX AVE	2008-02-12	Two-Way , Not Divided	Dry	Daylight	Clear	Other	Yes, M/V and Driver Left Scene	No Controls	2	1	Complains Of Pain	2	NA	NA	FALSE	FALSE	Elmwood   Ave and Lenox Ave, Providence, RI, USA	FALSE	-71.424723	41.7952146	intersection	geometric_center	lenox ave & elmwood ave, providence, ri 02907, usa	NA	NA	NA	NA	41.7952146	-71.424723	Med High	NA	NA
4227	2008-02-09	4658	22:03:00	Bicycle	NA	1	FALSE	FALSE	1	ANGELL ST	BROWN ST.	2008-02-10	One-Way Trafficway	Wet	Dark - Lighted	Sleet, Hail (Freezing Rain or Drizzle)	Other	No	Stop Signs	3	1	Non-Incapacitating	2	NA	NA	FALSE	FALSE	Angell Street and Brown St., Providence, RI, USA	FALSE	-71.4031595	41.8278662	intersection	geometric_center	brown st & angell st, providence, ri 02906, usa	NA	NA	NA	NA	41.8278662	-71.4031595	Med High	NA	NA
4228	2008-02-01	4436	10:22:00	Pedestrian	1	NA	FALSE	FALSE	1	RIVER AV	CHALKSTONE AV	2008-02-01	Two-Way , Not Divided	Dry	Daylight	Cloudy	Sideswipe, Same Direction	No	No Controls	3	1	Complains Of Pain	2	NA	NA	FALSE	FALSE	River Av and Chalkstone Av, Providence, RI, USA	FALSE	-71.4385411	41.8325962	intersection	geometric_center	river ave & chalkstone ave, providence, ri 02908, usa	NA	NA	NA	NA	41.8325962	-71.4385411	Med High	NA	NA
4229	2008-02-01	4450	15:23:00	Pedestrian	1	NA	FALSE	FALSE	1	Atwells ave	Sears ave	2008-02-01	Two-Way , Not Divided	Wet	Daylight	Rain	Sideswipe, Same Direction	No	No Controls	7	1	Complains Of Pain	2	NA	NA	FALSE	FALSE	Atwells Ave and Sears Ave, Providence, RI, USA	FALSE	-71.445763	41.82492329999999	intersection	geometric_center	sears ave & atwells ave, providence, ri 02909, usa	NA	NA	NA	NA	41.82492329999999	-71.445763	Med High	NA	NA