row_number	crash_date	crash_report_id	crash_time	collision_type	count_pedestrian	count_bicycle	scooter	wheel_chair	number_of_vehicles	street_or_highway	nearest_intersection	report_date	type_of_roadway	road_surface_condition	light_condition	weather_condition	manner_of_impact	hit_and_run	traffic_control	person_count	injury_count	most_serious_injury	number_of_lanes	lat_raw	lon_raw	has_st_number	is_intersection_null	address_sent_to_geocoder	is_address_blank	lon_api_first_try	lat_api_first_try	type	loctype	address_returned_by_geocoder	address_returned_by_autocomplete	place_ids_autocompleted	lat_api_second_try	lon_api_second_try	lat_api_best	lon_api_best	api_coord_conf	distance_btwn_coords_meters	best_coordinate_set
4277	2007-10-30	2310	17:39:00	Pedestrian	1	NA	FALSE	FALSE	1	Fulton	Dorrance	2007-10-30	Two-Way, Divided, Positive Median Barrier	Dry	Daylight	Clear	Sideswipe, Same Direction	No	No Controls	6	1	Complains Of Pain	3	NA	NA	FALSE	FALSE	Fulton and Dorrance, Providence, RI, USA	FALSE	-71.4113407	41.8233534	route	geometric_center	dorrance st, providence, ri 02903, usa	Fulton Street & Dorrance Street, Providence, RI, USA	EjRGdWx0b24gU3RyZWV0ICYgRG9ycmFuY2UgU3RyZWV0LCBQcm92aWRlbmNlLCBSSSwgVVNBImYiZAoUChIJf0Y9-RNF5IkRa402C95i2d0SFAoSCX9GPfkTReSJEWuNNgveYtndGhQKEgmV_SepFkXkiRFnZiyNOi8BiRoUChIJpfpicxRF5IkR4zxQTjprQnQiCg1O2-0YFQlYb9U	41.8241358	-71.4123255	41.8241358	-71.4123255	Med	NA	NA
4278	2007-10-28	2278	02:24:00	Pedestrian	1	NA	FALSE	FALSE	1	Washington street	Clements Alley	2007-10-29	Two-Way , Not Divided	Dry	Dark - Lighted	Clear	Head-On (Front - to - Front)	No	No Controls	4	1	Incapacitating	2	NA	NA	FALSE	FALSE	Washington Street and Clements Alley, Providence, RI, USA	FALSE	-71.43438909999999	41.8293588	neighborhood	approximate	valley, providence, ri, usa	NA	NA	NA	NA	41.8293588	-71.43438909999999	Med	NA	NA
4279	2007-10-27	2219	01:38:00	Pedestrian	1	NA	FALSE	FALSE	1	39 Carrington St.	Camp St.	2007-10-27	Two-Way , Not Divided	Wet	Dark - Lighted	Rain	Head-On (Front - to - Front)	Yes, M/V and Driver Left Scene	No Controls	6	1	Complains Of Pain	2	NA	NA	TRUE	FALSE	39 Carrington St., Providence, RI, USA	FALSE	-71.4051904	41.9088484	premise	rooftop	39 carrington st, lincoln, ri 02865, usa	NA	NA	NA	NA	41.9088484	-71.4051904	High	NA	NA
4280	2007-10-27	2233	16:12:00	Bicycle	NA	1	FALSE	FALSE	1	WASHINGTON ST	EMPIRE ST	2007-10-27	Two-Way , Not Divided	Wet	Daylight	Rain	Angle (Front - to - Side) Opposite Direction	Yes, M/V and Driver Left Scene	Traffic Control Signal	3	1	Complains Of Pain	2	NA	NA	FALSE	FALSE	Washington Street and Empire Street, Providence, RI, USA	FALSE	-71.4157797	41.821349	route	geometric_center	empire st, providence, ri 02903, usa	Washington Street & Empire Street, Providence, RI, USA	EjZXYXNoaW5ndG9uIFN0cmVldCAmIEVtcGlyZSBTdHJlZXQsIFByb3ZpZGVuY2UsIFJJLCBVU0EiZiJkChQKEgmNpp3sEkXkiRHnvAEsqcaDvRIUChIJjaad7BJF5IkR57wBLKnGg70aFAoSCanazZwSReSJERoH0JajEjT2GhQKEgnHPO_pEkXkiRGhxI4iuiomFSIKDWmC7RgVI7hu1Q	41.82186009999999	-71.4164189	41.82186009999999	-71.4164189	Med	NA	NA
4281	2007-10-27	2234	03:49:00	Bicycle	NA	1	FALSE	FALSE	1	NORTH MAIN ST	FROST ST	2007-10-27	One-Way Trafficway	Wet	Dusk	Clear	Angle (Front - to - Side) Right Angle (Includes Broadside)	No	Traffic Control Signal	5	1	Complains Of Pain	4	NA	NA	FALSE	FALSE	North Main Street and Frost Street, Providence, RI, USA	FALSE	-71.4034541	41.8516888	route	geometric_center	frost st, providence, ri 02904, usa	North Main Street & Frost Street, Providence, RI, USA	EjVOb3J0aCBNYWluIFN0cmVldCAmIEZyb3N0IFN0cmVldCwgUHJvdmlkZW5jZSwgUkksIFVTQSJmImQKFAoSCX19LNrDROSJEaL1DS0QAB8hEhQKEgl9fSzaw0TkiRGi9Q0tEAAfIRoUChIJ-fpBPd5E5IkRX9etvg1cIz8aFAoSCX1-qSvCROSJEY8EJfDcpgnIIgoNkgHyGBXO3HDV	41.85132979999999	-71.402373	41.85132979999999	-71.402373	Med	NA	NA
4282	2007-10-26	2346	01:56:00	Bicycle	NA	1	FALSE	FALSE	1	EDDY STREET	CRARY STREET	2007-11-01	Two-Way , Not Divided	Dry	Daylight	Clear	Head-On (Front - to - Front)	No	No Controls	3	1	Complains Of Pain	2	NA	NA	FALSE	FALSE	Eddy Street and Crary Street, Providence, RI, USA	FALSE	-71.4103014	41.8135169	route	geometric_center	crary st, providence, ri 02903, usa	NA	NA	NA	NA	41.8135169	-71.4103014	Med	NA	NA
4283	2007-10-25	2165	08:49:00	Bicycle	NA	1	FALSE	FALSE	1	Valley street	Delaine	2007-10-25	Two-Way , Not Divided	Wet	Dawn	Rain	Other	Unknown	Traffic Control Signal	2	1	Complains Of Pain	2	NA	NA	FALSE	FALSE	Valley Street and Delaine, Providence, RI, USA	FALSE	-71.44050340000001	41.8195248	intersection	geometric_center	delaine st & valley st, providence, ri 02909, usa	NA	NA	NA	NA	41.8195248	-71.44050340000001	Med High	NA	NA
4284	2007-10-25	2173	15:08:00	Pedestrian	1	NA	FALSE	FALSE	1	Green Street	Washinbton Street	2007-10-25	One-Way Trafficway	Dry	Daylight	Clear	Head-On (Front - to - Front)	Yes, M/V and Driver Left Scene	No Controls	1	1	Complains Of Pain	NA	NA	NA	FALSE	FALSE	Green Street and Washinbton Street, Providence, RI, USA	FALSE	-71.417553	41.821048	route	geometric_center	washington st, providence, ri, usa	Greene Street & Washington Street, Providence, RI, USA	EjZHcmVlbmUgU3RyZWV0ICYgV2FzaGluZ3RvbiBTdHJlZXQsIFByb3ZpZGVuY2UsIFJJLCBVU0EiZiJkChQKEgm34he7EkXkiRGsc_jDIc_nwRIUChIJt-IXuxJF5IkRrHP4wyHP58EaFAoSCf0A8LYSReSJEUvYlXYJeLq1GhQKEgmp2s2cEkXkiREaB9CWoxI09iIKDatr7RgVkphu1Q	41.8212779	-71.417227	41.8212779	-71.417227	Med	NA	NA
4285	2007-10-22	2102	03:21:00	Pedestrian	1	NA	FALSE	FALSE	1	Magnolia St	Bancroft St	2007-10-22	Two-Way , Not Divided	Dry	Daylight	Clear	Head-On (Front - to - Front)	Yes, M/V and Driver Left Scene	Stop Signs	1	1	Complains Of Pain	2	NA	NA	FALSE	FALSE	Magnolia Street and Bancroft Street, Providence, RI, USA	FALSE	-71.447502	41.812553	route	geometric_center	bancroft st, providence, ri 02909, usa	Magnolia Street & Bancroft Street, Providence, RI, USA	EjZNYWdub2xpYSBTdHJlZXQgJiBCYW5jcm9mdCBTdHJlZXQsIFByb3ZpZGVuY2UsIFJJLCBVU0EiZiJkChQKEgmrKJOejkXkiREHlEQ0b7ha2xIUChIJqyiTno5F5IkRB5RENG-4WtsaFAoSCY8Wz1eOReSJEZaGq0yKKZ2jGhQKEgk7jMuYjkXkiREivoo7ww5Q_CIKDdoW7BgV9Plp1Q	41.812553	-71.447502	41.812553	-71.447502	Med	NA	NA
4286	2007-10-22	2106	16:47:00	Pedestrian	1	NA	FALSE	FALSE	1	Douglas Av	Eaton St	2007-10-22	Two-Way , Not Divided	Dry	Dawn	Clear	Not a Collision Between Two Motor Vehicles in Transport	Yes, M/V and Driver Left Scene	No Controls	2	1	Complains Of Pain	NA	NA	NA	FALSE	FALSE	Douglas Av and Eaton Street, Providence, RI, USA	FALSE	-71.42730879999999	41.8410051	intersection	geometric_center	eaton st & douglas ave, providence, ri 02908, usa	NA	NA	NA	NA	41.8410051	-71.42730879999999	Med High	NA	NA
4287	2007-10-22	2108	17:18:00	Pedestrian	1	NA	FALSE	FALSE	1	Douglass	Crimea	2007-10-22	Two-Way , Not Divided	Dry	Daylight	Clear	Other	No	No Controls	2	1	Complains Of Pain	NA	NA	NA	FALSE	FALSE	Douglass and Crimea, Providence, RI, USA	FALSE	-71.4218578	41.8370051	intersection	geometric_center	crimea st & douglas ave, providence, ri 02908, usa	NA	NA	NA	NA	41.8370051	-71.4218578	Med High	NA	NA
4288	2007-10-22	2111	15:03:00	Pedestrian	1	NA	FALSE	FALSE	1	Atwells Ave	Valley St	2007-10-22	Two-Way, Divided, Unprotected (painted>4feet) Medium	Dry	Daylight	Clear	Other	No	No Controls	2	1	Complains Of Pain	NA	NA	NA	FALSE	FALSE	Atwells Ave and Valley Street, Providence, RI, USA	FALSE	-71.4394736	41.8245768	intersection	geometric_center	valley st & atwells ave, providence, ri 02908, usa	NA	NA	NA	NA	41.8245768	-71.4394736	Med High	NA	NA
4289	2007-10-20	2050	01:45:00	Pedestrian	1	NA	FALSE	FALSE	1	342 Atwells	NA	2007-10-20	Two-Way , Not Divided	Wet	Dark - Lighted	Rain	Head-On (Front - to - Front)	No	No Controls	3	1	Complains Of Pain	2	NA	NA	TRUE	TRUE	342 Atwells, Providence, RI, USA	FALSE	-71.4290043	41.8236655	street_address	rooftop	342 atwells ave, providence, ri 02903, usa	NA	NA	NA	NA	41.8236655	-71.4290043	High	NA	NA
4290	2007-10-19	2012	08:40:00	Pedestrian	1	NA	FALSE	FALSE	1	ADMIRAL ST	RIVER AVE	2007-10-19	Two-Way , Not Divided	Wet	Daylight	Rain	Other	No	No Controls	3	1	Complains Of Pain	2	NA	NA	FALSE	FALSE	Admiral Street and River Ave, Providence, RI, USA	FALSE	-71.4460552	41.853176	intersection	geometric_center	admiral st & river ave, providence, ri 02904, usa	NA	NA	NA	NA	41.853176	-71.4460552	Med High	NA	NA
4291	2007-10-19	2020	08:30:00	Bicycle	NA	1	FALSE	FALSE	1	CANAL ST	PARK ROW	2007-10-19	One-Way Trafficway	Wet	Daylight	Cloudy	Other	No	No Controls	4	1	Incapacitating	3	NA	NA	FALSE	FALSE	Canal Street and Park Row, Providence, RI, USA	FALSE	-71.4101424	41.8285609	route	geometric_center	park row, providence, ri 02903, usa	Canal Street & Park Row, Providence, RI, USA	EixDYW5hbCBTdHJlZXQgJiBQYXJrIFJvdywgUHJvdmlkZW5jZSwgUkksIFVTQSJmImQKFAoSCfnYQl0XReSJEb76n4zNKeooEhQKEgn52EJdF0XkiRG--p-MzSnqKBoUChIJy9SY0BlF5IkR-2tCJRBJALIaFAoSCYVjbGQXReSJEc7xB3V3CujAIgoNl4TuGBXll2_V	41.8284695	-71.4106907	41.8284695	-71.4106907	Med	NA	NA
4292	2007-10-19	2041	20:00:00	Pedestrian	1	NA	FALSE	FALSE	1	Broad Street	Dartmouth Street	2007-10-19	Two-Way , Not Divided	Wet	Dark - Lighted	Rain	Head-On (Front - to - Front)	No	No Controls	3	1	Incapacitating	2	NA	NA	FALSE	FALSE	Broad Street and Dartmouth Street, Providence, RI, USA	FALSE	-71.3931549	41.8589817	route	geometric_center	dartmouth st, providence, ri 02860, usa	NA	NA	NA	NA	41.8589817	-71.3931549	Med	NA	NA
4293	2007-10-18	2006	18:17:00	Pedestrian	1	NA	FALSE	FALSE	1	Parking Lot	NA	2007-10-18	Two-Way , Not Divided	Dry	Dark - Lighted	Clear	Other	No	No Controls	2	1	Complains Of Pain	NA	NA	NA	FALSE	TRUE	Parking Lot, Providence, RI, USA	FALSE	-71.4128343	41.8239891	locality	approximate	providence, ri, usa	NA	NA	NA	NA	41.8239891	-71.4128343	Inaccurate	NA	NA
4294	2007-10-18	2007	23:44:00	Bicycle	NA	1	FALSE	FALSE	1	Angell St	NA	2007-10-19	One-Way Trafficway	Dry	Dark - Lighted	Clear	Sidwswipe, Opposite Direction	No	No Controls	4	1	Complains Of Pain	2	NA	NA	FALSE	TRUE	Angell Street, Providence, RI, USA	FALSE	-71.393109	41.8291785	route	geometric_center	angell st, providence, ri, usa	NA	NA	NA	NA	41.8291785	-71.393109	Inaccurate	NA	NA
4295	2007-10-18	2011	11:07:00	Bicycle	NA	1	FALSE	FALSE	1	CHALKSTONE AVE	HAROLD STREET	2007-10-19	Two-Way , Not Divided	Dry	Daylight	Clear	Head-On (Front - to - Front)	Yes, Driver Left Scene	Stop Signs	2	0	Unknown	NA	NA	NA	FALSE	FALSE	Chalkstone Ave and Harold Street, Providence, RI, USA	FALSE	-71.4393395	41.8324262	intersection	geometric_center	harold st & chalkstone ave, providence, ri 02908, usa	NA	NA	NA	NA	41.8324262	-71.4393395	Med High	NA	NA
4296	2007-10-17	2005	18:04:00	Pedestrian	1	NA	FALSE	FALSE	1	ATWELLS AVENUE	DEPASQUALE STREET	2007-10-18	Two-Way , Not Divided	Dry	Daylight	Clear	Sideswipe, Same Direction	No	No Controls	2	1	Non-Incapacitating	2	NA	NA	FALSE	FALSE	Atwells Avenue and Depasquale Street, Providence, RI, USA	FALSE	-71.4270169	41.8235993	intersection	geometric_center	de pasquale ave & atwells ave, providence, ri 02903, usa	NA	NA	NA	NA	41.8235993	-71.4270169	Med High	NA	NA
4297	2007-10-16	1947	04:17:00	Bicycle	1	NA	FALSE	FALSE	1	Cranston Street	Brigham Street	2007-10-16	Two-Way , Not Divided	Dry	Daylight	Clear	Sideswipe, Same Direction	No	No Controls	2	0	No Injury	2	NA	NA	FALSE	FALSE	Cranston Street and Brigham Street, Providence, RI, USA	FALSE	-71.4128343	41.8239891	locality	approximate	providence, ri, usa	NA	NA	NA	NA	41.8239891	-71.4128343	Med	NA	NA
4298	2007-10-15	1990	02:05:00	Pedestrian	1	NA	FALSE	FALSE	1	Vandewater  Street	Cornwall Street	2007-10-18	Two-Way , Not Divided	Dry	Daylight	Clear	Head-On (Front - to - Front)	No	No Controls	2	1	Complains Of Pain	2	NA	NA	FALSE	FALSE	Vandewater  Street and Cornwall Street, Providence, RI, USA	FALSE	-71.4295041	41.85222419999999	intersection	geometric_center	vandewater st & cornwall st, providence, ri 02908, usa	NA	NA	NA	NA	41.85222419999999	-71.4295041	Med High	NA	NA
4299	2007-10-14	2499	17:03:00	Pedestrian	1	NA	FALSE	FALSE	1	Memorial Boulevard	Exchange Street	2007-11-07	Two-Way, Divided, Positive Median Barrier	Dry	Dusk	Clear	Other	No	Traffic Control Signal	3	0	No Injury	NA	NA	NA	FALSE	FALSE	Memorial Boulevard and Exchange Street, Providence, RI, USA	FALSE	-71.4121426	41.8269244	intersection	geometric_center	memorial blvd & exchange st, providence, ri 02903, usa	NA	NA	NA	NA	41.8269244	-71.4121426	Med High	NA	NA
4300	2007-10-12	1863	10:28:00	Pedestrian	1	NA	FALSE	FALSE	1	2 Dudley Street	NA	2007-10-12	One-Way Trafficway	Dry	Daylight	Clear	Rear End(Front-to-Rear)	No	No Controls	2	1	Complains Of Pain	NA	NA	NA	TRUE	TRUE	2 Dudley Street, Providence, RI, USA	FALSE	-71.40816819999999	41.8103278	premise	rooftop	2 dudley st, providence, ri 02905, usa	NA	NA	NA	NA	41.8103278	-71.40816819999999	High	NA	NA
4301	2007-10-12	1870	03:58:00	Pedestrian	1	NA	FALSE	FALSE	1	226 Public Street	Temple Street	2007-10-12	Two-Way, Divided, Unprotected (painted>4feet) Medium	Dry	Daylight	Clear	Not a Collision Between Two Motor Vehicles in Transport	No	No Controls	3	0	No Injury	2	NA	NA	TRUE	FALSE	226 Public Street, Providence, RI, USA	FALSE	-71.4083299	41.80676100000001	premise	rooftop	226 public st, providence, ri 02905, usa	NA	NA	NA	NA	41.80676100000001	-71.4083299	High	NA	NA
4302	2007-10-10	1802	08:31:00	Pedestrian	1	NA	FALSE	FALSE	1	SABIN STREET	NA	2007-10-10	One-Way Trafficway	Wet	Daylight	Rain	Other	No	No Controls	2	1	Complains Of Pain	2	NA	NA	FALSE	TRUE	Sabin Street, Providence, RI, USA	FALSE	-71.4163184	41.8239955	route	geometric_center	sabin st, providence, ri, usa	NA	NA	NA	NA	41.8239955	-71.4163184	Inaccurate	NA	NA
4303	2007-10-10	1807	09:44:00	Pedestrian	1	NA	FALSE	FALSE	1	ONE ORMS STREET	NA	2007-10-10	Two-Way , Not Divided	Wet	Daylight	Rain	Other	No	No Controls	4	1	Complains Of Pain	NA	NA	NA	FALSE	TRUE	One Orms Street, Providence, RI, USA	FALSE	-71.4191013	41.8342191	route	geometric_center	orms st, providence, ri, usa	NA	NA	NA	NA	41.8342191	-71.4191013	Inaccurate	NA	NA
4304	2007-10-10	1819	19:05:00	Pedestrian	1	NA	FALSE	FALSE	1	Smith Street	Gentian Avenue	2007-10-10	Two-Way , Not Divided	Dry	Dark - Lighted	Clear	Not a Collision Between Two Motor Vehicles in Transport	No	No Controls	3	1	Non-Incapacitating	2	NA	NA	FALSE	FALSE	Smith Street and Gentian Avenue, Providence, RI, USA	FALSE	-71.45166929999999	41.846001	intersection	geometric_center	smith st & gentian ave, providence, ri 02908, usa	NA	NA	NA	NA	41.846001	-71.45166929999999	Med High	NA	NA
4305	2007-10-10	2224	12:58:00	Bicycle	NA	1	FALSE	FALSE	1	ALLENS AVE	THURBERS AVE	2007-10-27	Two-Way , Not Divided	Dry	Daylight	Clear	Other	No	Traffic Control Signal	5	2	Incapacitating	4	NA	NA	FALSE	FALSE	Allens Ave and Thurbers Ave, Providence, RI, USA	FALSE	-71.4006679	41.8013711	intersection	geometric_center	thurbers ave & allens ave, providence, ri 02903, usa	NA	NA	NA	NA	41.8013711	-71.4006679	Med High	NA	NA
4306	2007-10-09	1787	11:30:00	Pedestrian	1	NA	FALSE	FALSE	1	Reservoir Ave	Narragansett Ave	2007-10-09	Two-Way , Not Divided	Dry	Daylight	Clear	Unknown	No	Traffic Control Signal	3	1	Complains Of Pain	1	NA	NA	FALSE	FALSE	Reservoir Ave and Narragansett Ave, Providence, RI, USA	FALSE	-71.42687269999999	41.7938003	intersection	geometric_center	reservoir ave & narragansett ave, providence, ri 02907, usa	NA	NA	NA	NA	41.7938003	-71.42687269999999	Med High	NA	NA
4307	2007-10-07	1844	02:27:00	Pedestrian	1	NA	FALSE	FALSE	1	friendship	garnett	2007-10-11	Unknown	Dry	Dark - Lighted	Clear	Other	No	No Controls	2	1	Complains Of Pain	NA	NA	NA	FALSE	FALSE	Friendship and Garnett, Providence, RI, USA	FALSE	-71.4128343	41.8239891	locality	approximate	providence, ri, usa	NA	NA	NA	NA	41.8239891	-71.4128343	Med	NA	NA
4308	2007-10-06	1733	20:10:00	Pedestrian	1	NA	FALSE	FALSE	1	890 Douglas Av	River Av	2007-10-06	Two-Way , Not Divided	Dry	Dark - Not Lighted	Clear	Other	No	No Controls	4	1	Complains Of Pain	2	NA	NA	TRUE	FALSE	890 Douglas Av, Providence, RI, USA	FALSE	-71.4367735	41.852366	street_address	rooftop	890 douglas ave, providence, ri 02908, usa	NA	NA	NA	NA	41.852366	-71.4367735	High	NA	NA
4309	2007-10-05	1681	23:03:00	Pedestrian	1	NA	FALSE	FALSE	1	18 bridge st	south main st.	2007-10-05	One-Way Trafficway	Dry	Dark - Lighted	Clear	Head-On (Front - to - Front)	No	Traffic Control Signal	4	2	Incapacitating	2	NA	NA	TRUE	FALSE	18 Bridge Street, Providence, RI, USA	FALSE	-71.4019003	41.8178577	street_address	rooftop	18 bridge st, providence, ri 02903, usa	NA	NA	NA	NA	41.8178577	-71.4019003	High	NA	NA
4310	2007-10-05	1698	03:49:00	Pedestrian	1	NA	FALSE	FALSE	1	Union Ave	Webster Ave	2007-10-05	Two-Way , Not Divided	Dry	Daylight	Clear	Head-On (Front - to - Front)	No	Traffic Control Signal	2	1	Non-Incapacitating	2	NA	NA	FALSE	FALSE	Union Ave and Webster Ave, Providence, RI, USA	FALSE	-71.4484433	41.8087282	route	geometric_center	webster ave, providence, ri, usa	Union Ave & Webster Ave, Providence, RI, USA	EixVbmlvbiBBdmUgJiBXZWJzdGVyIEF2ZSwgUHJvdmlkZW5jZSwgUkksIFVTQSJmImQKFAoSCYGwTPiJReSJEdURK9jB___mEhQKEgmBsEz4iUXkiRHVESvYwf__5hoUChIJI4HrOIpF5IkRntWfMLDFiC8aFAoSCUtPViuKReSJEQVPEPvUiEI-IgoNUDfrGBUa-GnV	41.8068304	-71.4475494	41.8068304	-71.4475494	Med	NA	NA
4311	2007-10-05	1701	15:08:00	Pedestrian	1	NA	FALSE	FALSE	1	Ontario Street	Niagara Street	2007-10-05	Two-Way , Not Divided	Dry	Daylight	Clear	Other	Yes, M/V and Driver Left Scene	Stop Signs	2	1	Complains Of Pain	2	NA	NA	FALSE	FALSE	Ontario Street and Niagara Street, Providence, RI, USA	FALSE	-71.419342	41.7998959	intersection	geometric_center	ontario st & niagara st, providence, ri 02907, usa	NA	NA	NA	NA	41.7998959	-71.419342	Med High	NA	NA
4312	2007-10-05	1775	00:42:00	Bicycle	NA	NA	FALSE	FALSE	2	Brook Street	Transit Street	2007-10-08	Two-Way , Not Divided	Dry	Dark - Lighted	Clear	Other	No	No Controls	2	1	Complains Of Pain	2	NA	NA	FALSE	FALSE	Brook Street and Transit Street, Providence, RI, USA	FALSE	-71.3983698	41.820544	intersection	geometric_center	transit st & brook st, providence, ri 02906, usa	NA	NA	NA	NA	41.820544	-71.3983698	Med High	NA	NA
4313	2007-10-05	1907	09:32:00	Pedestrian	1	NA	FALSE	FALSE	1	150 POWER STREET	NA	2007-10-14	Two-Way , Not Divided	Dry	Dark - Lighted	Cloudy	Other	No	No Controls	3	1	Non-Incapacitating	2	NA	NA	TRUE	TRUE	150 Power Street, Providence, RI, USA	FALSE	-71.396481	41.82349	street_address	rooftop	150 power st, providence, ri 02912, usa	NA	NA	NA	NA	41.82349	-71.396481	High	NA	NA
4314	2007-10-04	1676	19:49:00	Pedestrian	1	NA	FALSE	FALSE	1	Steeple Street	North Main Street	2007-10-04	One-Way Trafficway	Dry	Dark - Not Lighted	Clear	Other	No	Traffic Control Signal	3	1	Complains Of Pain	2	NA	NA	FALSE	FALSE	Steeple Street and North Main Street, Providence, RI, USA	FALSE	-71.409299	41.8273889	route	geometric_center	steeple st, providence, ri 02903, usa	Steeple Street & North Main Street, Providence, RI, USA	EjdTdGVlcGxlIFN0cmVldCAmIE5vcnRoIE1haW4gU3RyZWV0LCBQcm92aWRlbmNlLCBSSSwgVVNBImYiZAoUChIJUS88oBdF5IkRhG9IWd2q99wSFAoSCVEvPKAXReSJEYRvSFndqvfcGhQKEgln0uQLF0XkiRFQpCIGGQGeZRoUChIJ-fpBPd5E5IkRX9etvg1cIz8iCg2wXe4YFQzYb9U	41.8274736	-71.4090484	41.8274736	-71.4090484	Med	NA	NA
4315	2007-10-03	1640	01:32:00	Bicycle	NA	1	FALSE	FALSE	1	whipple St	Admril St	2007-10-03	Two-Way , Not Divided	Dry	Daylight	Clear	Angle (Front - to - Side) Right Angle (Includes Broadside)	No	Traffic Control Signal	2	0	No Injury	NA	NA	NA	FALSE	FALSE	Whipple Street and Admril Street, Providence, RI, USA	FALSE	-71.4189756	41.8406503	intersection	geometric_center	admiral st & whipple st, providence, ri 02908, usa	NA	NA	NA	NA	41.8406503	-71.4189756	Med High	NA	NA
4316	2007-10-02	1616	12:59:00	Pedestrian	1	NA	FALSE	FALSE	1	275 WESTMINSTER STREET	CLEMENCE STREET	2007-10-02	One-Way Trafficway	Dry	Daylight	Clear	Other	No	No Controls	3	1	Complains Of Pain	1	NA	NA	TRUE	FALSE	275 Westminster Street, Providence, RI, USA	FALSE	-71.4149714	41.8227748	subpremise	rooftop	275 westminster st, providence, ri 02903, usa	NA	NA	NA	NA	41.8227748	-71.4149714	High	NA	NA
4317	2007-10-01	1580	09:01:00	Pedestrian	1	NA	FALSE	FALSE	1	Eaton st.	Smith	2007-10-01	Two-Way , Not Divided	Dry	Daylight	Clear	Head-On (Front - to - Front)	No	Stop Signs	3	1	Complains Of Pain	NA	NA	NA	FALSE	FALSE	Eaton St. and Smith, Providence, RI, USA	FALSE	-71.4128207	41.8134817	establishment	rooftop	101 plain st, providence, ri 02903, usa	Eaton St & Smith Street, Providence, RI, USA	EixFYXRvbiBTdCAmIFNtaXRoIFN0cmVldCwgUHJvdmlkZW5jZSwgUkksIFVTQSJmImQKFAoSCbkGFF6zReSJEe6e6huytGo2EhQKEgm5BhRes0XkiRHunuobsrRqNhoUChIJG5d0x6xF5IkRnjWQbyVSMV0aFAoSCbWucExLROSJESG1ozC4jKuEIgoNItXwGBUo-WnV	41.8436386	-71.4475224	41.8436386	-71.4475224	Med	NA	NA
4318	2007-10-01	1605	19:21:00	Pedestrian	1	NA	FALSE	FALSE	1	Admiral St.	East Dr.	2007-10-01	Two-Way , Not Divided	Dry	Dark - Lighted	Clear	Head-On (Front - to - Front)	No	No Controls	3	1	Non-Incapacitating	2	NA	NA	FALSE	FALSE	Admiral St. and East Dr., Providence, RI, USA	FALSE	-71.4310569	41.846452	route	geometric_center	admiral st, providence, ri, usa	NA	NA	NA	NA	41.846452	-71.4310569	Med	NA	NA
4319	2007-09-30	1542	02:18:00	Pedestrian	1	NA	FALSE	FALSE	1	1070 North Main St	NA	2007-09-30	Two-Way, Divided, Positive Median Barrier	Dry	Dark - Lighted	Clear	Angle (Front - to - Side) Same Direction	Yes, M/V and Driver Left Scene	No Controls	1	0	Unknown	4	NA	NA	TRUE	TRUE	1070 North Main Street, Providence, RI, USA	FALSE	-71.40366449999999	41.84979	premise	rooftop	1070 n main st, providence, ri 02904, usa	NA	NA	NA	NA	41.84979	-71.40366449999999	High	NA	NA
4320	2007-09-29	1523	14:07:00	Pedestrian	1	NA	FALSE	FALSE	1	DOUGLAS AV	SUFFOLK ST	2007-09-29	Two-Way , Not Divided	Dry	Daylight	Clear	Other	No	No Controls	2	1	Complains Of Pain	2	NA	NA	FALSE	FALSE	Douglas Av and Suffolk Street, Providence, RI, USA	FALSE	-71.426896	41.8404209	intersection	geometric_center	suffolk st & douglas ave, providence, ri 02908, usa	NA	NA	NA	NA	41.8404209	-71.426896	Med High	NA	NA
4321	2007-09-29	1531	03:24:00	Bicycle	1	NA	FALSE	FALSE	1	Niargra Street	Early Street	2007-09-29	Two-Way , Not Divided	Dry	Daylight	Clear	Head-On (Front - to - Front)	No	Stop Signs	2	0	No Injury	2	NA	NA	FALSE	FALSE	Niargra Street and Early Street, Providence, RI, USA	FALSE	-71.41553549999999	41.7938947	intersection	geometric_center	early st & niagara st, providence, ri 02907, usa	NA	NA	NA	NA	41.7938947	-71.41553549999999	Med High	NA	NA
4322	2007-09-28	1502	07:50:00	Pedestrian	1	NA	FALSE	FALSE	1	MT. PLEASANT AV	YALE AV	2007-09-28	Two-Way , Not Divided	Dry	Daylight	Clear	Head-On (Front - to - Front)	No	No Controls	3	1	Non-Incapacitating	2	NA	NA	FALSE	FALSE	Mt. Pleasant Av and Yale Av, Providence, RI, USA	FALSE	-71.448807	41.8269419	intersection	geometric_center	mt pleasant ave & yale ave, providence, ri 02908, usa	NA	NA	NA	NA	41.8269419	-71.448807	Med High	NA	NA
4323	2007-09-27	1603	08:56:00	Pedestrian	1	NA	FALSE	FALSE	1	Amsterdam St.	NA	2007-10-01	Two-Way , Not Divided	Dry	Dark - Lighted	Clear	Other	Yes, M/V and Driver Left Scene	No Controls	1	1	Complains Of Pain	2	NA	NA	FALSE	TRUE	Amsterdam St., Providence, RI, USA	FALSE	-71.4487397	41.8243733	route	geometric_center	amsterdam st, providence, ri 02909, usa	NA	NA	NA	NA	41.8243733	-71.4487397	Inaccurate	NA	NA
4324	2007-09-24	1400	16:35:00	Bicycle	NA	1	FALSE	FALSE	1	ROUTE 10 EAST	DEAN ST	2007-09-24	One-Way Trafficway	Dry	Daylight	Clear	Head-On (Front - to - Front)	No	Yield Signs	2	1	Incapacitating	1	NA	NA	FALSE	FALSE	Route 10 East and Dean Street, Providence, RI, USA	FALSE	-71.4255125	41.8252096	street_address	range_interpolated	10 dean st, providence, ri 02903, usa	NA	NA	NA	NA	41.8252096	-71.4255125	Med High	NA	NA
4325	2007-09-23	1394	01:03:00	Pedestrian	1	NA	FALSE	FALSE	1	Dorrance Street	Fulton Street	2007-09-24	One-Way Trafficway	Dry	Dark - Lighted	Clear	Head-On (Front - to - Front)	Yes, M/V and Driver Left Scene	Traffic Control Signal	3	1	Complains Of Pain	2	NA	NA	FALSE	FALSE	Dorrance Street and Fulton Street, Providence, RI, USA	FALSE	-71.4123699	41.8241644	intersection	geometric_center	fulton st & dorrance st, providence, ri 02903, usa	NA	NA	NA	NA	41.8241644	-71.4123699	Med High	NA	NA
4326	2007-09-20	1331	18:06:00	Pedestrian	1	NA	FALSE	FALSE	1	memorial blvd	STEEPLE	2007-09-21	Two-Way, Divided, Positive Median Barrier	Dry	Dusk	Clear	Head-On (Front - to - Front)	No	Traffic Control Signal	2	1	Incapacitating	4	NA	NA	FALSE	FALSE	Memorial Blvd and Steeple, Providence, RI, USA	FALSE	-71.409299	41.8273889	route	geometric_center	steeple st, providence, ri 02903, usa	NA	NA	NA	NA	41.8273889	-71.409299	Med	NA	NA